Country Name,Country Code,Mobile cellular subscriptions (per 100 people)_2018,Mobile cellular subscriptions (per 100 people)_2019,Mobile cellular subscriptions (per 100 people)_2020,Mobile cellular subscriptions (per 100 people)_2021,Mobile cellular subscriptions (per 100 people)_2022,Access to electricity (% of population)_2018,Access to electricity (% of population)_2019,Access to electricity (% of population)_2020,Access to electricity (% of population)_2021,Access to electricity (% of population)_2022,Individuals using the Internet (% of population)_2018,Individuals using the Internet (% of population)_2019,Individuals using the Internet (% of population)_2020,Individuals using the Internet (% of population)_2021,Individuals using the Internet (% of population)_2022,Statistical performance indicators (SPI): Overall score (scale 0-100)_2018,Statistical performance indicators (SPI): Overall score (scale 0-100)_2019,Statistical performance indicators (SPI): Overall score (scale 0-100)_2020,Statistical performance indicators (SPI): Overall score (scale 0-100)_2021,Statistical performance indicators (SPI): Overall score (scale 0-100)_2022
Afghanistan,AFG,59.90264778,59.78387904,58.1902139,56.55443457,,93.4,97.7,97.7,97.7,85.3,16.8,17.6,18.4,,,49.845,49.75625,54.39666667,58.01416667,58.01416667
Albania,ALB,94.36446759,91.51642864,91.35050062,92.31992041,97.88570679,100.0,100.0,100.0,100.0,100.0,65.4,68.5504,72.2377,79.3237,82.6137,77.59666667,75.38291667,82.98416667,83.44041667,83.41875
Algeria,DZA,112.4675177,106.3696091,104.842178,106.4235366,109.1653573,99.6,99.5,99.7,99.8,100.0,49.0385,58.9776,60.6534,66.2356,71.2432,52.745,55.14916667,53.40625,63.97083333,63.16083333
American Samoa,ASM,111.300214,110.7598278,104.1456707,112.5482564,125.6897392,99.8,99.75,99.85,99.9,100.0,42.359,74.84815,76.9295,80.06655,82.86435,53.57402777666667,55.08138889,54.99194444333333,60.91041666333333,59.92874999666667
Andorra,AND,110.1329103,115.1500465,103.4491634,118.6729762,142.2141211,100.0,100.0,100.0,100.0,100.0,35.6795,90.7187,93.2056,93.8975,94.4855,54.40305555333333,55.01361111,56.57763888666667,57.84999999666667,56.69666666333334
Angola,AGO,42.49094914,45.8377414,43.81009059,44.42373173,67.37347427,45.3,45.6,47.0,48.2,48.5,29.0,32.1294,36.6347,37.8067,39.2935,55.23208333,54.94583333,58.16333333,54.78958333,53.46458333
Antigua and Barbuda,ATG,87.21405882,199.7481436,198.5668652,197.3825359,99.865641885,100.0,100.0,100.0,100.0,100.0,79.6,83.2,86.8837,87.074,91.4123,60.2525,59.77083333,44.14208333,49.5775,48.15083333
Argentina,ARG,131.9371685,125.9409814,121.6001889,130.4550081,132.3578095,100.0,100.0,100.0,100.0,100.0,77.7,79.947,85.5144,87.1507,88.3754,65.27291667,64.59583333,65.2775,71.56791667,71.77291667
Armenia,ARM,126.1831509,128.2969735,124.3508359,128.961359,135.2539805,99.9,100.0,100.0,100.0,100.0,68.2451,66.5439,76.5077,78.6123,77.0277,82.39041667,82.22666667,82.93833333,83.1525,82.78583333
Aruba,ABW,118.41754025,132.4665076,132.2887836,132.3496283,121.14259165,100.0,100.0,100.0,100.0,99.9,79.12254999999999,80.0769,85.6006,86.80045000000001,85.95195,85.37729167,85.23416667000001,84.333125,86.078541665,86.36604166500001
Australia,AUS,110.6519296,110.29622,105.231579,104.5172138,107.0312028,100.0,100.0,100.0,100.0,100.0,90.0,93.6099,94.6935,94.9886,94.8762,88.36416667,88.24166667,85.72791667,89.00458333,89.94625
Austria,AUT,124.2461975,120.7891044,120.3155961,121.9694798,123.4348071,100.0,100.0,100.0,100.0,100.0,87.4791,87.7522,87.5294,92.5292,93.6141,89.505,89.12,89.77916667,90.13083333,89.99083333
Azerbaijan,AZE,101.8436601,105.0577494,100.577047,104.8878056,106.8548072,100.0,100.0,100.0,100.0,100.0,79.8,81.1,84.6,86.0,88.0,68.15625,68.14125,70.86708333,73.34375,73.49041667
"Bahamas, The",BHS,96.71589874,105.1785039,114.6450432,97.42269052,98.53872346,100.0,100.0,100.0,100.0,100.0,83.0,90.6933,92.4437,93.7667,94.4117,52.59583333,50.12416667,48.14333333,53.48791667,54.12791667
Bahrain,BHR,140.7017898,128.4065325,119.86485,131.4487123,145.4432145,100.0,100.0,100.0,100.0,100.0,98.6447,99.7015,99.671,100.0,100.0,52.8175,54.46666667,60.0125,59.65333333,59.36666667
Bangladesh,BGD,98.83168698,100.0336994,105.2911628,108.9094426,105.2642491,86.9,92.2,96.2,99.0,99.4,25.6,30.4,36.1091,38.9174,41.6152,59.02083333,58.07,61.80291667,68.73291667,69.74458333
Barbados,BRB,117.7476331,117.5408666,105.0970277,112.6006401,114.8585936,100.0,100.0,100.0,100.0,100.0,72.4,72.6,72.6766,74.8596,76.2053,67.23895833,67.602291665,71.55791667,77.43,64.6275
Belarus,BLR,119.8449004,120.1910673,121.490553,122.7801287,123.4472552,99.3,100.0,100.0,100.0,100.0,79.1299,82.7892,85.0879,86.8884,89.5073,75.45708333,77.13458333,81.31291667,86.12708333,86.65541667
Belgium,BEL,99.9891253,99.99135577,99.72332827,101.1083743,101.8707731,100.0,100.0,100.0,100.0,100.0,88.6473,90.2754,91.5264,92.7887,94.0078,82.1875,82.805,81.94833333,87.79791667,88.91958333
Belize,BLZ,64.46818089,65.51587659,66.84898207,65.9948854,105.4180316,91.7,92.7,96.8,97.7,98.6,49.8,53.3,57.0987,65.0198,70.354,58.50291667,58.75541667,59.01708333,61.62666667,61.85666667
Benin,BEN,79.24062635,84.21052161,88.11818884,97.96018203,108.9652901,39.0,40.0,41.0,42.0,56.5,19.0,20.5,22.1206,30.7419,33.7602,50.12958333,48.04625,56.3625,62.54125,62.56791667
Bermuda,BMU,85.77945848,104.9959255,106.2002186,105.9437563,101.92901577,100.0,100.0,100.0,100.0,100.0,41.25,47.3397,49.48570000000001,58.1894,60.30025,51.1875,50.01875,53.627083335,60.730833335,61.0775
Bhutan,BTN,92.31829061,95.0199294,96.4571149,100.0671395,94.89274144,100.0,100.0,100.0,100.0,100.0,63.5,74.1794,76.8508,85.6369,86.8403,52.24541667,51.99125,50.89166667,58.92041667,59.58708333
Bolivia,BOL,98.61224848,99.24869117,98.89563329,99.62307127,106.39024497,92.8,95.1,97.2,98.6,99.9,44.2861,47.4748,59.9401,65.9774,73.2831,62.0725,62.65625,64.70041667,70.80958333,71.19291667
Bosnia and Herzegovina,BIH,101.7919614,111.7477784,105.7638198,113.9969422,117.8877485,100.0,100.0,100.0,100.0,100.0,70.1201,69.9463,73.2118,75.6762,78.8455,61.23,61.2375,65.04708333,70.86,70.615
Botswana,BWA,137.9300386,149.8882667,150.3850531,160.7369816,165.3049695,68.3,70.1,71.8,73.7,75.9,58.0,64.8263,67.4756,75.2388,77.3272,56.48041667,57.34916667,60.50666667,61.37166667,61.19333333
Brazil,BRA,99.64002652,95.38505233,96.54706819,102.48887,98.89102076,99.7,99.8,99.7,99.5,100.0,70.4343,73.9124,81.3427,80.6899,80.5278,75.45,76.75375,78.3375,80.37958333,80.52458333
British Virgin Islands,VGB,131.7092467,129.1538713,113.7593012,120.9465973,108.32308778,100.0,100.0,100.0,100.0,100.0,82.71715,84.4562,88.19649999999999,88.1562,89.7491,77.85611111,78.61027777666666,69.59875,72.217291665,72.459791665
Brunei Darussalam,BRN,130.3207192,131.2182683,121.4758051,135.501254,117.7551548,100.0,100.0,100.0,100.0,100.0,95.0,95.0,95.0503,95.6225,98.9704,80.26222222,80.46680555333333,60.86,64.055,64.395
Bulgaria,BGR,117.8397093,115.3427025,113.849275,114.7677533,117.4346239,98.7,99.2,99.7,99.8,100.0,64.782,67.947,70.1625,75.2714,79.1269,82.66833333,82.32333333,83.05291667,83.97625,83.87958333
Burkina Faso,BFA,94.83338248,97.19768463,102.7626369,111.6631328,87.69796267000001,14.4,17.6,18.5,19.0,19.5,8.5,9.27181,15.5971,18.114,19.9237,53.68,53.62333333,53.16625,65.42958333,64.83291667
Burundi,BDI,54.97002994,55.00739463,54.26373457,61.67128229,57.96130144,9.5,9.8,9.1,10.2,10.3,4.0,6.1,9.17302,10.1846,11.275,54.49416667,50.91333333,49.67625,47.5375,50.66416667
Cabo Verde,CPV,106.8497659,103.232241,93.49323768,100.3820215,99.2317289,90.2,91.4,93.7,95.5,97.1,59.5,61.9434,69.3734,71.3752,72.1021,54.55625,54.66875,60.77125,66.55166667,65.69333333
Cambodia,KHM,121.1658947,132.1508925,128.6026166,119.9575768,116.3256071,80.7,84.0,86.4,82.5,92.3,44.6,52.3059,53.6508,55.6004,56.7328,56.51,56.2025,58.10041667,63.56166667,64.34666667
Cameroon,CMR,73.59740879,83.00540281,84.36916915,79.9676844,82.77764316,62.2,63.2,64.3,65.4,71.0,29.7,36.5392,41.2264,42.5456,43.8629,57.39833333,53.47666667,55.15,52.86041667,54.50041667
Canada,CAN,89.67401709,91.59004081,85.40841921,88.09065504,91.23062536,100.0,100.0,100.0,100.0,100.0,94.64,91.9129,92.3,93.2917,94.0,86.57083333,87.46583333,87.43666667,93.42083333,92.9225
Cayman Islands,CYM,57.391633080000005,149.6960716,148.5663349,146.7652929,83.55251302,100.0,100.0,100.0,100.0,100.0,49.87,49.71103,50.4328362415,51.93716982,66.72796666666666,68.24277777666667,71.16166666333334,73.12569444666666,79.00680555333332,67.76875
Central African Republic,CAF,25.10924907,30.6238199,34.26900891,33.55228751,75.87440068,14.6,14.3,15.4,15.7,15.7,5.1,7.50916,8.565672483,10.58263964,39.45593333333333,49.914722223333335,54.85749999666667,58.81472222333333,64.59277777666667,42.615
Chad,TCD,44.75798518,47.52838524,52.19169152,60.22303015,68.19628834,10.1,8.4,10.9,11.3,11.7,7.0,7.6,8.34311,11.0057,12.1839,31.58666667,38.55333333,44.50375,50.17875,49.24708333
Channel Islands,CHI,89.69725134000001,89.55291537,91.03843606,98.268217975,101.47080732,100.0,100.0,100.0,100.0,100.0,45.95,46.308800000000005,47.901205,49.9051,51.430400000000006,56.045625,60.49520833,63.572916665,67.89375,68.345416665
Chile,CHL,134.6365175,131.5774455,129.8851806,136.3134058,134.7453263,100.0,100.0,100.0,100.0,100.0,84.9,85.0176,87.4593,88.8045,90.6769,80.50458333,82.43708333,82.64208333,85.60875,87.44375
China,CHN,116.3882038,122.8132903,120.5961882,121.5382526,124.8775379,100.0,100.0,100.0,100.0,100.0,59.2,64.0809,70.0528,73.0532,75.6113,55.53625,58.21833333,57.8075,59.31875,59.59875
Colombia,COL,130.9211763,132.0713308,132.8719623,145.6931676,155.7854178,98.5,99.4,99.7,100.0,100.0,64.1264,65.0069,69.7953,73.0284,72.7964,71.11208333,73.76541667,74.06833333,86.4175,85.89916667
Comoros,COM,64.26561932,72.72164109,96.95013186,103.8731734,100.2382961,81.0,83.3,85.6,87.9,89.9,37.9132,16.3838,21.16321517,27.33694319,50.0182,55.69916666500001,53.75937499999999,60.11770833,69.420416665,68.49291667
"Congo, Dem. Rep.",COD,41.87818082,41.29072644,43.93861689,48.89330021,50.3424172,18.7,19.1,20.1,20.8,21.5,11.7,16.4812,19.8388,26.17,27.24,40.28625,33.75333333,46.16708333,52.42333333,51.08666667
"Congo, Rep.",COG,91.89382514,91.8162281,98.52300193,96.78757313,101.18378305,47.0,47.7,48.7,49.7,50.6,42.58985,48.8419,24.8206,32.7417,36.2469,36.66166667,36.57666667,39.23625,37.45541667,37.45541667
Costa Rica,CRI,168.5386493,143.7687874,146.6370492,152.0081561,152.0251489,99.7,99.7,99.9,100.0,100.0,73.4797,81.2026,80.5302,82.749,82.598,76.68916667,79.77791667,83.32625,90.00416667,89.92416667
Cote d'Ivoire,CIV,132.6110689,142.9449473,149.543339,162.1701041,174.0251271,67.1,68.6,69.9,71.1,70.4,37.5465,36.289,36.0166,38.7504,38.4133,57.27833333,56.10833333,61.46916667,64.01916667,62.24083333
Croatia,HRV,105.479914,106.6565741,106.805903,108.4252864,111.1680153,100.0,100.0,100.0,100.0,100.0,75.2946,79.0798,78.3209,81.254,82.0716,66.52166667,68.45416667,73.67333333,83.34458333,83.14625
Cuba,CUB,47.43291193,53.39569959,58.95001353,63.10466641,67.78418241,99.6,99.8,99.9,100.0,100.0,62.6789,67.9708,71.1191,67.6435,73.2178,71.25361111333333,72.56319444666667,76.43388888666667,84.14097222000001,83.78263889
Curacao,CUW,100.9029785,95.40617378,89.81023625,88.26771323,87.99285047333333,100.0,100.0,100.0,100.0,100.0,73.55625,77.0172,80.9605,79.20150000000001,81.4094,75.98555555666667,76.67222222333334,79.19444444333334,84.93736111,84.41902778
Cyprus,CYP,137.0450965,139.994482,139.6351351,148.7380631,108.20151853666668,100.0,100.0,100.0,100.0,100.0,84.4336,86.0636,90.8019,90.7595,89.601,80.7175,80.78125,81.955,85.73375,85.05541667
Czechia,CZE,120.5956604,124.3382405,123.4438209,126.4124254,128.4101866,100.0,100.0,100.0,100.0,100.0,80.6882,80.8669,81.3389,82.6706,84.5401,85.21583333,85.06083333,87.56208333,91.17791667,90.87458333
Denmark,DNK,125.1362568,124.9761468,124.4957422,125.7822877,126.549332,100.0,100.0,100.0,100.0,100.0,97.3192,98.0464,96.5491,98.8659,97.8601,86.76458333,86.54208333,87.11916667,91.58125,91.61125
Djibouti,DJI,37.36641575,38.53522459,39.81402662,44.26176127,46.32720375,62.4,64.7,64.5,65.4,65.0,58.0,59.342,62.5104,64.0414,65.0322,37.10166667,36.60625,40.79041667,46.70208333,46.55041667
Dominica,DMA,108.4675882,109.3856751,103.6294691,85.85731647,68.35930853,99.6,99.9,100.0,100.0,100.0,66.411,73.3819,75.6567,82.3506,83.3767,49.111666670000005,50.385416665,44.53958333,46.21708333,44.19208333
Dominican Republic,DOM,83.02096599,82.22940664,81.72601454,87.56486177,90.39141331,98.9,99.0,100.0,98.1,98.1,74.822,79.7155,81.6173,85.243,84.3832,61.12166667,64.16458333,64.2825,69.68958333,72.42125
Ecuador,ECU,92.69594524,91.40531396,88.04208636,94.33558884,97.16544081,98.7,99.1,98.9,100.0,100.0,57.5,59.2,70.7,70.2073,69.7181,73.41375,72.95,75.70416667,79.24333333,79.15
"Egypt, Arab Rep.",EGY,90.40274284,90.26837878,88.73336258,94.68027811,93.20626903,100.0,100.0,100.0,100.0,100.0,46.9243,57.2829,71.9142,72.056,72.1981,74.545,74.07083333,76.84583333,79.97708333,79.60041667
El Salvador,SLV,150.3024373,165.5481968,158.1030557,175.3370318,181.6273204,97.0,97.4,99.7,97.9,100.0,43.8,50.4912,54.6014,58.5986,62.8885,68.10833333,68.80333333,68.41708333,73.7575,73.76083333
Equatorial Guinea,GNQ,39.35997262,39.72876266,46.62018522,49.96671696,53.34269106,66.5,66.6,66.7,66.8,67.0,24.55,49.1337,55.0013,60.5587,66.8193,74.32388888666667,74.56013888666666,33.94708333,38.96583333,39.01416667
Eritrea,ERI,92.44165895999998,37.46979694,50.64867425,49.74709362,104.18634858,49.1,50.3,51.4,52.5,55.4,5.3,11.2,23.8002,25.0991,26.5942,80.53944444333332,80.31694444333334,59.246666665,63.500833330000006,64.283333335
Estonia,EST,145.5233453,147.0228833,144.8567221,149.0807939,155.0300061,100.0,100.0,100.0,100.0,100.0,89.357,90.2289,89.0583,90.9797,91.5202,86.755,86.07375,84.54625,88.03583333,89.5525
Eswatini,SWZ,89.85382979,91.85072327,105.8184652,120.0524881,122.1702298,74.0,77.0,80.0,82.9,82.3,39.4,43.9,49.013,56.1988,58.2502,53.71541667,47.18708333,49.88083333,54.79208333,51.66541667
Ethiopia,ETH,100.654517695,36.73307203,37.97222807,53.62352623,56.02453443,44.8,48.0,51.1,54.2,55.0,15.9,16.0,16.0696,16.6981,19.3781,53.59291667,53.59916667,50.48375,59.00041667,61.09375
Faroe Islands,FRO,111.4552056,106.3427565,112.9695698,111.9592346,80.24403392,100.0,100.0,100.0,100.0,100.0,42.400000000000006,46.59335,49.54815,49.29905000000001,52.29899999999999,55.867083335,55.6,53.549583335,61.03375,62.130416665
Fiji,FJI,110.4466178,112.143753,107.7223274,107.2344015,104.46353341,95.1,96.1,97.1,92.1,92.0,68.9,77.1867,83.0267,81.9,85.2199,58.14125,57.60083333,56.61541667,63.06708333,63.16708333
Finland,FIN,129.6355826,129.4929527,128.7646479,129.1548109,128.6830329,100.0,100.0,100.0,100.0,100.0,88.89,89.6074,92.1703,92.8081,92.9888,88.7475,88.5075,90.12083333,93.47416667,93.63583333
France,FRA,109.5588076,111.8637727,112.8271405,116.6934991,118.8472962,100.0,100.0,100.0,100.0,100.0,82.0432,83.3397,84.7064,86.0955,85.3333,86.82208333,86.56333333,87.21666667,89.9475,90.78416667
French Polynesia,PYF,101.7025866,106.1000877,110.9565448,106.2118461,106.9831755,100.0,100.0,100.0,100.0,100.0,70.8216,76.01259999999999,78.49090000000001,79.61845,79.51419999999999,57.19708333,57.30895833,58.822708335,65.906875,66.80437500000001
Gabon,GAB,133.692425,133.4416659,133.0177927,134.3173247,125.387067,89.6,90.3,91.1,91.8,93.5,59.6,68.6855,72.2754,73.1414,73.6951,27.57208333,28.05458333,30.42875,41.86625,42.82458333
"Gambia, The",GMB,130.1227936,103.0224594,104.038819,101.4408792,140.736817,60.3,62.1,62.2,63.7,65.4,28.3,35.6,44.8133,49.6646,54.1899,48.85416667,44.23375,47.45375,65.37916667,64.43916667
Georgia,GEO,144.7181513,142.7295197,135.4280451,147.7548843,156.086567,99.9,100.0,100.0,100.0,100.0,62.7179,68.8467,72.5316,76.4427,78.7113,75.44625,80.06041667,86.49625,90.36916667,90.66583333
Germany,DEU,129.6794748,128.9265144,128.8867207,127.5648538,125.2251369,100.0,100.0,100.0,100.0,100.0,87.0371,88.1345,89.8129,91.4306,91.6298,87.44166667,87.49791667,87.47625,90.97583333,90.9875
Ghana,GHA,132.601312,129.6132895,125.7336966,123.2115092,119.6243981,80.4,83.5,85.4,86.3,85.1,43.0,22.0732,62.5176,68.6,69.8405,60.17333333,61.99583333,61.29625,64.14125,64.23958333
Gibraltar,GIB,125.7197991,124.0232523,108.3465819,104.5270891,112.4322338,100.0,100.0,100.0,100.0,100.0,57.6192,48.8722,70.3167,73.54714999999999,76.5056,72.31020833,73.67833333,73.3725,76.610833335,76.4925
Greece,GRC,114.4592115,112.370475,108.5687131,110.0393141,109.0631741,100.0,100.0,100.0,100.0,100.0,72.2384,75.6712,78.1158,78.4943,83.1707,84.44708333,85.36083333,85.44875,89.08041667,88.74541667
Greenland,GRL,109.767392,110.2358263,117.7274837,118.4236261,110.592893025,100.0,100.0,100.0,100.0,100.0,66.8192,72.6417,75.6917,74.80484999999999,81.53309999999999,78.9509374975,79.278854165,81.1519791675,84.860520835,64.94354167
Grenada,GRD,97.44168486,94.670969,96.03519242,81.06733007,112.12261195,92.3,93.0,93.4,93.7,94.2,61.4,69.6122,73.2676,71.1154,79.8955,73.454791665,73.196875,76.855208335,80.640625,41.14166667
Guam,GUM,109.45468878,108.34833835,106.73729376,103.358040635,113.652330875,100.0,100.0,100.0,100.0,100.0,51.45,57.006600000000006,60.38995,60.9785,67.1499,67.9586458325,67.114895835,72.5584375025,76.420729165,56.56625
Guatemala,GTM,121.4676927,122.0257077,117.4393951,125.6487512,115.1820498,94.2,95.4,96.6,97.9,99.1,41.5,44.401,47.5123,50.8416,54.4043,62.4625,61.03291667,68.26166667,72.20083333,71.99083333
Guinea,GIN,95.6840313,99.96476034,104.466802,101.9442494,120.55725345,45.0,42.2,44.7,46.8,47.7,21.83,23.3663,29.3934,31.311,33.923,39.96791667,45.87541667,49.4475,57.8525,57.9025
Guinea-Bissau,GNB,76.91042128,80.71131758,94.94153271,108.5305095,125.9324571,28.4,30.9,33.4,35.8,37.4,15.7,22.9201,28.1686,28.5397,31.567,41.68666667,33.4025,31.90291667,37.30916667,39.98916667
Guyana,GUY,68.434440455,97.40182509,107.375546,106.3926311,109.31517943333333,90.9,91.6,92.3,92.9,93.0,51.1,61.1,73.1413,81.0716,85.3163,42.47083333,41.48958333,51.84375,56.3075,56.45083333
Haiti,HTI,59.95845963,61.31820274,64.73094691,63.9349717,92.69790176666666,44.4,45.4,46.3,47.2,49.3,32.4736,39.262,36.39474796,38.94501834,72.5149,44.9125,37.51625,39.92208333,39.57208333,39.58541667
Honduras,HND,77.49076112,75.91082245,68.76918576,73.55959801,76.0806241,91.6,91.1,93.1,94.1,94.4,36.0401,39.3884,45.2483,51.9801,59.7135,61.07,61.17625,60.54458333,60.4525,60.95083333
"Hong Kong SAR, China",HKG,265.9712453,286.2244771,291.4989659,319.4262706,291.9103362,100.0,100.0,100.0,100.0,100.0,90.5074,91.7434,92.4131,93.0872,95.6136,73.018333335,73.005208335,73.154166665,74.77479166500001,74.43145833
Hungary,HUN,102.7165638,105.1259564,105.9697831,106.9277943,104.0561504,100.0,100.0,100.0,100.0,100.0,76.0744,80.3717,84.7712,88.6408,89.1428,84.96666667,84.83416667,85.76375,89.09708333,87.91208333
Iceland,ISL,116.5506905,114.5997217,114.9221778,118.0741761,122.5171495,100.0,100.0,100.0,100.0,100.0,99.011,99.5049,99.5328,99.687,99.8565,78.29458333,78.01333333,83.27166667,86.58625,86.88291667
India,IND,85.90350833,83.25286162,82.621059,81.98893361,80.64857717,95.7,95.9,96.5,99.6,99.2,20.0813,29.5235,43.4054,80.89574999999999,83.17054999999999,69.08208333,70.36708333,72.65541667,75.25458333,74.19625
Indonesia,IDN,119.6084851,126.5946679,130.8110952,133.6505363,114.9005566,98.5,98.9,97.0,99.2,100.0,39.9046,47.6906,53.7265,62.1045,66.4846,72.35125,72.2025,74.92208333,78.77916667,78.9575
"Iran, Islamic Rep.",IRN,103.6264522,136.3859613,146.2076628,154.5542763,164.5020873,100.0,100.0,100.0,100.0,100.0,70.2006,72.4509,75.5699,78.5957,81.717,56.93208333,56.68833333,52.17208333,57.71875,58.71875
Iraq,IRQ,89.9894631,89.56113197,88.05916556,93.60441472,98.18424176,99.9,100.0,100.0,100.0,100.0,33.9,44.3263,53.6778,65.0022,78.7156,35.47791667,34.80166667,41.84458333,58.19375,56.32875
Ireland,IRL,102.8335051,105.3980591,105.8205231,107.7677124,113.2768198,100.0,100.0,100.0,100.0,100.0,87.0001,87.0001,91.9999,94.456,95.5905,86.2975,87.0375,88.70458333,91.98166667,91.28666667
Isle of Man,IMN,114.68182385,120.65969835,122.96458075,124.10810975,132.7495331,100.0,100.0,100.0,100.0,100.0,85.36664999999999,86.894,91.0636,92.37645,93.72065,81.825416665,82.586666665,83.75125,86.61458333499999,87.27125000000001
Israel,ISR,126.5301426,135.9213376,140.1086384,140.4485071,152.2222464,100.0,100.0,100.0,100.0,100.0,83.7332,86.7879,90.1273,90.2969,91.8508,77.35333333,78.13583333,78.79791667,81.2475,83.25583333
Italy,ITA,139.1884938,133.0713342,130.3870472,131.86107,132.971226,100.0,100.0,100.0,100.0,100.0,74.3872,67.8507,70.4834,74.8623,85.0607,90.18458333,89.86583333,89.62333333,91.6525,91.89416667
Jamaica,JAM,105.44623,107.4668426,101.8728665,102.7483172,106.2021796,98.2,98.9,99.7,100.0,100.0,68.2145,70.841,76.384,82.3607,85.1185,55.32041667,54.64291667,56.44166667,63.23583333,61.63916667
Japan,JPN,142.4668807,148.2722187,155.7389638,160.8817412,167.5231573,100.0,100.0,100.0,100.0,100.0,88.7464,92.7304,90.2195,82.9141,84.9234,85.35916667,85.80916667,88.42666667,90.20458333,89.87291667
Jordan,JOR,83.47869848,72.70773421,63.94061117,65.26176509,67.56799743,99.9,99.9,99.9,99.9,100.0,65.2,70.0847,78.4178,86.0,90.5,58.71666667,62.01041667,72.31416667,76.31166667,78.165
Kazakhstan,KAZ,140.6055713,137.1299254,128.0024709,127.4765953,130.4206754,100.0,100.0,100.0,100.0,100.0,78.9039,81.8776,85.9426,90.924,92.2969,78.93166667,78.55916667,81.01166667,78.31916667,78.19083333
Kenya,KEN,99.09540718,107.0734925,118.1263492,122.7902388,121.6735548,61.2,69.7,71.5,76.5,76.0,19.5,22.6688,27.5774,38.2459,40.8137,54.96291667,54.53791667,53.81583333,66.06166667,66.31333333
Kiribati,KIR,43.62598354,43.99352871,43.22257718,40.83989013,48.82650573,87.5,89.3,91.0,92.8,94.4,32.9864,42.9917,52.0585,54.0494,54.4214,24.1175,24.4975,35.15541667,42.67916667,43.77083333
"Korea, Dem. People's Rep.",PRK,86.01554457,16.51301564,23.19515861,23.10188288,98.707283015,46.3,48.4,50.5,52.6,54.7,64.50465,69.57465,74.2818,75.81035,75.795,54.466041665000006,56.390625,61.66166667,65.39,65.806666665
"Korea, Rep.",KOR,128.4051056,132.9873505,136.0094467,140.5658819,148.5880603,100.0,100.0,100.0,100.0,100.0,96.0229,96.1576,96.5051,97.5713,97.1686,84.81458333,88.28375,88.16791667,88.10083333,87.8425
Kosovo,XKX,146.43030075,148.98481485,145.6384001,151.67111075,164.79155724999998,100.0,100.0,100.0,100.0,100.0,89.443,97.85015,97.8055,98.63565,98.5061,72.854375,76.25333333500001,76.58937499999999,79.16312500000001,78.51645833500001
Kuwait,KWT,164.4554959,164.9822792,155.2673535,162.7763396,180.9950542,100.0,100.0,100.0,100.0,100.0,99.5988,99.5427,99.1059,99.7,99.8436,60.89416667,64.22291667,65.01083333,70.22541667,69.19041667
Kyrgyz Republic,KGZ,140.3591937,136.3543926,132.4695239,130.3819712,159.6952921,100.0,99.9,99.9,99.7,99.7,62.8,64.1,72.0,74.6424,79.7703,75.82125,78.6325,80.675,80.45416667,81.45583333
Lao PDR,LAO,51.54585373,64.29411986,63.34796067,64.95535792,138.39553,92.9,98.4,99.3,100.0,100.0,36.3,47.0323,54.0,62.0,66.1548,48.87875,54.11208333,57.00666667,59.84708333,60.39541667
Latvia,LVA,106.9512252,108.0924889,108.1340417,115.358508,117.0957679,100.0,100.0,100.0,100.0,100.0,83.5772,86.1355,88.898,91.1796,91.0301,83.99916667,83.71916667,83.73916667,87.14625,88.80625
Lebanon,LBN,74.34556707,73.29697162,75.72450204,76.67627276,92.306805915,99.7,100.0,100.0,100.0,100.0,80.9,84.3,87.8607,87.8626,90.0522,45.44291667,51.87041667,54.72375,59.91333333,58.48833333
Lesotho,LSO,71.9803805,75.55517315,69.32469722,79.83391293,67.51784393,47.0,44.6,47.5,50.4,50.0,40.8,42.3017,40.4172,43.6957,47.0368,55.70416667,55.22541667,53.12291667,57.12583333,57.4625
Liberia,LBR,89.25701103333333,38.85431717,32.49086403,31.82876165,136.07323651500002,22.8,23.1,27.6,29.8,31.8,18.9,23.4826,27.4519,27.8136,30.1275,48.10625,49.42833333,59.25583333,63.19125,64.89458333
Libya,LBY,106.53364156666666,173.5400713,174.6934374,206.7027087,204.6286291,67.0,68.5,69.4,70.2,70.0,39.1742,58.314350000000005,87.5754,84.3378,88.4281,23.40916667,21.4075,22.91125,22.71625,24.36625
Liechtenstein,LIE,123.8102721,124.0787901,126.1404686,126.0867338,126.2796552,100.0,100.0,100.0,100.0,100.0,59.4484,93.1461,94.3499,95.5694,96.8046,54.423958335,53.170625,54.66375000000001,55.494166665,56.245000000000005
Lithuania,LTU,130.8936876,130.0157981,130.2002612,133.7323188,139.1367809,100.0,100.0,100.0,100.0,100.0,79.7226,81.5819,83.0555,86.9305,87.7242,85.43875,84.93375,86.41625,88.27208333,88.12375
Luxembourg,LUX,131.3674819,131.9105832,132.9505076,137.0751156,156.82902385,100.0,100.0,100.0,100.0,100.0,97.0613,97.1206,98.4596,98.6609,98.242,78.86375,78.33125,83.905,88.41333333,87.84166667
"Macao SAR, China",MAC,335.0574739,420.8530977,412.9927856,185.6588995,174.5212668,100.0,100.0,100.0,100.0,100.0,83.7941,86.4679,87.4623,88.4681,89.7864,64.52562499999999,65.155833335,68.953541665,71.39708333,70.794583335
Madagascar,MDG,39.68745918,47.22673416,56.2228538,56.30041625,70.18472487,36.5,31.0,32.0,35.1,36.1,8.7,11.8314,15.8196,18.1313,20.5777,50.1875,51.98041667,54.00208333,54.38083333,53.7475
Malawi,MWI,38.52869707,47.17691214,51.6315658,60.03162334,60.12725997,18.0,11.2,11.5,14.2,14.0,8.0,14.6,22.2466,26.9325,27.6609,53.99791667,56.64041667,58.35458333,65.12583333,64.81416667
Malaysia,MYS,130.908501,135.9610804,131.6976181,140.5905675,141.2923164,100.0,100.0,100.0,100.0,100.0,81.201,84.1871,89.555,96.7514,97.3986,72.61416667,71.05041667,72.93708333,75.58958333,76.62125
Maldives,MDV,175.1750865,164.1286164,139.513022,135.3978652,136.5417622,100.0,100.0,100.0,100.0,100.0,70.9,77.4697,79.0978,85.2343,83.9119,50.735,52.8975,62.89708333,62.89875,61.81541667
Mali,MLI,110.1396447,111.4650138,119.2779414,111.0929919,114.4971206,50.9,47.9,50.6,53.4,53.0,21.4,22.3111,28.3043,30.4642,33.0528,54.58666667,51.92791667,53.72125,57.29291667,59.14125
Malta,MLT,125.2767573,125.9617103,122.8511054,123.3832876,131.5920538,100.0,100.0,100.0,100.0,100.0,81.658,85.7786,86.8588,87.4698,91.5406,73.78833333,74.61833333,78.1625,80.43708333,80.25208333
Marshall Islands,MHL,116.10138435,35.77177607,36.85447091,38.04994055,122.35623345,95.3,96.8,98.3,99.8,100.0,58.379000000000005,64.04965,71.2288,72.2377,73.2238,20.96041667,20.86041667,35.45958333,36.3,35.525
Mauritania,MRT,106.9260114,107.4581053,129.1269247,141.1137094,113.1204131,43.6,44.9,45.4,47.7,49.0,35.1,42.3207,41.0726,43.7936,44.3616,46.61875,48.06875,49.51791667,56.97416667,58.85916667
Mauritius,MUS,148.0645463,143.9967785,147.3924126,151.765127,161.3582163,99.8,100.0,99.5,99.6,100.0,58.5962,61.73,67.7329,71.6,75.5,77.30125,75.91375,75.08583333,74.48583333,77.30916667
Mexico,MEX,96.89668563,97.561569,97.53972081,99.81384101,100.2881985,99.5,99.6,99.4,100.0,100.0,56.6596,69.6321,71.4902,75.6265,78.6322,87.76833333,87.50708333,87.99708333,89.12083333,88.56416667
"Micronesia, Fed. Sts.",FSM,106.327395715,20.65039774,19.62428416,19.4464824,113.85222785,78.3,80.1,81.9,83.6,85.3,36.6,38.0,39.3833,39.9648,40.5434,24.45583333,23.81958333,36.31041667,36.15583333,35.2975
Moldova,MDA,115.7581058,116.2198572,110.876909,127.3941322,127.4162572,100.0,100.0,100.0,100.0,100.0,50.3,57.7605,58.2153,60.4747,63.5349,75.62125,79.3225,82.26125,83.33416667,82.76916667
Monaco,MCO,88.27945664,91.22158017,96.10801148,102.0171182,106.8167485,100.0,100.0,100.0,100.0,100.0,48.715,83.3397,98.5709,98.3776,98.3776,76.04166666500001,77.802916665,82.057916665,83.579583335,83.40708333500001
Mongolia,MNG,133.4403606,136.705791,132.467372,140.012223,142.2895592,98.1,98.9,99.5,100.0,100.0,47.13,51.08,62.5,81.6068,83.9145,76.46208333,76.28333333,81.85458333,83.825,84.045
Montenegro,MNE,179.6504897,182.5833286,171.7021595,178.3957863,203.1681662,100.0,100.0,99.9,99.8,100.0,71.5171,73.4767,77.6088,82.2197,88.2219,64.74041667,67.01916667,73.15208333,79.53416667,78.05416667
Morocco,MAR,124.1715549,127.9529984,133.893994,137.4592738,122.619874405,98.1,99.6,100.0,100.0,100.0,64.8039,84.1204,84.1204,88.1303,89.9,59.8575,59.01625,63.16625,73.29375,72.26041667
Mozambique,MOZ,47.83274319,48.7801676,49.59621356,42.66671846,42.07158261,31.1,29.7,30.6,31.5,33.2,10.9,14.6386,17.8299,19.9696,21.207,54.77458333,56.24041667,55.20833333,57.11708333,58.69041667
Myanmar,MMR,116.0975729,154.4969145,147.0303762,126.2686102,106.6964737,66.1,68.3,70.4,72.5,73.7,33.7204,48.1377,41.95429049,44.02167324,41.711,60.93666667,63.76291667,65.3975,70.10083333,71.9575
Namibia,NAM,114.6990872,115.4093117,116.4327399,115.2226488,113.1970166,52.3,53.3,52.3,55.2,56.2,42.8,49.8,57.8608,61.1132,62.215,52.18166667,52.21416667,53.63833333,58.26583333,55.77083333
Nauru,NRU,126.0674845,82.42664029,81.20178644,79.92327366,114.8197667,99.9,100.0,100.0,100.0,100.0,35.7,74.7379,81.6554,83.3424,82.6668,53.28375,53.135,55.474166665,61.633541665,32.60708333
Nepal,NPL,137.4358818,134.2096779,130.203706,127.2282803,116.4425168,93.9,89.9,89.9,89.9,91.3,28.6,34.8055,37.6984,41.6083,49.5609,54.38583333,54.05583333,57.31,65.00125,61.98458333
Netherlands,NLD,122.1100816,125.3335923,122.8307665,125.0621654,118.0652669,100.0,100.0,100.0,100.0,100.0,91.8919,93.2886,91.3333,92.053,92.5197,88.21958333,88.26583333,88.58708333,92.86541667,92.82541667
New Caledonia,NCL,126.3538529,91.10851024,90.78117198,90.34051425,116.3775678,100.0,100.0,100.0,100.0,100.0,90.44595,91.57615,93.28375,93.89255,94.1248,85.859791665,86.884791665,85.964166665,91.08166667,90.78416667
New Zealand,NZL,130.5976242,121.2131234,123.2134933,113.9631575,114.6898687,100.0,100.0,100.0,100.0,100.0,89.0,89.8637,95.2342,95.7321,95.7299,83.5,85.50375,83.34125,89.29791667,88.74291667
Nicaragua,NIC,113.2267851,86.86221512,88.25160841,97.10898703,110.35516696666669,85.2,85.7,86.0,86.3,86.5,37.6,44.9164,54.8543,54.7975,61.0524,49.52416667,51.65791667,52.33125,53.25791667,52.72791667
Niger,NER,100.14700629,51.69473548,58.5157033,56.38600069,106.02046523333333,17.6,18.5,18.7,18.6,19.5,32.65,16.6119,13.8406,15.3108,16.937,56.54583333,57.01583333,56.45791667,65.05791667,65.26958333
Nigeria,NGA,87.06722748,90.79595497,98.03255552,91.43723303,101.6857635,56.5,55.4,55.4,59.5,60.5,27.7,29.7,31.8888,32.3318,35.4563,49.73375,53.57541667,56.62416667,59.37458333,58.60958333
North Macedonia,MKD,93.16855383,90.86343805,88.20817101,92.29897353,97.83329942,99.8,100.0,100.0,100.0,100.0,79.1678,81.4129,81.4055,83.0182,84.2304,70.14875,72.03875,77.72208333,83.185,83.46166667
Northern Mariana Islands,MNP,100.429790715,99.428818675,98.246821005,100.993721115,104.25607676,100.0,100.0,100.0,100.0,100.0,87.82974999999999,89.70644999999999,88.00655,91.0091,91.6152,80.155625,81.06625,84.09520832999999,88.057083335,88.47874999999999
Norway,NOR,107.6910276,107.9941993,108.285471,109.6884687,110.6788541,100.0,100.0,100.0,100.0,100.0,96.4917,98.0,94.6076,99.0,99.0,90.1625,90.09375,90.46833333,92.92916667,93.49583333
Oman,OMN,139.9674164,138.2321115,140.0686492,135.0769728,96.212883385,100.0,100.0,100.0,100.0,100.0,85.5,90.2594,95.2323,95.7747,97.849,57.60125,58.53625,63.16791667,64.56791667,66.13125
Pakistan,PAK,70.07944774,74.07560451,77.3005648,81.55130785,81.74691267,93.4,93.9,94.5,94.9,95.0,15.34,17.0709,18.9348,24.9775,32.9486,61.04458333,60.67541667,63.41375,70.01,71.13333333
Palau,PLW,103.73145312,133.9584729,133.5410639,133.1557923,132.927167,100.0,100.0,100.0,100.0,100.0,38.57275,40.34965,45.772400000000005,49.01655,53.27855,59.47645833,60.13,51.96375,51.74625,48.32125
Panama,PAN,137.3834585,137.6404715,142.2454753,147.7006123,156.3065885,93.8,93.9,95.3,95.3,95.0,61.8055,63.6284,72.61,73.0556,73.6085,57.90833333,59.58458333,65.29541667,67.62833333,70.48666667
Papua New Guinea,PNG,46.09170728,47.52430342,49.41720925,48.42485057,142.0057786,16.6,23.6,20.5,20.9,19.0,63.3995,19.9783,24.3969,25.7426,26.991,40.925,40.84625,44.78208333,45.81708333,45.98208333
Paraguay,PRY,115.4634996,118.8639678,118.8308269,118.9635011,127.7049687,99.6,99.7,99.7,100.0,100.0,64.9935,68.5176,73.9575,77.0184,76.2592,58.97208333,61.05625,64.84375,74.37875,75.83375
Peru,PER,130.8994047,121.3854737,118.176464,127.8361756,122.0264016,95.2,95.6,96.2,95.6,96.2,55.0543,59.9505,65.2518,71.1078,74.675,69.10625,68.84625,69.07958333,72.96666667,73.27166667
Philippines,PHL,123.9757392,151.5865313,133.3257005,143.4358742,144.0428223,94.2,95.3,96.4,97.5,94.8,44.1,43.0266,53.7649,63.4019,75.2111,75.87958333,75.72333333,79.48208333,83.74958333,83.37791667
Poland,POL,125.3471416,125.7168536,128.4226449,132.058828,131.9444373,100.0,100.0,100.0,100.0,100.0,77.5417,80.4359,83.1849,85.3749,86.9411,88.55958333,89.07083333,89.24041667,91.0925,91.5725
Portugal,PRT,115.2549871,115.7418865,115.078977,120.9425503,124.5494123,100.0,100.0,100.0,100.0,100.0,74.661,75.3464,78.2617,82.309,84.4969,86.28916667,86.24916667,85.64625,88.73541667,89.31375
Puerto Rico,PRI,100.3319104,102.4016319,106.8204687,112.4430134,119.7930948,100.0,100.0,100.0,100.0,100.0,70.8564,77.7364,88.95725,84.7867,87.2918,69.325208335,74.63041666999999,73.20125,79.830833335,79.981666665
Qatar,QAT,142.6223429,139.5526559,137.6081235,144.2023856,174.1281471,100.0,100.0,100.0,100.0,100.0,99.6528,99.6528,99.6528,100.0,100.0,52.36125,63.01166667,60.75625,70.92625,70.64958333
Romania,ROU,115.4396415,116.1173683,116.1812357,118.6275646,118.1071502,99.8,100.0,100.0,100.0,100.0,70.6813,73.6575,78.4553,83.5904,85.5031,76.49916667,77.50791667,84.45791667,79.74125,84.32291667
Russian Federation,RUS,157.431312,164.3876311,163.5893357,168.9847242,98.98360042,100.0,99.8,99.9,100.0,100.0,80.8647,82.6422,84.9947,88.2138,90.418,75.71333333,78.19041667,80.195,83.50041667,84.07041667
Rwanda,RWA,77.40789677,75.25147588,80.74026868,80.99152957,79.86005064,38.0,46.6,45.2,48.7,50.6,19.2,21.358,23.8,29.432,34.4405,66.70625,67.29208333,70.23958333,71.35958333,70.57958333
Samoa,WSM,47.68694475,39.6404049,32.10362492,31.54083853,60.40057199,99.8,99.2,100.0,98.3,98.3,49.1,61.2106,69.9561,76.2853,75.2869,58.56708333,57.04708333,58.92916667,61.59041667,62.44875
San Marino,SMR,112.7181169,113.3770262,114.6822713,118.5325668,121.8062983,100.0,100.0,100.0,100.0,100.0,43.55,67.8507,77.95,81.67,85.0607,54.139375,48.45895833,55.671458335,58.101458335,58.638958335
Sao Tome and Principe,STP,76.9409115,77.24220523,79.67535824,84.81983981,86.77896033,71.0,75.1,76.8,78.5,78.0,38.0,44.3,51.5547,56.1138,56.9899,49.71166667,39.87083333,52.41375,54.6125,54.82916667
Saudi Arabia,SAU,117.9691219,115.2711969,120.052537,126.3611144,132.3800002,99.9,100.0,100.0,100.0,100.0,93.31,95.7247,97.8623,100.0,100.0,59.12166667,63.38541667,70.99708333,78.6325,80.76583333
Senegal,SEN,106.3244864,111.7482578,116.079391,117.676782,120.4336409,66.0,70.4,64.3,68.0,67.9,35.3,43.4,53.3088,54.9741,59.9832,61.50375,63.57375,68.28583333,72.45958333,72.20625
Serbia,SRB,121.0748239,122.0477413,120.2168595,123.7205974,155.97103545,100.0,99.8,100.0,100.0,100.0,73.3607,77.4168,78.368,81.1659,83.5383,75.28541667,75.79291667,81.19208333,81.8175,80.83583333
Seychelles,SYC,173.563787,185.5593454,173.8823083,172.6683573,191.50843,100.0,100.0,100.0,100.0,100.0,69.2,76.6,84.8223,80.7475,86.6654,48.30041667,48.63416667,59.51166667,64.28583333,65.98416667
Sierra Leone,SLE,80.84116316,83.63300421,83.60731215,97.70150515,173.99374154999998,26.1,22.7,26.3,27.5,29.4,15.8,20.8,27.4681,27.595,30.3518,53.91833333,53.48333333,54.015,58.50625,59.19958333
Singapore,SGP,147.3617155,154.0006188,142.8931601,147.480416,156.4790531,100.0,100.0,100.0,100.0,100.0,88.1656,88.9493,92.0043,96.9247,95.9539,74.26166667,75.09916667,81.20375,85.73458333,86.55791667
Sint Maarten (Dutch part),SXM,140.158182,144.83709995,138.2427424,141.31395855,144.20225365,100.0,100.0,100.0,100.0,100.0,84.30725,85.9015,90.9626,92.92515,92.5108,79.988958335,80.34708333500001,83.567083335,87.71229166500001,87.84895833499999
Slovak Republic,SVK,132.9546485,135.6735811,133.5923247,135.1475011,131.9254542,100.0,100.0,100.0,100.0,100.0,80.4489,82.8537,89.9209,88.9256,89.0677,85.71625,85.595,85.93041667,89.69,89.14
Slovenia,SVN,117.0914525,118.8876247,120.4592752,123.0185759,126.1838135,100.0,100.0,100.0,100.0,100.0,79.75,83.1084,86.6013,89.004,88.9125,89.01,88.93125,89.11708333,92.23666667,92.53333333
Solomon Islands,SLB,73.11789627,70.83273456,68.57738104,66.96324509,88.22046044,65.8,69.4,72.9,76.3,76.0,20.9,28.7,39.5527,47.3313,44.9575,42.77333333,41.66458333,41.31166667,48.01416667,48.1975
Somalia,SOM,49.6592909,51.47891598,53.48002324,51.82360917,50.25710738,50.7,49.2,49.9,49.3,48.9,41.65,49.19845,15.0237,19.8606,27.6,19.67916667,19.61791667,30.33083333,45.60833333,48.38333333
South Africa,ZAF,161.1938374,166.9433215,163.1909795,168.9243909,167.3958702,84.7,85.0,90.0,89.3,86.5,62.4,69.6969,72.1128,74.1534,74.703,75.41625,73.475,77.33416667,80.87958333,82.38125
South Sudan,SSD,18.43380633,21.26759221,12.6718012,30.48067634,30.02012982,6.3,6.8,7.3,7.7,8.4,4.8,6.7,9.27123,9.64241,12.1407,24.69583333,30.48916667,29.51458333,36.19208333,33.83041667
Spain,ESP,115.7483421,117.4481914,117.4899328,119.623109,124.0994495,100.0,100.0,100.0,100.0,100.0,86.1072,90.7187,93.2056,93.8975,94.4855,87.84541667,88.85416667,86.77041667,90.70083333,91.4075
Sri Lanka,LKA,140.3243174,130.9608639,136.9116134,141.2920218,143.0794174,99.6,99.8,100.0,100.0,100.0,28.3,32.0,36.1847,44.4531,50.1067,73.75916667,74.04791667,75.51916667,79.27541667,79.05041667
St. Kitts and Nevis,KNA,149.9005465,136.7035547,131.2392427,119.1089358,132.425005375,100.0,100.0,100.0,100.0,100.0,68.6,69.4,70.2753,69.1294,76.4575,62.362291670000005,62.46604167,34.775,49.23416667,50.0025
St. Lucia,LCA,103.9665407,82.75703734,81.41789921,95.63211097,121.77059335,100.0,100.0,100.0,100.0,100.0,69.4,72.5,75.8162,75.122,74.1859,50.96541667,50.88416667,60.24708333,66.23166667,66.00333333
St. Martin (French part),MAF,105.38515105,87.30366448999999,88.66846486,94.892216205,111.116181325,100.0,100.0,100.0,100.0,100.0,62.7,73.23415,76.62155,76.92240000000001,75.96385000000001,47.851458335,47.407708335,56.541666665,60.383958335,60.64645833
St. Vincent and the Grenadines,VCT,106.8037614,91.85029164,95.91903051,94.15232144,100.4617693,100.0,100.0,100.0,100.0,100.0,56.0,73.9683,77.4269,78.7228,77.7418,44.7375,43.93125,52.83625,54.53625,55.28958333
Sudan,SDN,71.66925335,76.36493565,79.19626937,75.55500225,73.96660858,55.3,57.6,59.7,61.8,63.2,24.6,25.9,26.4383,27.6336,28.7045,44.085,39.16125,41.50583333,43.57875,43.57875
Suriname,SUR,126.7057876,135.5726544,148.145421,147.8293071,150.2880072,97.4,97.9,98.4,98.8,99.0,55.1,62.0,69.8369,71.992,75.7614,52.71,50.80291667,57.19333333,61.61583333,61.5175
Sweden,SWE,124.246327,125.5936109,123.3665446,124.3473047,125.0711442,100.0,100.0,100.0,100.0,100.0,89.247,94.4934,94.5394,94.6703,95.0097,88.72166667,88.52416667,89.58875,92.60958333,92.22791667
Switzerland,CHE,126.7095617,126.9492891,127.4054064,123.4337574,119.5610489,100.0,100.0,100.0,100.0,100.0,91.8,93.1461,94.3499,95.5694,96.8046,88.25583333,87.015,87.92333333,89.55333333,88.79666667
Syrian Arab Republic,SYR,88.60117817,88.23642913,80.20304156,79.67746006,110.34064867333332,86.0,89.2,89.0,88.8,89.0,33.77,34.65,35.78,61.9547,66.4459,25.98875,26.45375,25.44083333,31.40708333,31.92041667
Tajikistan,TJK,109.5514394,117.7572718,121.3847714,118.8094765,101.12024844666666,99.3,99.4,99.5,99.6,100.0,25.435,26.46365,27.5441,28.34,36.0872,55.51666667,55.76041667,56.87541667,55.37208333,53.42708333
Tanzania,TZA,74.87851487,79.64452642,83.00888599,84.99103625,91.89984822,34.9,37.7,39.9,42.7,45.8,17.1,18.2773,25.6424,29.7016,31.8913,58.02125,58.07125,62.36416667,63.45916667,67.33416667
Thailand,THA,175.8777812,181.7670258,162.7043297,168.7823161,176.3169269,99.8,99.9,100.0,100.0,99.9,56.8175,66.6524,77.8437,85.2696,87.9772,76.35333333,76.11083333,79.2675,80.17416667,82.51416667
Timor-Leste,TLS,116.3766548,111.3100361,105.9938692,104.9381426,110.4161199,85.2,90.6,96.0,100.0,99.7,27.6,28.0046,32.0127,35.5407,40.7521,51.27833333,51.04208333,50.93458333,55.99708333,59.86041667
Togo,TGO,76.36078188,75.68981987,77.18623928,72.35295227,74.18189659,50.0,52.5,54.1,55.7,57.2,15.5,20.7273,29.0237,32.5051,37.6212,60.59916667,60.88041667,62.40875,67.43666667,66.68166667
Tonga,TON,102.6514503,59.17428133,58.90512475,60.67706123,102.374147195,99.0,98.4,99.9,100.0,100.0,53.4,61.78962999,66.64843101,57.5486,58.80275,54.55854167,51.465208335,56.13083333,61.67375,59.89375
Trinidad and Tobago,TTO,131.0947831,142.3545434,130.9488475,130.8832291,130.5663978,100.0,100.0,100.0,100.0,100.0,72.8,75.0,77.2813,79.0,79.9843,48.51791667,42.05,45.70291667,56.61083333,55.44583333
Tunisia,TUN,123.7705691,122.5882901,122.1279008,127.5767095,129.2577838,99.8,100.0,99.9,99.9,100.0,64.1908,66.7,68.5564,68.3155,73.8379,63.885,64.0675,65.93625,73.89666667,75.12666667
Turkiye,TUR,96.74999684,96.77676962,97.61417509,101.785223,105.807654,100.0,100.0,100.0,100.0,100.0,71.0428,73.9767,77.6696,81.4084,83.4372,85.82333333,84.63791667,85.3125,87.5825,87.71416667
Turkmenistan,TKM,96.31801204,97.45608452,98.62952004,98.62541796,96.85231375,100.0,99.9,100.0,100.0,100.0,54.7821,56.986978773,76.9272,81.69496666666667,82.68856666666667,20.98708333,23.47083333,27.17125,28.675,31.355
Turks and Caicos Islands,TCA,87.27543492000001,89.80142670500001,89.96883898,89.47693604,87.8969735,100.0,100.0,99.4,100.0,99.9,38.5214,39.997257546,76.18480000000001,81.98153333333333,81.93993333333333,36.66194444333333,38.17083333,40.40375,42.72444444333333,34.747083335
Tuvalu,TUV,78.2328578,82.14676889,81.30815792,80.32845412,78.94163325,99.0,99.7,99.4,99.7,100.0,22.2607,23.007536319000003,75.4424,82.2681,81.1913,52.33680555666666,52.87083333,53.63625,56.77388888666667,38.13916667
Uganda,UGA,58.94688705,59.12932943,62.35610757,65.70386414,69.986293,41.9,41.3,42.1,45.2,47.1,6.0,6.017815092,7.4,10.0,87.46086666666666,68.01166667,67.57083333,66.86875,70.82333333,70.74166667
Ukraine,UKR,127.753861,130.6294363,129.3411657,135.025689,141.10355514999998,100.0,100.0,100.0,100.0,100.0,62.5532,70.1248,75.0379,79.2183,93.73043333333334,69.56791667,72.48416667,76.84583333,80.38916667,78.86916667
United Arab Emirates,ARE,219.700673,212.804439,197.8438703,194.7336208,212.2208173,100.0,100.0,100.0,100.0,100.0,98.45,99.15,100.0,100.0,100.0,59.25666667,59.66916667,66.50083333,79.29333333,79.545
United Kingdom,GBR,118.7527408,120.8484884,117.8163133,118.5668355,120.8191165,100.0,100.0,100.0,100.0,100.0,90.692,92.5166,94.8182,95.2591,95.3412,83.51958333,83.36833333,83.55,87.19833333,87.145
United States,USA,104.847944,106.4140195,104.9353748,107.319451,110.1664718,100.0,100.0,100.0,100.0,100.0,88.4989,89.4303,96.5768,96.7792,97.1299,88.91625,88.92375,89.565,92.75,92.79
Uruguay,URY,130.1172556,132.0241348,132.7256301,136.9212202,138.526391,99.8,99.9,100.0,100.0,100.0,80.7268,83.3515,85.471,87.6444,89.873,68.4675,66.82541667,70.64583333,79.27333333,77.74833333
Uzbekistan,UZB,71.57614633,101.2222235,99.58344787,102.8976203,103.0681174,100.0,100.0,100.0,99.9,100.0,55.2,70.4,71.1,76.5904,83.9,51.21291667,54.91,65.46333333,70.38833333,70.57166667
Vanuatu,VUT,84.57103647,87.1273045,79.00027271,78.2951469,78.19948583,61.6,64.5,67.3,70.0,70.0,39.5,50.7305,64.286,68.612,69.8888,39.50916667,40.69166667,41.95791667,50.63833333,51.22
"Venezuela, RB",VEN,69.50784615,63.77343008,58.06789032,60.31557029,63.41889546,99.9,99.8,99.9,100.0,100.0,54.67395,59.69605,67.293,71.411,74.2394,45.03833333,43.865,47.61625,49.57,52.25
Viet Nam,VNM,148.1748225,142.2374996,143.7522156,138.8654955,139.9496874,100.0,99.4,99.8,100.0,100.0,69.8479,68.6616,70.3,74.21,78.59,66.625,65.95875,68.49708333,72.10333333,72.16666667
Virgin Islands (U.S.),VIR,119.075288025,79.34461349,79.64795603,79.92726619,129.33312493333332,100.0,100.0,100.0,100.0,100.0,67.12395000000001,69.6421,73.155,78.02,83.61845,68.41312500000001,68.194166665,72.677916665,77.90125,77.767083335
West Bank and Gaza,PSE,89.97575355,86.32538513,79.63152961,77.60221248,118.71656246666666,100.0,100.0,100.0,100.0,100.0,64.4,70.6226,76.01,81.83,88.6469,70.20125,70.42958333,76.85875,83.69916667,83.3675
World,WLD,103.1,105.9,105.5,107.4,108.1,89.89088584,90.19910003,90.4854036,91.42033224,91.35257097,48.6,53.2,59.3,62.2,64.4,54.550625,53.600416665,56.221041665,58.260625,58.302291665
"Yemen, Rep.",YEM,49.68344957,48.30300585,47.01393376,46.0195416,103.60120912,62.0,72.8,73.9,74.9,76.0,31.450000000000003,35.95,13.8152,14.8881,17.6948,38.9,36.77125,35.58333333,32.82208333,33.23708333
Zambia,ZMB,86.73672801,93.68966322,100.932458,103.9746368,99.10241824,40.2,43.0,44.6,46.7,47.8,14.3,18.7,24.4992,26.9505,31.2342,59.50916667,59.01416667,60.995,62.96791667,62.10625
Zimbabwe,ZWE,85.76158782,85.94098918,84.1862743,89.14601935,87.62450647,45.4,46.7,52.7,49.0,50.1,25.0,26.5883,29.2986,32.4616,32.5615,59.51,61.6525,64.97416667,71.13416667,70.2125
