Country Name,Country Code,Access to electricity (% of population),Account ownership at a financial institution or with a mobile-money-service provider (% of population ages 15+),Compensation of employees (current LCU),Control of Corruption: Estimate,"Current education expenditure, total (% of total expenditure in public institutions)",Current health expenditure (% of GDP),Gini index,Government Effectiveness: Estimate,"Immunization, DPT (% of children ages 12-23 months)","Immunization, HepB3 (% of one-year-old children)","Immunization, measles (% of children ages 12-23 months)",Individuals using the Internet (% of population),"Inflation, consumer prices (annual %)","Internally displaced persons, total displaced by conflict and violence (number of people)",Lending interest rate (%),"Life expectancy at birth, total (years)","Literacy rate, adult total (% of people ages 15 and above)",Logistics performance index: Overall (1=low to 5=high),Losses due to theft and vandalism (% of annual sales for affected firms),Mobile cellular subscriptions (per 100 people),Multidimensional poverty headcount ratio (World Bank) (% of population),Net migration,Out-of-pocket expenditure (% of current health expenditure),"Persistence to last grade of primary, total (% of cohort)",Political Stability and Absence of Violence/Terrorism: Estimate,"Primary completion rate, total (% of relevant age group)",Proportion of seats held by women in national parliaments (%),Refugee population by country or territory of asylum,Regulatory Quality: Estimate,Risk of impoverishing expenditure for surgical care (% of people at risk),Rule of Law: Estimate,"Share of youth not in education, employment or training, total (% of youth population)",Statistical performance indicators (SPI): Overall score (scale 0-100),"Survival to age 65, female (% of cohort)","Survival to age 65, male (% of cohort)","Unemployment, total (% of total labor force) (national estimate)",Voice and Accountability: Estimate,"Women making their own informed decisions regarding sexual relations, contraceptive use and reproductive health care (% of women age 15-49)","Women participating in the three decisions (own health care, major household purchases, and visiting family) (% of women age 15-49)"
Afghanistan,AFG,85.3,,,-1.183776498,,,,-1.879552364,69.0,69.0,68.0,,,4513000.0,,62.879,,1.9,,,,-65846.0,,,-2.550801754,,,52159.0,-1.27180624,,-1.658442259,,58.01416667,66.852465,52.99077,,-1.751587272,,
Albania,ALB,100.0,,,-0.407875538,89.36257172,,,0.065062843,97.0,97.0,86.0,82.6137,6.725202715,3949825.0,6.506666667,76.833,98.5,2.5,,97.88570679,,-8000.0,,,0.114945494,97.74899292,35.71428571,2676.0,0.159353822,1.8,-0.165779099,,83.41875,89.707203,81.240663,,0.139465705,,
Algeria,DZA,100.0,,,-0.637929857,92.48061371,,,-0.513090253,77.0,77.0,79.0,71.2432,9.265515516,3386650.0,8.0,77.129,91.9750003825,2.5,,109.1653573,,-9999.0,,,-0.741771519,94.71138763,8.108108108,99107.0,-1.063573241,29.1,-0.832472682,,63.16083333,88.46934,84.018003,,-1.003874183,,
American Samoa,ASM,100.0,,,1.27020359,95.59865570000001,,,0.667918146,87.5,86.5,88.5,82.86435,13.295440387333333,2823475.0,12.039070460000001,72.06233333333334,85.450000765,2.3666666666666667,,125.68973919999999,,-810.0,,,1.128859043,94.28405125500001,27.268339768999997,74576.0,0.545899749,37.46666666666667,1.221117854,,59.92874999666667,83.484592,72.375006,,0.95764786,,
Andorra,AND,100.0,,,1.27020359,98.71669769,,,1.495304942,98.0,96.0,98.0,94.4855,17.325365258666665,2260300.0,16.078140920000003,66.99566666666666,78.9250011475,2.2333333333333334,,142.2141211,,200.0,,,1.587736487,93.85671488,46.42857143,50045.0,1.398334026,45.833333333333336,1.48544991,,56.69666666333334,94.899708,91.456135,,1.102832913,,
Angola,AGO,48.5,,,-0.601941288,97.04870986750001,,,-1.040429354,42.0,42.0,37.0,39.2935,21.35529013,1697125.0,20.11721138,61.929,72.40000153,2.1,,67.37347427,,-1000.0,,,-0.64624089,93.429378505,33.63636364,25514.0,-0.606698573,54.2,-1.021904588,,53.46458333,64.128014,52.233344,,-0.797131121,,
Antigua and Barbuda,ATG,100.0,,,0.310604453,95.380722045,,,-0.159468576,99.0,99.0,99.0,91.4123,7.531078346,1133950.0,7.31490375,79.236,75.23027717111111,2.9,,99.865641885,,0.0,,,0.943862259,93.00204213,11.11111111,14804.0,0.289086968,30.950000000000003,0.391315579,,48.15083333,89.522211,82.335097,,0.721560717,,
Argentina,ARG,100.0,,1979200000000.0,-0.447030485,93.71273422249999,,40.7,-0.282877296,81.0,81.0,83.0,88.3754,8.085994718,570775.0,52.39916667,76.064,78.06055281222223,2.8,,132.3578095,0.6,3886.0,,,-0.009163282,92.574705755,44.74708171,4094.0,-0.697565734,7.7,-0.480682313,15.872,71.77291667,86.051875,77.204765,6.805,0.543526769,,
Armenia,ARM,100.0,,343065000000.0,0.028035237,92.0447464,,27.9,-0.314229518,93.0,96.0,95.0,77.0277,8.64091109,7600.0,11.71941396,73.372,80.89082845333333,2.5,,135.2539805,0.8,-5000.0,,,-0.797183931,92.14736938,35.51401869,34634.0,-0.019078802,3.3,-0.168567225,13.377666666666666,82.78583333,86.906347,64.400285,5.779333333333334,0.08823394,,
Aruba,ABW,99.9,,202132000000.0,0.756784737,92.8892965325,,28.685714285714283,1.105333328,93.5,95.0,95.5,85.95195,7.617503901499999,170450.0,6.1,74.992,83.72110409444444,3.1,,121.14259165000001,1.6285714285714286,164.0,,,1.474684358,93.81797027333333,36.96230736,44532.0,0.967042565,2.2,1.278907537,10.883333333333333,86.36604166500001,87.367715,77.732104,4.753666666666667,1.009181976,,
Australia,AUS,100.0,,61199000000.0,1.764489532,93.73384666499999,,29.47142857142857,1.528874636,94.0,94.0,96.0,94.8762,6.594096713,333300.0,8.929930833333334,83.2,86.55137973555556,3.7,,107.0312028,2.4571428571428573,139991.0,,,0.933572054,95.48857116666667,38.41059603,54430.0,1.894893289,1.1,1.510085225,8.389,89.94625,93.468752,89.287141,3.728,1.319480419,,
Austria,AUT,100.0,,18233660000.0,1.258619428,94.57839679749999,,30.257142857142856,1.465450168,84.0,84.0,95.0,93.6141,8.546869932,496150.0,11.759861666666666,81.09268293,89.38165537666667,4.0,,123.4348071,3.2857142857142856,19999.0,,,0.637995362,97.15917206,40.98360656,258613.0,1.283199787,0.0,1.705850244,12.155,89.99083333,93.368196,88.047364,4.992,1.408760786,,
Azerbaijan,AZE,100.0,46.26,9486012010.5,-1.040572286,95.42294693,,31.04285714285714,-0.040657915,83.0,83.0,93.0,88.0,13.85225901,659000.0,14.5897925,73.488,92.21193101777777,3.35,,106.8548072,4.114285714285714,0.0,,,-0.931885719,99.70327759,18.33333333,6414.0,-0.103344202,16.825,-0.624645591,12.85575,73.49041667,85.227334,73.805811,5.65,-1.440835834,,
"Bahamas, The",BHS,100.0,47.22153846153846,738364021.0,1.256189942,96.2674970625,,31.828571428571426,0.424218327,87.0,87.0,80.0,94.4117,5.605406336,581333.3333333334,4.25,74.358,95.04220665888889,2.7,,98.53872346,4.942857142857142,1000.0,,,0.883432567,96.32375336,17.94871795,10.0,-0.146485969,33.65,0.133635864,13.5565,54.12791667,82.361763,69.699465,5.297666666666667,0.869135797,,
Bahrain,BHR,100.0,48.18307692307692,2380183138.25,0.139385641,97.112047195,,32.614285714285714,0.640424907,97.0,97.0,99.0,100.0,3.625741043,503666.6666666666,5.6855467135,79.246,97.8724823,3.5,,145.4432145,5.771428571428571,0.0,,,-0.407028496,92.94422913,20.0,255.0,0.970633507,50.474999999999994,0.438828617,14.257249999999999,59.36666667,90.986158,88.975244,4.945333333333333,-1.417561769,,
Bangladesh,BGD,99.4,49.144615384615385,4022002255.5,-1.07552731,97.95659732749999,,33.4,-0.762551904,98.0,98.0,97.0,41.6152,7.696954372,426000.0,7.121093427,73.698,89.41040166166667,2.6,7.8,105.2642491,6.6,-309977.0,,,-1.092371106,107.697998,20.85714286,952384.0,-0.927658916,67.3,-0.60133934,14.958,69.74458333,84.183563,75.779057,4.593,-0.752661884,,
Barbados,BRB,100.0,50.106153846153845,5663821372.75,1.284573436,98.80114746,,32.699999999999996,0.428703636,86.0,86.0,85.0,76.2053,11.453314821,341040.0,8.05,77.706,80.94832102333334,2.6500000000000004,7.7851351351351346,114.8585936,5.8428571428571425,-80.0,,,1.15202713,91.72370911,26.66666667,486049.5,0.476500303,34.1,0.358760208,10.0535,64.6275,88.191229,82.145374,4.0835,1.128645539,,
Belarus,BLR,100.0,51.067692307692305,7305640490.0,-0.579676211,98.46276310428571,,32.0,-0.851105094,98.0,98.0,98.0,89.5073,15.20967527,256080.0,12.71583333,73.11146341,72.486240385,2.7,7.77027027027027,123.4472552,5.085714285714285,30308.0,,,-0.793873549,93.21389771,40.0,19715.0,-1.33121407,0.9,-1.221556544,5.149,86.65541667,87.443828,64.022337,3.574,-1.626395226,,
Belgium,BEL,100.0,52.029230769230765,11338600000.0,1.495048642,98.12437874857143,,31.299999999999997,1.227658749,98.0,97.0,96.0,94.0078,9.597511729,171120.0,10.619662423000001,81.69756098,64.02415974666667,4.0,7.755405405405405,101.8707731,4.328571428571428,23999.0,,,0.575668812,99.484893805,42.66666667,150713.0,1.252955198,0.0,1.348942399,7.107,88.91958333,92.297342,87.758835,5.57,1.292608738,,
Belize,BLZ,98.6,52.99076923076923,10091285900.0,-0.237028584,97.78599439285715,,30.599999999999998,-0.356178641,84.0,84.0,81.0,70.354,6.276893194,86160.0,8.523491516,70.962,55.562079108333336,3.45,7.7405405405405405,105.4180316,3.571428571428571,600.0,,,0.426349759,105.7558899,12.5,145.0,-0.43876633,34.5,-0.720759094,11.151499999999999,61.85666667,78.216826,63.56649,3.6275000000000004,0.532865047,,
Benin,BEN,56.5,53.95230769230769,8843971800.0,-0.124255605,97.44761003714285,,29.9,-0.164296001,76.0,76.0,68.0,33.7602,1.350778636,1200.0,10.348994344,59.954,47.09999847,2.9,7.725675675675675,108.9652901,2.814285714285714,-200.0,,,-0.349461377,64.57333374,7.407407407,1779.0,-0.348364651,26.533333333333335,-0.602389514,15.196,62.56791667,60.391285,53.415754,1.685,-0.348290831,31.6,
Bermuda,BMU,100.0,54.91384615384615,7596657700.0,1.27020359,97.10922568142857,,29.2,1.219509363,87.0,87.0,82.5,60.30025,3.4949726749999996,23650.0,12.174497172,81.571,59.59999847,2.7,7.710810810810811,101.92901577,2.057142857142857,0.0,,,1.034533978,71.599666595,12.3993558785,1558.0,0.972116888,18.56666666666667,0.692453921,16.91,61.0775,92.356583,85.613712,3.8160000000000003,-0.09636741900000001,35.34615384615385,
Bhutan,BTN,100.0,55.87538461538461,6349343600.0,1.514259338,96.77084132571429,,28.5,0.556007385,98.0,98.0,97.0,86.8403,5.639166714,46100.0,14.0,72.229,72.09999847,2.5,7.695945945945946,94.89274144,1.3,300.0,,,0.864817739,78.62599945,17.39130435,1337.0,-0.381970435,10.6,0.672034562,18.624,59.58708333,81.627458,74.600827,5.947,0.155555993,39.09230769230769,
Bolivia,BOL,99.9,56.83692307692307,5102029500.0,-0.889222622,96.43245697,,34.375,-0.563976765,69.0,69.0,69.0,73.2831,1.746328729,68550.0,7.764988722,64.928,85.20000076,2.4,7.681081081081081,106.39024497,2.0,-3000.0,,,-0.283260942,96.54411316,46.15384615,1116.0,-1.210536242,43.5,-1.300902247,9.969,71.19291667,69.067848,53.673379,3.552,-0.198109388,42.83846153846154,
Bosnia and Herzegovina,BIH,100.0,57.79846153846154,3854715400.0,-0.683835208,96.23553498583334,,40.25,-1.064426422,75.0,78.0,58.0,78.8455,6.7059481045,91000.0,3.360816559,75.293,98.30000305,3.0,7.666216216216216,117.8877485,2.7,-500.0,,,-0.43937102,87.01071167,16.66666667,274.0,-0.157615319,2.9,-0.306685209,17.623,70.615,88.316855,79.470825,12.657,-0.325712889,46.58461538461538,
Botswana,BWA,75.9,58.76,31777090000.0,0.661455095,96.03861300166668,,46.125,0.463997155,86.0,86.0,90.0,77.3272,11.66556748,48300.0,6.1323,65.913,96.495002745,3.1,7.651351351351352,165.3049695,3.3999999999999995,3000.0,,,1.077516079,82.23954327833334,11.11111111,733.0,0.621043563,37.5,0.467351377,37.003,61.19333333,68.821925,57.261511,23.615,0.446497649,50.330769230769235,
Brazil,BRA,100.0,56.059230769230766,320344000000.0,-0.566063046,95.84169101750001,,52.0,-0.587532163,77.0,77.0,81.0,80.5278,9.28010609,5600.0,39.4,73.425,94.69000244,3.2,7.636486486486486,98.89102076,4.1,6425.0,,,-0.3314659,77.46837488666667,17.73879142,67522.0,-0.220437631,24.1,-0.257250935,20.975,80.52458333,82.974848,71.100394,9.231,0.214864358,54.07692307692308,
British Virgin Islands,VGB,100.0,53.35846153846154,217031295000.0,0.30437827149999996,95.64476903333333,,50.78333333333333,0.41735625249999997,88.0,88.0,89.0,89.7491,6.481178198,474700.0,22.45,76.373,79.64000225,3.2,7.621621621621621,108.32308778000001,10.5,200.0,,,0.46295103449999997,72.697206495,13.4148502555,103780.33333333334,0.42330289649999997,17.6,0.33847932499999994,20.4895,72.459791665,89.562356,80.653162,7.211,-0.3008259015,57.823076923076925,
Brunei Darussalam,BRN,100.0,50.65769230769231,113718590000.0,1.174819589,95.44784704916667,,49.56666666666666,1.422244668,99.0,99.0,97.0,98.9704,3.682250306,943800.0,5.5,74.551,64.59000206,3.2,7.606756756756757,117.7551548,16.900000000000002,0.0,,,1.257367969,67.92603810333334,9.090909091,140038.6666666667,1.067043424,11.100000000000001,0.934209585,20.004,64.395,84.481022,77.29723,5.191,-0.816516161,61.56923076923077,
Bulgaria,BGR,100.0,47.956923076923076,10405885000.0,-0.157897115,95.250925065,,48.35,-0.270799845,91.0,91.0,91.0,79.1269,15.32525893,1412900.0,3.745958333,74.36097561,49.54000187,3.2,7.591891891891891,117.4346239,23.300000000000004,-4800.0,,,0.24625206,63.15486971166667,24.16666667,176297.0,0.320686907,4.6,-0.107211575,12.828,83.87958333,81.667078,65.003225,4.268,0.285204858,65.31538461538462,
Burkina Faso,BFA,19.5,45.25615384615384,936818000000.0,-0.08361081,95.05400308083334,,47.13333333333333,-0.825155377,91.0,91.0,88.0,19.9237,14.29023543,1882000.0,7.7592291665,59.766,34.49000168,2.3,7.577027027027027,87.69796267000001,29.700000000000003,-24998.0,,,-1.782517433,58.38370132,16.90140845,34375.0,-0.468305677,82.2,-0.60767895,22.315,64.83291667,60.761825,51.50119,1.927,-0.633902013,69.06153846153846,
Burundi,BDI,10.3,42.55538461538461,760136800000.0,-1.518141747,94.85708109666668,,45.916666666666664,-1.262840748,91.0,91.0,89.0,11.275,18.80087867,8500.0,11.7725,61.977,75.54000092,2.333333333333333,7.562162162162162,57.96130144,36.10000000000001,2000.0,,,-1.188869476,47.14899826,38.21138211,84636.0,-0.947485685,100.0,-1.277139783,20.1718,50.66416667,62.685038,54.57275,2.5976,-1.387992978,72.8076923076923,
Cabo Verde,CPV,97.1,39.854615384615386,583455600000.0,0.983122945,94.6601591125,,44.7,-0.026202837,93.0,94.0,95.0,72.1021,7.930929254,334666.6666666667,7.831720303,74.722,91.0,2.3666666666666667,7.547297297297297,99.2317289,42.50000000000001,-1256.0,,,0.929428399,68.924497605,38.88888889,42330.0,0.263682216,28.0,0.36523217,18.0286,65.69333333,87.803803,71.336331,3.2682,0.935108244,76.55384615384615,
Cambodia,KHM,92.3,37.15384615384615,406774400000.0,-1.24149859,94.46323712833333,,43.483333333333334,-0.351662397,85.0,85.0,83.0,56.7328,5.343702649,660833.3333333334,7.444862491555556,69.896,83.77999878,2.4,7.532432432432432,116.3256071,48.90000000000001,-29998.0,,,-0.036172446,90.69999695,20.8,24.0,-0.709801018,39.25,-0.866584659,15.8854,64.34666667,78.241013,67.58666,3.9388,-1.309167027,80.3,87.8
Cameroon,CMR,71.0,34.45307692307692,230093200000.0,-1.127934813,94.26631514416667,,42.266666666666666,-0.881544709,68.0,68.0,65.0,43.8629,6.247677133,987000.0,7.058004680111111,60.958,72.479999162,2.1,7.517567567567568,82.77764316,55.30000000000001,-4800.0,,,-1.352949023,69.43473816,33.88888889,473887.0,-0.898889482,50.5,-1.045376182,13.7422,54.50041667,58.645492,51.512169,4.609400000000001,-1.148244619,80.0720588235294,87.01463414634146
Canada,CAN,100.0,31.752307692307692,53412000000.0,1.658579826,94.06939316,11.15471363,41.05,1.567070484,92.0,83.0,92.0,94.0,6.802801153,830000.0,6.671146868666667,81.29560976,61.179999544,4.0,7.5027027027027025,91.23062536,61.70000000000001,248586.0,14.88593388,,0.772814035,83.446720125,30.47337278,140621.0,1.677092791,0.0,1.566220164,11.599,92.9225,92.395711,88.183391,5.28,1.434968352,79.84411764705882,86.22926829268292
Cayman Islands,CYM,100.0,29.051538461538463,2507629600000.0,0.457741022,93.87247117583334,10.72409687,39.83333333333333,1.262335181,67.0,62.5,66.5,66.72796666666666,6.1929842525000005,673000.0,6.284289057222222,67.88630488,49.879999926,3.25,7.487837837837838,83.55251302,68.10000000000001,400.0,17.866525654,,1.649437666,97.45870209,21.66525782,47.0,1.085572481,27.900000000000002,0.721195281,12.1632,67.76875,85.245768,77.917766,5.8738,0.752333164,79.61617647058823,85.44390243902438
Central African Republic,CAF,15.7,26.35076923076923,4961847200000.0,-1.24606657,93.67554919166668,10.29348011,38.61666666666667,-1.709396243,42.0,42.0,41.0,39.45593333333333,5.583167352,516000.0,5.897431245777778,54.477,38.580000308,2.5,7.472972972972973,75.87440068,74.50000000000001,-17463.0,20.847117427999997,,-2.162472963,98.1613712425,12.85714286,11213.0,-1.474184155,55.800000000000004,-1.701157451,12.7274,42.615,46.99572,37.306559,6.467600000000001,-1.21139431,79.38823529411765,84.65853658536585
Chad,TCD,11.7,23.65,7416064800000.0,-1.488084197,93.47862720750001,9.862863350000001,37.4,-1.422905684,60.0,60.0,56.0,12.1839,5.788026878,300000.0,5.510573434333333,52.997,27.28000069,2.6666666666666665,7.458108108108108,68.19628834,80.9,-2000.0,23.827709201999998,,-1.483703375,98.864040395,25.88832487,592764.0,-1.14935708,83.7,-1.372529984,13.291599999999999,49.24708333,47.92527,40.462422,7.061400000000001,-1.476254106,79.16029411764706,83.87317073170732
Channel Islands,CHI,100.0,25.77,9870282400000.0,-0.2599020300000001,93.28170522333333,9.43224659,40.2,-0.438065857,78.0,78.0,75.0,51.430400000000006,8.715946794,1416500.0,5.123715622888889,81.583,62.220002175,2.8333333333333335,7.443243243243243,101.47080731999999,40.7,900.0,26.808300975999998,,-0.6825622579999999,99.56670954750001,30.68609792,297448.5,-0.08547297099999995,57.900000000000006,-0.34106466199999996,13.8558,68.345416665,93.228469,89.307696,7.655200000000001,-0.2516394854999999,78.93235294117646,83.08780487804877
Chile,CHL,100.0,27.89,12324500000000.0,0.968280137,93.08478323916667,9.00162983,43.0,0.54677397,96.0,96.0,94.0,90.6769,11.64386671,2533000.0,4.736857811444445,79.519,97.16000366,3.0,7.428378378378378,134.7453263,0.5,-66850.0,29.78889275,,0.118578859,100.2693787,35.48387097,2133.0,0.978411138,32.1,0.69040066,14.42,87.44375,89.50858,82.483579,8.249,0.972975135,78.70441176470588,82.30243902439024
China,CHN,100.0,30.009999999999998,27454900000000.0,0.015970249,92.887861255,9.039965996923078,48.9,0.495032012,99.0,99.0,99.0,75.6113,1.973575557,3649500.0,4.35,78.587,85.34333546666667,3.7,7.4135135135135135,124.8775379,3.5,-311380.0,28.492054846153845,,-0.441073626,98.69324114,24.94117647,320.0,-0.418417633,6.3,-0.041443985,19.421499999999998,59.59875,90.781947,82.805894,9.398,-1.609574914,78.47647058823529,81.5170731707317
Colombia,COL,100.0,32.129999999999995,42585300000000.0,-0.361808151,92.69093927083334,9.078302163846155,54.8,0.014415628,87.0,87.0,88.0,72.7964,10.17723135,4766000.0,15.80750887,73.659,73.52666727333333,2.9,7.398648648648648,155.7854178,6.5,-167924.0,27.19521694230769,,-0.641925931,97.11710358,28.87700535,1607.0,0.140449166,25.1,-0.426875532,24.423,85.89916667,83.716544,71.919309,10.547,0.166357532,78.24852941176471,80.73170731707317
Comoros,COM,89.9,34.25,24581630000000.0,-1.244413257,92.49401728666668,9.11663833076923,52.9,-1.682512879,88.0,88.0,86.0,50.0182,7.799302015666667,5226000.0,8.03375,63.68,61.70999908,2.7,7.383783783783784,100.2382961,5.125,-2000.0,25.898379038461538,,-0.230514869,98.08677101,16.66666667,12.0,-1.200538039,45.8,-1.313717961,22.612499999999997,68.49291667,67.365143,56.690941,10.7415,-0.868450522,78.02058823529411,79.94634146341463
"Congo, Dem. Rep.",COD,21.5,27.44,6577960000000.0,-1.544474006,92.2970953025,9.154974497692308,51.0,-1.745920062,65.0,65.0,56.0,27.24,5.421372681333334,5686000.0,7.809450244,59.743,80.54000092,2.5,7.368918918918919,50.3424172,3.75,-14999.0,24.601541134615385,,-1.977746248,99.05643844,12.8,520544.0,-1.47606945,98.0,-1.672433853,20.802,51.08666667,60.390727,50.966608,10.936,-1.183693051,77.79264705882353,79.1609756097561
"Congo, Rep.",COG,50.6,29.478947368421053,4930345000000.0,-1.359451652,92.10017331833333,9.193310664615385,49.1,-1.369321823,78.0,78.0,65.0,36.2469,3.043443347,27000.0,7.585150488,63.053,81.78666751,2.6,7.354054054054054,101.18378305,2.375,-1000.0,23.30470323076923,,-0.016906014,100.02610587,14.56953642,41557.0,-1.261431336,68.0,-1.089522958,18.991500000000002,37.45541667,61.761608,55.03218,11.1305,-1.199183702,77.56470588235294,78.37560975609756
Costa Rica,CRI,100.0,31.51789473684211,3282730000000.0,0.46584937,91.90325133416667,9.231646831538463,47.2,0.053266428,95.0,94.0,90.0,82.598,8.274774902,164500.0,7.360850732,77.32,83.03333409999999,2.9,7.339189189189189,152.0251489,1.0,3850.0,22.007865326923074,,0.954446793,100.9957733,47.36842105,14088.0,0.567061722,10.4,0.43657729,17.181,89.92416667,89.041916,80.485755,11.325,1.06959331,77.33676470588235,77.59024390243903
Cote d'Ivoire,CIV,70.4,33.55684210526316,1829210000000.0,-0.348596215,91.70632935,9.269982998461538,46.18,-0.342977226,76.0,76.0,65.0,38.4133,5.276167243,302000.0,6.838210473,58.916,84.28000069,3.0999999999999996,7.324324324324325,174.0251271,1.1,6000.0,20.71102742307692,,-0.516378641,68.59470367,14.17322835,2251.0,-0.152012959,100.0,-0.479640156,18.777,62.24083333,51.815062,48.288605,2.306,-0.417194635,77.10882352941177,76.80487804878048
Croatia,HRV,100.0,35.59578947368421,3771746339.0,0.148001134,92.287654118,9.308319165384615,45.160000000000004,0.581651032,92.0,90.0,90.0,82.0716,10.78058068,288000.0,6.315570214,77.57560976,85.52666728,3.3,7.309459459459459,111.1680153,1.2,-2000.0,19.414189519230767,,0.612161279,80.50629043500001,31.78807947,20638.0,0.502549887,0.1,0.368116319,11.916,83.14625,92.411465,82.869401,6.96,0.613270462,76.88088235294117,76.01951219512195
Cuba,CUB,100.0,37.63473684210527,3493127720.0,-0.069347166,92.86897888600001,9.346655332307693,44.14,-0.350331843,99.0,99.0,99.0,73.2178,9.985548113333333,274000.0,5.792929955,78.155,86.77333387,2.2,7.294594594594595,67.78418241,1.3,-6000.0,18.117351615384614,,0.499521583,92.4178772,53.41296928,174.0,-1.381859422,0.16666666666666669,-0.45963496,12.851,83.78263889,87.964759,80.287386,6.909,-1.339495063,76.65294117647059,75.23414634146341
Curacao,CUW,100.0,39.67368421052632,3214509101.0,0.17613099850000002,93.450303654,9.38499149923077,43.120000000000005,0.1901735065000001,97.5,96.5,92.5,81.4094,9.190515546666667,260000.0,5.270289696,80.02199999999999,88.02000046,2.7,7.27972972972973,87.99285047333333,1.4,515.0,16.82051371153846,,0.4590783265,94.28487778,33.849341785,14727.0,-0.3040528,0.23333333333333334,0.055581778000000026,13.786,84.41902778,90.054893,77.902969,6.8580000000000005,-0.24626711,76.425,74.44878048780488
Cyprus,CYP,100.0,41.712631578947374,2935890482.0,0.421609163,94.031628422,9.423327666153845,42.1,0.730678856,96.0,94.0,86.0,89.601,8.39548298,246000.0,4.747649437,81.889,89.26666705,3.2,7.264864864864865,108.20151853666667,1.5,5000.0,15.523675807692308,,0.41863507,96.15187836000001,14.28571429,29280.0,0.773753822,0.3,0.570798516,14.721,85.05541667,93.097807,88.822667,6.807,0.846960843,76.1970588235294,73.66341463414633
Czechia,CZE,100.0,43.75157894736843,288152000000.0,0.663116157,94.61295319,9.461663833076923,41.08,1.093907475,94.0,94.0,97.0,84.5401,15.10016515,221750.0,4.225009178,79.02926829,90.51333364,3.3,7.25,128.4101866,1.6,22011.0,14.226837903846153,,0.81544137,98.01887894000001,25.5,435212.0,1.385898352,0.15,1.100805759,7.58,90.87458333,90.832654,81.211553,2.224,1.037314415,75.96911764705882,72.8780487804878
Denmark,DNK,100.0,45.79052631578948,103257000000.0,2.402744293,95.194277958,9.5,40.06,1.990609765,97.0,76.5,95.0,97.8601,7.696566999,197500.0,4.995670035333333,81.30487805,91.76000023,4.1,7.235135135135135,126.549332,1.7000000000000002,19999.0,12.93,,0.865008831,99.88587952,43.57541899,67772.0,1.843127489,0.0,1.900308132,6.766,91.61125,92.39657,87.92563,4.434,1.585866094,75.74117647058823,72.09268292682927
Djibouti,DJI,65.0,47.82947368421053,196810333333.3333,-0.793283403,95.775602726,9.215895864444445,39.04,-0.786164522,59.0,59.0,50.0,65.0322,5.17980848,173250.0,5.766330892666667,62.859,93.00666681999999,2.7,7.22027027027027,46.32720375,1.8,900.0,14.378421052631579,,-0.508419454,56.10427094,26.15384615,20383.0,-0.899799407,2.5,-1.102044463,13.380666666666666,46.55041667,65.98782,55.250868,4.790666666666667,-1.287063956,75.51323529411765,71.30731707317074
Dominica,DMA,100.0,49.86842105263159,290363666666.6666,0.539313197,96.35692749399999,8.93179172888889,38.02,-0.097093813,92.0,92.0,83.0,83.3767,7.780615252,149000.0,6.53699175,72.981,94.25333341,2.6500000000000004,7.205405405405405,68.35930853,1.9,-40.0,15.826842105263157,,1.298232317,84.40644073,34.375,10464.5,0.341509432,5.0,0.733293772,19.995333333333335,44.19208333,83.507191,72.311209,5.147333333333333,0.794093907,75.28529411764706,70.52195121951219
Dominican Republic,DOM,98.1,51.90736842105264,383917000000.0,-0.439608067,96.93825226199999,8.647687593333334,37.0,-0.067733064,88.0,87.0,91.0,84.3832,8.811092093,124750.0,11.85005,74.17,95.5,2.6,7.190540540540541,90.39141331,2.0,-29294.0,17.275263157894738,,0.328113049,89.4886322,27.89473684,546.0,0.069547787,7.5,-0.092175312,26.61,72.42125,83.406019,72.722113,5.504,0.310950071,75.05735294117648,69.73658536585366
Ecuador,ECU,100.0,53.94631578947369,9240418162.0,-0.62992847,97.51957703,8.363583457777779,45.5,-0.308546245,70.0,70.0,74.0,69.7181,3.466169722,100500.0,11.216691664999999,77.894,93.94812012,2.85,7.175675675675675,97.16544081,4.0,-20206.0,18.723684210526315,,-0.239295244,99.67156982,38.68613139,60125.0,-0.459721535,22.7,-0.620224118,18.435,79.15,87.779285,80.59668,3.761,0.025918409,74.82941176470588,68.95121951219512
"Egypt, Arab Rep.",EGY,100.0,55.98526315789475,74375945441.33334,-0.678810477,97.62742150695651,8.079479322222221,42.15,-0.44754681,97.0,97.0,96.0,72.1981,13.89566098,76250.0,10.58333333,70.159,74.5,3.1,7.160810810810811,93.20626903,4.75,-29998.0,20.172105263157896,,-1.028056622,99.44173431,27.58037225,294632.0,-0.713920832,23.2,-0.263772666,26.92,79.60041667,78.617342,66.278947,7.344,-1.451588035,74.60147058823529,68.16585365853658
El Salvador,SLV,100.0,58.0242105263158,139511472720.6667,-0.642081201,97.73526598391304,7.795375186666666,38.8,-0.320332825,75.0,75.0,65.0,62.8885,7.198616156,52000.0,10.166666664000001,71.475,75.43250020333333,2.7,7.145945945945946,181.6273204,5.5,-23249.0,21.620526315789476,,-0.153124496,99.2118988,27.38095238,104.0,-0.46272406,12.9,-0.741353929,23.462,73.76083333,80.9259,62.400688,2.999,-0.371873051,74.37352941176471,67.38048780487804
Equatorial Guinea,GNQ,67.0,60.06315789473685,204647000000.0,-1.601716042,97.84311046086955,7.511271051111111,38.39230769230769,-1.296387792,53.0,53.0,53.0,66.8193,4.786717047,812000.0,9.749999998,61.19,76.36500040666667,3.0,7.131081081081081,53.34269106,5.407692307692308,4000.0,23.068947368421053,,-0.074253544,98.98206329,31.0,111.5,-1.493266106,15.86,-1.406256437,19.219666666666665,39.01416667,61.340501,52.624037,3.856333333333333,-1.668113351,74.14558823529411,66.59512195121951
Eritrea,ERI,55.4,62.10210526315791,103318625565.0,-1.282102227,97.95095493782608,7.227166915555555,37.98461538461538,-1.730404496,95.0,95.0,93.0,26.5942,12.092490228499999,1572000.0,9.333333332,66.604,77.29750061,3.3000000000000003,7.116216216216216,104.18634858000001,5.315384615384615,-17152.0,24.51736842105263,,-0.970292985,98.75222778,28.37128713,119.0,-2.369392633,18.82,-1.771386266,14.977333333333332,64.283333335,71.278972,62.862083,4.713666666666667,-1.879930735,73.91764705882353,65.80975609756098
Estonia,EST,100.0,64.14105263157896,1990251130.0,1.54468286,98.0587994147826,6.94306278,37.57692307692307,1.343134046,85.0,85.0,82.0,91.5202,19.39826341,2332000.0,8.916666666,77.94390244,78.23000081333333,3.6,7.101351351351352,155.0300061,5.223076923076923,-1000.0,25.96578947368421,,0.723720729,98.52239227,25.74257426,40806.0,1.558964491,21.78,1.426389098,10.735,89.5525,91.345086,77.702688,5.571,1.197730541,73.68970588235294,65.02439024390245
Eswatini,SWZ,82.3,66.18,34194404764.5,-0.668882489,98.16664389173913,6.985756502,37.169230769230765,-0.68612045,97.0,97.0,83.0,58.2502,26.64407156,3092000.0,8.5,56.36,79.16250101666667,3.275,7.0864864864864865,122.1702298,5.13076923076923,-5733.0,27.41421052631579,,-0.24972333,80.33219528,13.51351351,1173.0,-0.718993604,24.740000000000002,-0.602303207,10.2016,51.66541667,51.209477,30.419901,5.8006,-1.227049828,73.46176470588235,64.2390243902439
Ethiopia,ETH,55.0,46.48,66398558399.0,-0.440878779,98.27448836869564,7.028450224,36.76153846153846,-0.745265186,65.0,65.0,56.0,19.3781,33.88987971,3852000.0,7.477296363,65.645,80.09500122,2.95,7.071621621621622,56.02453443,5.038461538461538,-11999.0,28.86263157894737,,-2.038067579,62.14199829,41.4893617,879598.0,-0.948417425,27.7,-0.623456955,9.668199999999999,61.09375,72.219637,59.716194,6.0302,-1.048582554,73.23382352941177,63.453658536585365
Faroe Islands,FRO,100.0,44.55571428571428,46746932509.0,-0.02615414599999999,98.38233284565217,7.071143946,36.35384615384615,-0.076741159,82.0,82.0,77.5,52.29899999999999,19.205036187,3302514.2857142854,6.454592726,83.3,81.02750142333333,2.625,7.056756756756757,80.24403392,4.946153846153846,0.0,30.31105263157895,,-0.636864036,86.936000845,30.54860242,439801.5,-0.5043173135000001,18.46666666666667,-0.1508874,9.134799999999998,62.130416665,91.203638,86.94478,6.2598,-0.5988771545,73.00588235294117,62.66829268292683
Fiji,FJI,92.0,42.63142857142857,27095306619.0,0.388570487,98.49017732260869,7.113837668,35.94615384615385,0.591782868,99.0,99.0,99.0,85.2199,4.520192664,2753028.5714285714,5.431889089,68.312,81.96000162666667,2.3,7.041891891891892,104.46353341,4.8538461538461535,-3557.0,31.759473684210526,,0.764339507,111.7300034,19.60784314,5.0,-0.060217202,9.233333333333334,0.321682155,8.6014,63.16708333,71.251837,62.153149,6.4894,-0.149171755,72.77794117647059,61.88292682926829
Finland,FIN,100.0,40.707142857142856,7443680729.0,2.246977806,98.59802179956522,7.15653139,35.53846153846154,1.755126834,91.0,97.0,94.0,92.9888,7.123507733,2203542.8571428573,6.802461740833333,81.18780488,82.89250183,4.2,7.027027027027027,128.6830329,4.7615384615384615,13999.0,33.20789473684211,,0.891491711,98.38307953,45.5,69553.0,1.77915287,0.0,1.958372474,8.068,93.63583333,93.502765,87.129487,6.719,1.601619482,72.55,61.09756097560975
France,FRA,100.0,38.78285714285714,146235000000.0,1.259529948,98.70586627652173,7.199225112,35.13076923076923,1.16580689,96.0,95.0,94.0,85.3333,5.222367484,1654057.1428571427,8.173034392666667,82.22926829,83.82500203333333,3.9,7.012162162162162,118.8472962,4.669230769230769,66601.0,34.65631578947368,,0.334524125,92.592559815,37.26169844,612934.0,1.188952327,0.2,1.182720423,11.559,90.78416667,92.776756,85.982675,7.308,1.105864763,72.3220588235294,60.31219512195122
French Polynesia,PYF,100.0,36.85857142857142,110248025000.0,0.10571527450000007,98.81371075347826,7.241918834,34.723076923076924,0.21984514600000005,78.0,77.5,73.0,79.51419999999999,4.7268077335,1104571.4285714282,9.5436070445,83.55,84.75750223666667,3.15,6.9972972972972975,106.9831755,4.576923076923077,-100.0,36.10473684210527,,0.202209629,86.8020401,26.32315691,306569.5,0.24334755549999998,10.65,0.1710704864999999,10.6068,66.80437500000001,94.995331,91.355456,6.4704,0.11343234750000009,72.09411764705882,59.52682926829269
Gabon,GAB,93.5,34.934285714285714,74261050000.0,-1.048099399,98.92155523043478,7.284612556,34.315384615384616,-0.726116598,60.0,60.0,52.0,73.6951,4.231247983,555085.7142857141,10.914179696333333,65.694,85.69000244,2.4,6.982432432432432,125.387067,4.484615384615385,1000.0,37.55315789473684,,0.069895133,81.011520385,15.38461538,205.0,-0.702257216,21.1,-0.84057945,9.6546,42.82458333,69.346487,57.506446,5.6328,-0.879000068,71.86617647058823,58.74146341463415
"Gambia, The",GMB,65.4,33.01,38274075000.0,-0.278427482,99.0293997073913,7.327306278,33.90769230769231,-0.674558699,79.0,79.0,74.0,54.1899,11.51311984,5600.0,12.284752348166666,62.906,58.66999817,2.3,6.967567567567568,140.736817,4.392307692307692,-3000.0,39.00157894736842,,0.04582857,75.22100067,8.620689655,3685.0,-0.714570105,73.6,-0.449605197,8.7024,64.43916667,63.08421,56.844206,4.7952,-0.041429807,71.63823529411765,57.95609756097561
Georgia,GEO,100.0,33.45111111111111,2287100000.0,0.620237648,99.13724418434782,7.37,33.5,0.6508255,85.0,85.0,90.0,78.7113,11.89816542,308000.0,13.655325,71.587,99.57498932,2.7,6.952702702702703,156.086567,4.3,-9999.0,40.45,,-0.4409495,111.2925491,19.04761905,27839.0,1.032308698,3.1,0.169973269,7.7501999999999995,90.66583333,85.344329,62.090077,3.9576000000000002,0.013737321,71.41029411764706,57.170731707317074
Germany,DEU,100.0,33.89222222222222,39190577515.0,1.818375826,99.24508866130435,12.65471077,33.611111111111114,1.289807439,91.0,87.0,97.0,91.6298,6.872574386,299750.0,12.452501,80.70560976,97.661865235,4.1,6.937837837837838,125.2251369,4.205555555555556,154592.0,40.062436378125,,0.614759147,101.649860365,34.91847826,2075445.0,1.522294998,0.0,1.533154368,6.798,90.9875,91.877336,85.352269,3.12,1.409542441,71.18235294117648,56.38536585365854
Ghana,GHA,85.1,34.33333333333333,39434129753.0,-0.0459955,99.35293313826087,12.382396718666666,33.72222222222222,-0.062545538,99.0,99.0,95.0,69.8405,31.2558951,291500.0,11.249677,63.945,95.74874115,2.5,6.922972972972973,119.6243981,4.111111111111111,-9999.0,39.674872756250004,,-0.065912969,92.00717163,14.54545455,8531.0,-0.178818703,25.6,-0.076319806,27.734,64.23958333,66.77967,57.89441,3.084,0.394973695,70.95441176470588,55.6
Gibraltar,GIB,100.0,34.77444444444444,29099682840.0,-0.004099447499999999,99.4607776152174,12.110082667333334,33.833333333333336,0.192426622,99.0,97.5,96.0,76.5056,20.4505774565,283250.0,10.046852999999999,82.83,93.83561706500001,3.1,6.908108108108108,112.4322338,4.016666666666667,-24.0,39.287309134375,,-0.000804953000000011,130.5785065,17.772727275,84646.0,0.14278014000000003,12.950000000000001,0.12463245199999999,19.543,76.4925,92.81939,89.057915,7.755000000000001,0.673997849,70.72647058823529,55.992592592592594
Greece,GRC,100.0,35.215555555555554,18765235927.0,0.037796605,99.56862209217391,11.837768616,33.94444444444444,0.447398782,99.0,96.0,97.0,83.1707,9.645259813,275000.0,8.844028999999999,80.63658537,91.92249298,3.7,6.893243243243243,109.0631741,3.922222222222222,5000.0,38.899745512500004,,0.064303063,121.86431582,21.0,160761.0,0.464378983,0.3,0.32558471,11.352,88.74541667,92.648841,84.229861,12.426,0.953022003,70.49852941176471,56.385185185185186
Greenland,GRL,100.0,35.656666666666666,22140707283.75,1.028838038,99.67646656913044,11.565454564666666,34.05555555555556,0.75687325,88.0,86.5,86.5,81.53309999999999,6.112899536,266750.0,7.641205,71.5404878,90.009368895,3.1,6.878378378378379,110.592893025,3.8277777777777775,-100.0,38.512181890625,,1.565969229,113.15012514,26.125,120746.0,1.203171611,9.625000000000002,1.690608263,15.902000000000001,64.94354167,81.644132,70.861128,10.08225,1.26603055,70.27058823529411,56.77777777777778
Grenada,GRD,94.2,36.09777777777778,25516178640.5,0.483669132,99.78431104608696,11.293140513333332,34.166666666666664,0.038479559,77.0,77.0,76.0,79.8955,2.580539259,258500.0,6.438381,75.335,88.09624481,2.5,6.863513513513514,112.12261194999999,3.7333333333333334,-200.0,38.124618268750005,,1.043798447,104.43593446,31.25,80731.0,0.393730491,18.950000000000003,0.554005027,20.451999999999998,41.14166667,84.208634,73.974195,7.7385,0.703290701,70.04264705882352,57.17037037037037
Guam,GUM,100.0,36.538888888888884,28891649997.25,1.27020359,99.89215552304348,11.020826462,34.27777777777778,0.667918146,78.0,78.0,79.5,67.1499,4.732833746,250250.0,9.180857164999999,78.33,86.18312072500001,2.55,6.848648648648648,113.652330875,3.638888888888889,-500.0,37.737054646875,,0.808528244,95.72174378,25.3125,40716.0,0.545899749,28.275000000000002,1.221117854,25.002,56.56625,86.554936,75.261552,5.39475,1.102079868,69.81470588235294,57.56296296296296
Guatemala,GTM,99.1,36.98,32267121354.0,-1.209751368,100.0,10.748512410666667,34.388888888888886,-0.906891823,79.0,79.0,83.0,54.4043,6.885128233,242000.0,11.92333333,68.674,84.26999664,2.6,6.833783783783784,115.1820498,3.5444444444444443,-9128.0,37.349491025000006,,-0.304971337,87.0075531,19.375,701.0,-0.291810006,37.6,-1.127138257,29.552,71.99083333,72.591535,60.230191,3.051,-0.523062348,69.58676470588235,57.955555555555556
Guinea,GIN,47.7,37.839677419354835,787596104017.7142,-1.005414963,99.08342465454545,10.476198359333333,34.5,-0.941579163,47.0,47.0,47.0,33.923,10.493041,224250.0,10.754444442333334,58.985,69.08499908499999,2.5,6.818918918918919,120.55725344999999,3.45,-4000.0,36.961927403125,,-0.864391387,89.16040929166667,29.62962963,2199.0,-1.050104618,59.45,-1.102358937,21.695,57.9025,57.901046,52.708505,2.8585000000000003,-1.074987411,69.35882352941177,58.34814814814815
Guinea-Bissau,GNB,37.4,38.699354838709674,1542925086681.4285,-1.18539381,98.1668493090909,10.203884308,34.611111111111114,-1.486157537,74.0,74.0,75.0,31.567,9.393838775,206500.0,9.585555554666666,59.861,53.90000153,2.6,6.804054054054054,125.9324571,3.3555555555555556,-1400.0,36.57436378125,,-0.394830406,91.31326548333332,13.7254902,24.0,-1.321488976,81.3,-1.45421803,13.838,39.98916667,58.163591,48.057062,2.666,-0.394754052,69.13088235294117,58.74074074074074
Guyana,GUY,93.0,39.55903225806451,2298254069345.1426,-0.295775652,97.25027396363636,9.931570256666667,34.72222222222222,-0.265898407,98.0,98.0,95.0,85.3163,6.115055501,188750.0,8.416666667,65.989,90.02999878,2.4,6.789189189189189,109.31517943333333,3.261111111111111,-3900.0,36.186800159375004,,0.027062163,93.466121675,35.38461538,12.0,-0.527693391,65.05,-0.313648909,19.636,56.45083333,68.594589,52.913606,4.702,0.191786617,68.90294117647059,59.13333333333333
Haiti,HTI,49.3,40.41870967741935,3053583052008.857,-1.459037662,96.33369861818181,9.659256205333334,34.833333333333336,-2.226965666,51.0,51.0,65.0,72.5149,33.98393195,171000.0,11.095,63.728,87.74546178166666,2.1,6.774324324324325,92.69790176666666,3.166666666666667,-32248.0,35.7992365375,,-1.406295657,95.61897786666667,31.36418269,88.5,-1.314384341,48.8,-1.377360702,25.433999999999997,39.58541667,68.423494,55.531689,6.7379999999999995,-1.191992998,68.675,59.525925925925925
Honduras,HND,94.4,41.27838709677419,3808912034672.5713,-1.002071381,95.41712327272728,9.386942154,34.94444444444444,-0.866467357,78.0,78.0,77.0,59.7135,9.089639115,247000.0,14.60703548,70.728,85.46092478333334,2.9,6.7594594594594595,76.0806241,3.072222222222222,-5374.0,35.411672915625005,,-0.552035332,97.77183405833333,27.34375,165.0,-0.485292733,44.5,-1.01709938,31.232,60.95083333,78.305907,68.595053,8.774,-0.49180308,68.4470588235294,59.91851851851852
"Hong Kong SAR, China",HKG,100.0,42.13806451612903,4564241017336.285,1.610646129,94.50054792727273,9.114628102666668,35.05555555555556,1.590222836,88.5,81.75,88.0,95.6136,1.881367072,322000.0,5.104166667,83.66097561,83.176387785,4.0,6.744594594594595,291.9103362,2.977777777777778,19999.0,35.02410929375,,0.61155504,99.92469025,20.70705088,285.0,1.589801431,22.45,1.279203296,6.701,74.43145833,94.994296,90.222998,4.318,-0.406677544,68.21911764705882,60.31111111111112
Hungary,HUN,100.0,42.99774193548387,5319570000000.0,-0.103074186,93.58397258181819,8.842314051333334,35.166666666666664,0.534344554,99.0,85.5,99.0,89.1428,14.60814395,397000.0,10.65543145,76.01707317,80.89185078666667,3.2,6.72972972972973,104.0561504,2.8833333333333333,616038.0,34.636545671875,,0.635951281,100.6900177125,14.07035176,35370.0,0.406537682,0.4,0.423674017,9.897,87.91208333,85.416909,71.607961,3.609,0.422079831,67.99117647058823,60.70370370370371
Iceland,ISL,100.0,43.85741935483871,279760000000.0,1.567528129,92.66739723636364,8.57,35.27777777777778,1.563275337,92.0,89.25,91.0,99.8565,8.308755116,472000.0,7.597300754,82.17073171,78.60731378833334,3.6,6.714864864864865,122.5171495,2.7888888888888888,380.0,34.24898205,,1.262935281,101.45534517499999,47.61904762,5240.0,1.307296515,0.0,1.703025818,6.08,86.88291667,93.877464,90.473112,3.789,1.422389746,67.76323529411765,61.0962962962963
India,IND,99.2,44.71709677419355,200092380000000.0,-0.321810871,91.7508218909091,8.070121914,35.388888888888886,0.370331407,93.0,93.0,95.0,83.17054999999999,6.699034141,547000.0,8.567142857,67.744,76.32277679,3.4,6.7,80.64857717,2.6944444444444446,-487303.0,33.861418428125006,,-0.568608165,102.2206726375,14.94464945,242835.0,-0.050446417,40.2,0.114700042,25.763,74.19625,71.128889,63.168279,4.822,0.050905809,67.53529411764706,61.488888888888894
Indonesia,IDN,100.0,45.57677419354839,399905000000000.0,-0.434910655,90.83424654545455,7.570243828000001,35.5,0.436999291,85.0,86.0,84.0,66.4846,4.209463834,69000.0,8.52,68.25,82.64138793500001,3.0,10.033333333333333,114.9005566,2.6,-49997.0,33.47385480625,,-0.439423859,102.9860001,21.91304348,9785.0,0.205959961,23.2,-0.188954651,22.336,78.9575,73.500657,63.65722,3.462,0.141518742,67.30735294117648,61.88148148148149
"Iran, Islamic Rep.",IRN,100.0,46.43645161290323,266612172465666.7,-1.126372814,89.9176712,7.070365742,34.8,-0.882116675,99.0,99.0,99.0,81.717,43.48846417,619000.0,7.4076352908,74.556,88.95999908,2.3,13.366666666666667,164.5020873,0.5,-39998.0,33.086291184375,,-1.586439133,103.00340046,5.594405594,3425091.0,-1.592711329,29.8,-1.017072082,26.94,58.71875,86.939367,77.835633,9.085,-1.45943284,67.07941176470588,62.27407407407408
Iraq,IRQ,100.0,47.296129032258065,133319344931333.34,-1.212934136,91.48776626333333,6.570487656,34.275,-1.301915407,93.0,93.0,88.0,78.7156,4.994765964,1169000.0,6.2952705816,71.336,88.351998897,2.4,16.7,98.18424176,0.4875,-6000.0,32.698727562500004,,-2.473924637,103.02080082,28.87537994,273716.0,-1.180485129,14.9,-1.750573039,16.735,56.32875,80.163813,71.380195,6.793000000000001,-0.948201418,66.85147058823529,62.66666666666667
Ireland,IRL,100.0,48.155806451612904,26517397000.0,1.674448371,93.05786132666667,6.07060957,33.75,1.549138188,93.0,93.0,90.0,95.5905,7.829457364,1022890.0,5.182905872399999,83.05609756,87.743998714,3.6,16.5,113.2768198,0.475,9999.0,32.311163940625,,0.881889522,103.03820118,23.125,81256.0,1.639560819,0.0,1.527414441,6.53,91.28666667,93.546907,90.067979,4.501,1.449507833,66.62352941176471,63.059259259259264
Isle of Man,IMN,100.0,49.01548387096774,78601198500.0,1.2277436855000001,94.62795639000001,7.047073046666667,33.224999999999994,1.392851293,95.5,94.5,94.5,93.72065,6.1115270115,876780.0,4.0705411632,80.762,87.135998531,3.6,16.3,132.7495331,0.4625,340.0,31.92360031875,,-0.20171323399999985,103.05560154,23.229166665,41231.5,1.4229242205000001,0.6,1.236331582,10.991499999999998,87.27125000000001,91.055925,86.542452,4.098,1.061921686,66.39558823529411,63.451851851851856
Israel,ISR,100.0,49.87516129032258,130685000000.0,0.781039,96.19805145333333,8.023536523333334,32.699999999999996,1.236564398,98.0,96.0,99.0,91.8508,4.393596659,730670.0,2.958176454,82.7,86.527998348,3.6,16.099999999999998,152.2222464,0.45,9999.0,31.536036696875,,-1.28531599,103.07300190000001,23.33333333,1207.0,1.206287622,1.2,0.945248723,15.453,83.25583333,93.803963,88.535714,3.695,0.674335539,66.16764705882352,63.84444444444445
Italy,ITA,100.0,50.73483870967742,108229000000.0,0.527781725,97.76814651666666,9.0,32.175,0.449057072,95.0,95.0,94.0,85.0607,8.201289912,584560.0,2.264455,82.9,85.91999816500001,3.7,15.899999999999999,132.971226,0.4375,58496.0,31.148473075000002,,0.413505375,103.09040226,32.25,296181.0,0.510931492,0.2,0.297009468,15.858,91.89416667,94.559543,90.780529,8.069,1.070305943,65.93970588235294,64.23703703703704
Jamaica,JAM,100.0,51.59451612903226,2929064500000.0,-0.023381542,99.33824158,9.09005999625,31.65,0.604482174,98.0,98.0,91.0,85.1185,10.34956884,438450.0,11.405,70.629,85.31199798200001,2.5,15.7,106.2021796,0.425,-10999.0,30.760909453125002,,0.379746348,103.10780262,28.57142857,31.0,0.190213531,6.1,-0.071926758,21.79,61.63916667,77.600209,67.953693,4.083,0.588516116,65.71176470588235,64.62962962962963
Japan,JPN,100.0,52.454193548387096,5749900000000.0,1.539971828,99.36275115111111,9.1801199925,31.124999999999996,1.619746804,99.0,96.0,98.0,84.9234,2.497702782,292340.0,9.3866666665,83.99634146,84.703997799,3.9,15.5,167.5231573,0.4125,99994.0,30.373345831250003,,1.073910952,103.12520298,9.913793103,15451.0,1.438772559,0.1,1.558240294,26.6425,89.87291667,94.832667,89.99677,2.6,1.017067313,65.48382352941177,65.02222222222223
Jordan,JOR,100.0,53.313870967741934,4512400000.0,0.073047176,99.38726072222222,9.27017998875,30.599999999999998,0.194713801,77.0,77.0,76.0,90.5,4.229155689,146230.0,7.368333333,74.215,84.095997616,3.3,15.299999999999999,67.56799743,0.4,-141192.0,29.985782209375003,,-0.296307683,103.14260334000001,12.30769231,3062851.0,0.156793341,0.4,0.217172459,31.495,78.165,85.906457,77.973239,18.2,-0.794852614,65.25588235294117,65.41481481481482
Kazakhstan,KAZ,100.0,54.17354838709677,3043090250.8999996,-0.185301155,99.41177029333333,9.360239985,30.074999999999996,0.143430486,99.0,99.0,99.0,92.2969,15.02786444,120.0,9.8520871165,74.44,83.487997433,2.7,15.1,130.4206754,0.3875,0.0,29.5982185875,,-0.356833428,103.1600037,27.35849057,308.0,-0.011234054,0.7,-0.474393338,31.729333333333336,78.19083333,78.791196,60.094099,4.86,-1.066738844,65.02794117647059,65.80740740740741
Kenya,KEN,76.0,55.03322580645161,1573780501.7999997,-0.759701312,99.43627986444444,9.45029998125,29.549999999999997,-0.300569445,90.0,90.0,90.0,40.8137,7.659862683,30000.0,12.3358409,62.055,82.87999725,2.975,14.899999999999999,121.6735548,0.375,-10000.0,29.210654965625004,,-0.94308722,101.383686095,23.42857143,504473.0,-0.38082996,17.349999999999998,-0.321951181,31.96366666666667,66.31333333,58.286694,45.994789,4.35925,-0.208831713,64.8,66.2
Kiribati,KIR,94.4,55.89290322580645,104470752.7,0.236564711,99.46078943555555,9.5403599775,29.025,0.167575598,91.0,91.0,85.0,54.4214,6.803079672333333,26500.0,9.654727266666667,67.661,83.54285430571429,3.25,14.7,48.82650573,0.3625,-400.0,28.82309134375,,1.11602664,99.60736849,6.666666667,337590.3333333334,-0.261825949,34.0,0.622419,32.198,43.77083333,73.439019,65.748179,3.8585000000000003,1.093916893,64.74054054054054,65.70270270270271
"Korea, Dem. People's Rep.",PRK,54.7,56.75258064516129,28822852235376.348,-1.60609889,99.48529900666666,9.63041997375,28.5,-1.462985516,0.0,0.0,0.0,75.795,5.946296661666667,23000.0,6.973613633333334,73.578,84.20571136142857,3.525,14.5,98.707283015,0.35,-2000.0,28.435527721875,,-0.412224323,97.831050885,17.61280932,170707.6666666667,-2.3930161,17.05,-1.661086679,32.43233333333333,65.806666665,83.597054,74.122219,3.3577500000000002,-2.021923304,64.68108108108108,65.20540540540541
"Korea, Rep.",KOR,100.0,57.612258064516126,57645600000000.0,0.748461604,99.50980857777778,9.72047997,27.974999999999998,1.349573493,98.0,97.0,97.0,97.1686,5.089513651,19500.0,4.2925,82.6804878,84.86856841714285,3.8,14.299999999999999,148.5880603,0.3375,29998.0,28.0479641,,0.56241101,96.05473328,18.6440678,3825.0,1.145222545,0.1,1.159703135,32.66666666666667,87.8425,96.040992,89.913902,2.857,0.872202396,64.62162162162161,64.7081081081081
Kosovo,XKX,100.0,58.471935483870965,38462097543333.33,-0.263794988,99.53431814888889,9.51498179090909,27.45,-0.194389582,97.0,96.5,98.0,98.5061,11.58051045,16000.0,4.1026375,79.524,85.53142547285715,3.5,14.1,164.79155724999998,0.32499999999999996,-5000.0,26.447300425,,-0.252448589,95.50048828333333,12.4470339,2254.5,-0.389362216,6.574999999999999,-0.366031259,32.901,78.51645833500001,91.038439,84.555182,12.093,-0.057891659,64.56216216216215,64.21081081081081
Kuwait,KWT,100.0,59.3316129032258,19278595086666.664,0.1270307,99.55882772,9.309483611818182,26.924999999999997,0.112373598,96.0,96.0,99.0,99.8436,3.98064962,10000.0,3.912775,80.264,86.19428252857143,3.2,13.899999999999999,180.9950542,0.3125,11999.0,24.846636750000002,,0.281217426,94.94624328666667,6.25,684.0,0.210080639,13.049999999999999,0.280016601,29.437,69.19041667,93.969016,89.433041,8.465,-0.685681581,64.5027027027027,63.71351351351352
Kyrgyz Republic,KGZ,99.7,60.19129032258064,95092630000.0,-1.230028629,99.5833372911111,9.103985432727272,26.4,-0.889000654,90.0,90.0,94.0,79.7703,13.92290932,4000.0,18.66496462,72.04878049,86.85713958428572,2.3,13.7,159.6952921,0.3,-9999.0,23.245973075000002,,-0.546579063,94.39199829,20.45454545,274.0,-0.632588208,19.525,-1.147808433,25.973000000000003,81.45583333,82.792184,61.427134,4.837,-0.723176777,64.44324324324324,63.21621621621622
Lao PDR,LAO,100.0,61.05096774193549,12142900000000.0,-0.965779126,99.60784686222222,8.898487253636363,27.255,-0.595122039,80.0,80.0,76.0,66.1548,22.95622251,25833.333333333332,16.244817214999998,68.999,87.51999664,2.4,13.5,138.39553,0.37,-9999.0,21.645309400000002,,0.80272752,89.0530014,21.95121951,19664.5,-0.987142563,26.0,-0.805023313,22.509,60.39541667,76.490355,67.723665,1.209,-1.656626701,64.38378378378378,62.718918918918924
Latvia,LVA,100.0,61.910645161290326,3138175082.0,0.693852961,99.63235643333333,8.692989074545455,28.11,0.691895127,95.0,95.0,96.0,91.0301,17.31028302,47666.666666666664,13.82466981,74.5804878,85.68333180666667,3.5,13.299999999999999,117.0957679,0.43999999999999995,-8466.0,20.044645725000002,,0.480724365,98.44830322,30.0,39055.0,1.170886755,11.8,0.921995938,7.767,88.80625,87.74441,70.696271,6.815,0.933728397,64.32432432432432,62.22162162162162
Lebanon,LBN,100.0,62.770322580645164,5029674067.0,-1.126894951,99.65686600444444,8.487490895454545,28.965,-1.458655715,67.0,67.0,67.0,90.0522,171.2054913,69500.0,11.404522405,74.416,83.84666697333333,3.1333333333333333,13.1,92.306805915,0.51,-160237.0,18.443982050000002,,-1.473512411,86.52070999,6.25,1306143.0,-1.132511377,34.099999999999994,-1.10264194,8.081333333333333,58.48833333,85.227192,77.598732,6.671833333333334,-0.630593657,64.26486486486486,61.72432432432433
Lesotho,LSO,50.0,63.63,6921173052.0,-0.357248217,99.68137557555556,8.281992716363636,29.82,-0.890573919,87.0,87.0,81.0,47.0368,8.271803899,91333.33333333333,8.984375,53.036,82.01000214,2.7666666666666666,12.899999999999999,67.51784393,0.58,-4000.0,16.843318375000003,69.90785217,-0.134738371,74.59311676,26.44628099,251.0,-0.615311503,56.4,-0.48737219,8.395666666666667,57.4625,42.174781,30.385943,6.528666666666667,0.051385432,64.2054054054054,61.22702702702703
Liberia,LBR,31.8,58.29714285714286,6037017179.0,-0.926501334,99.70588514666667,8.076494537272726,30.674999999999997,-1.438253641,78.0,78.0,79.0,30.1275,6.3910526955,113166.66666666666,8.377495541833333,61.1,81.36285945714286,2.4,12.7,136.07323651500002,0.6499999999999999,-5000.0,15.242654700000001,70.15491367935897,-0.29159987,77.36208089166666,10.95890411,620.0,-0.980886161,43.0,-0.915244639,8.71,64.89458333,59.206489,53.817804,6.3855,-0.018905915,64.14594594594594,60.72972972972973
Libya,LBY,70.0,52.964285714285715,5152861306.0,-1.52597928,99.73039471777778,7.870996358181818,31.53,-1.754914165,73.0,73.0,73.0,88.4281,4.510301492,135000.0,7.770616083666667,72.151,80.71571677428571,1.9,12.5,204.6286291,0.72,-2000.0,13.641991025000001,70.40197518871794,-2.197963476,80.13104502333333,16.47058824,2208.0,-2.089348078,29.599999999999998,-1.802445412,9.024333333333335,24.36625,80.465739,70.691095,6.242333333333334,-1.387824893,64.08648648648648,60.23243243243243
Liechtenstein,LIE,100.0,47.63142857142857,4268705433.0,1.714327097,99.7549042888889,7.665498179090909,32.385,1.487835884,81.5,81.5,80.0,96.8046,12.107673821,108560.0,7.1637366255,84.3195122,80.06857409142857,2.65,12.3,126.2796552,0.7899999999999999,150.0,12.04132735,70.64903669807693,1.644336104,82.90000915499999,28.0,524.0,1.629348516,16.199999999999996,1.720416307,9.338666666666667,56.245000000000005,95.098314,93.001528,6.099166666666667,1.371997356,64.02702702702703,59.73513513513514
Lithuania,LTU,100.0,42.298571428571435,3384549560.0,0.747045457,99.77941386,7.46,33.24,0.994318783,90.0,90.0,87.0,87.7242,19.70504615,82120.0,6.556857167333334,75.79268293,79.42143140857142,3.4,12.1,139.1367809,0.8599999999999999,-15192.0,10.440663675,70.8960982074359,0.653739512,85.66897328666667,28.36879433,67638.0,1.298881292,2.8,1.060279012,9.653,88.12375,86.698307,66.8386,5.956,1.063804269,63.96756756756756,59.23783783783784
Luxembourg,LUX,100.0,36.965714285714284,5464178859.0,1.8836025,99.80392343111112,5.46,34.095,1.772715092,99.0,96.0,99.0,98.242,6.336008078,55680.0,5.949977709166667,83.04634146,78.77428872571429,3.6,11.899999999999999,156.82902385,0.9299999999999999,5222.0,8.84,71.14315971679487,1.063888907,88.43793741833333,33.33333333,11952.0,1.83396697,0.0,1.769147038,9.969,87.84166667,93.449707,88.127378,4.588,1.53623879,63.90810810810811,58.74054054054054
"Macao SAR, China",MAC,100.0,31.632857142857148,23532364793.0,0.868675053,99.82843300222223,5.546451612903226,34.95,1.105333328,78.0,76.5,71.5,89.7864,1.045028024,29240.0,5.343098251,85.377,78.12714604285713,2.95,11.7,174.5212668,1.0,5000.0,9.009032258064517,71.39022122615384,1.127567887,91.20690155,25.938189845000004,6035.5,1.82458806,13.75,0.791746438,17.2285,70.794583335,96.064085,91.586824,3.887,-0.531910479,63.84864864864865,58.24324324324324
Madagascar,MDG,36.1,26.3,3389960000000.0,-1.008650899,99.85294257333334,5.6329032258064515,35.805,-0.987728238,57.0,57.0,44.0,20.5777,8.16059032,2800.0,48.83333333,65.23,77.48000336,2.3,11.5,70.18472487,1.0699999999999998,-1500.0,9.178064516129032,71.63728273551281,-0.531038582,59.32899857,18.54304636,119.0,-0.815499842,27.5,-0.942355335,24.488,53.7475,69.604369,60.287815,3.186,-0.287314951,63.78918918918919,57.74594594594595
Malawi,MWI,14.0,25.894285714285715,772407000000.0,-0.61048007,99.87745214444445,5.719354838709678,36.66,-0.840930998,86.0,86.0,82.0,27.6609,20.95396973,97100.0,25.35166667,62.898,68.08000183,2.95,11.335483870967742,60.12725997,1.14,-6000.0,9.347096774193549,71.8843442448718,-0.15286392,77.21949959,22.91666667,35162.0,-0.739736259,41.25,-0.218995497,17.354,64.81416667,62.664211,47.02527,3.558,0.068959244,63.729729729729726,57.24864864864865
Malaysia,MYS,100.0,25.48857142857143,87789000000.0,0.249183893,99.90196171555556,5.805806451612903,37.515,0.993270576,97.0,96.0,96.0,97.3986,3.378698625,191400.0,3.908026667,76.26,68.74214444714286,3.6,11.170967741935485,141.2923164,1.21,48997.0,9.516129032258064,72.13140575423077,0.140358165,95.11000061,13.57466063,134554.0,0.64400661,55.0,0.561897993,10.22,76.62125,87.521042,77.499413,3.93,-0.002093449,63.67027027027027,56.75135135135135
Maldives,MDV,100.0,25.082857142857144,59122549775.66667,-0.401500523,99.92647128666667,5.892258064516129,38.37,-0.13417545,99.0,99.0,98.0,83.9119,2.333143376,285700.0,10.92870651,80.839,69.40428706428571,3.1,11.006451612903225,136.5417622,1.2799999999999998,-8011.0,9.685161290322581,72.37846726358974,0.667752326,95.24829356,4.597701149,97595.5,-0.657294631,68.75,-0.027355907,18.445500000000003,61.81541667,92.880136,90.714592,3.1585,-0.243848056,63.61081081081081,56.25405405405405
Mali,MLI,53.0,24.677142857142858,30456099551.333336,-0.879449666,99.95098085777778,5.978709677419355,39.225,-1.196823478,77.0,77.0,70.0,33.0528,9.621476085,380000.0,10.2437985414,59.417,70.06642968142857,2.6,10.841935483870968,114.4971206,1.3499999999999999,-39998.0,9.854193548387096,72.62552877294871,-2.479408979,95.38658651,28.57142857,60637.0,-0.634121776,82.5,-0.999322295,26.671,59.14125,59.556514,52.493854,2.387,-0.902199984,63.55135135135135,55.75675675675676
Malta,MLT,100.0,24.271428571428572,1789649327.0,0.238677815,99.97549042888889,6.065161290322581,40.08,0.804390192,98.0,98.0,96.0,91.5406,6.153756219,381200.0,9.5588905728,82.7,70.72857229857144,3.3,10.67741935483871,131.5920538,1.42,850.0,10.023225806451613,72.87259028230768,0.913422585,95.52487946,27.84810127,11098.0,0.674093783,44.55,0.787202716,6.211,80.25208333,94.029361,90.828976,2.921,1.076771259,63.49189189189189,55.25945945945946
Marshall Islands,MHL,100.0,23.865714285714287,17671522181.333336,0.385005087,100.0,6.151612903225806,40.935,0.230687335,86.0,87.0,81.0,73.2238,7.8395112525,382400.0,8.8739826042,65.146,71.39071491571428,2.8,10.512903225806452,122.35623344999999,1.49,0.0,10.192258064516128,73.11965179166667,1.056267262,94.9475708,6.060606061,56039.5,-0.394462466,6.6,0.725977838,11.054666666666666,35.525,66.220835,57.624001,4.054666666666667,1.102054238,63.432432432432435,54.76216216216216
Mauritania,MRT,49.0,23.46,33553395035.666668,-0.798844755,98.349485778,6.2380645161290325,41.79,-0.701024175,76.0,76.0,72.0,44.3616,9.525266286,383600.0,8.1890746356,64.691,72.05285753285715,2.3,10.348387096774193,113.1204131,1.5599999999999998,3000.0,10.361290322580645,73.36671330102564,-0.507473767,97.37813823333333,20.26143791,100981.0,-1.062217236,56.8,-0.658643126,15.898333333333333,58.85916667,68.509011,60.878616,5.1883333333333335,-0.727800727,63.372972972972974,54.26486486486486
Mauritius,MUS,100.0,36.215,49435267890.0,0.412719399,96.698971556,6.324516129032258,42.644999999999996,0.750284731,95.0,95.0,98.0,75.5,10.77375122,384800.0,7.504166667,73.51463415,72.71500015000001,2.5,10.183870967741935,161.3582163,1.63,0.0,10.530322580645162,73.61377481038461,0.835721731,99.80870566666667,20.0,98280.0,1.166106105,4.0,0.799989045,20.742,77.30916667,84.108343,71.550843,6.322,0.601032436,63.31351351351351,53.76756756756757
Mexico,MEX,100.0,48.97,439083000000.0,-1.011866212,95.04845733399999,6.410967741935484,43.5,-0.280898958,83.0,83.0,86.0,78.6322,7.896276192,386000.0,8.179166667,74.832,73.37714276714286,2.9,10.019354838709678,100.2881985,1.7,-51399.0,10.699354838709677,73.86083631974358,-0.691959739,102.2392731,50.0,95579.0,-0.148309499,7.2,-0.866642535,17.317,88.56416667,84.656881,72.53396,3.256,-0.121708184,63.25405405405405,53.270270270270274
"Micronesia, Fed. Sts.",FSM,85.3,46.64,224053150000.0,0.484119058,93.397943112,6.49741935483871,40.475,0.379839152,69.0,75.0,69.0,40.5434,5.408743755,478000.0,9.9879166685,70.925,74.03928538428572,2.7,9.85483870967742,113.85222784999999,1.55,-600.0,10.868387096774192,74.10789782910257,1.210484147,86.80200195,7.142857143,100476.5,-0.561271906,5.5,0.686108768,15.7955,35.2975,82.223286,66.500507,2.0765,1.130898833,63.1945945945946,52.77297297297297
Moldova,MDA,100.0,44.31,9023300000.0,-0.341932297,91.74742889,6.583870967741936,37.45,-0.307013601,88.0,90.0,84.0,63.5349,28.73729768,570000.0,11.79666667,68.621,74.70142800142857,2.5,9.690322580645162,127.4162572,1.4,462866.0,11.03741935483871,74.35495933846154,-0.668324411,107.6330185,40.59405941,105374.0,0.101790711,3.8,-0.286658674,14.274,82.76916667,79.479099,54.4461,0.897,0.094781168,63.13513513513514,52.27567567567567
Monaco,MCO,100.0,41.98,43706225000.0,1.27020359,55.0694809,6.670322580645162,34.425,2.046895981,99.0,99.0,88.0,98.3776,21.942626885,662000.0,9.743888891000001,70.644,75.36357061857143,2.5,9.525806451612903,106.8167485,1.25,200.0,11.206451612903226,74.60202084782051,1.204843044,101.710510255,33.33333333,17.0,1.398334026,15.2,1.48544991,14.543,83.40708333500001,96.676574,94.630736,3.5540000000000003,0.712894499,63.075675675675676,51.77837837837838
Mongolia,MNG,100.0,39.65,78389150000.0,-0.560807109,56.96183353388889,6.756774193548387,31.4,-0.424908698,95.0,95.0,94.0,83.9145,15.14795609,754000.0,7.691111112000001,72.667,76.02571323571429,2.5,9.361290322580645,142.2895592,1.1,-850.0,11.375483870967741,74.84908235717948,0.533999085,95.78800201,17.10526316,10.0,-0.270890504,26.6,-0.187423229,14.812,84.045,84.655255,63.13582,6.211,0.262911826,63.016216216216215,51.28108108108108
Montenegro,MNE,100.0,37.32,113072075000.0,-0.118264787,58.85418616777778,6.843225806451613,31.2,-0.027014989,80.0,45.0,33.0,88.2219,13.04030363,846000.0,5.638333333,76.18780488,76.68785585285714,2.8,9.196774193548388,203.1681662,1.2571428571428573,-480.0,11.544516129032258,75.09614386653845,-0.059176981,104.169487,27.16049383,32438.0,0.543230414,2.7,-0.125401407,20.133,78.05416667,89.220937,77.665758,14.852,0.272411823,62.95675675675676,50.78378378378378
Morocco,MAR,100.0,34.989999999999995,147755000000.0,-0.357442886,60.74653880166667,6.929677419354839,31.0,-0.131649643,99.0,99.0,99.0,89.9,6.657042028,938000.0,12.885833331499999,74.973,77.34999847,2.8249999999999997,9.03225806451613,122.619874405,1.4142857142857144,-39998.0,11.713548387096774,75.34320537589744,-0.319889188,101.0282288,24.05063291,7907.0,-0.086889654,25.1,-0.197303429,17.72242857142857,72.26041667,86.228285,78.980988,11.79,-0.560848236,62.8972972972973,50.28648648648648
Mozambique,MOZ,33.2,32.66,194447000000.0,-0.836388111,62.63889143555556,7.016129032258065,30.8,-0.714270294,61.0,61.0,84.0,21.207,10.27940181,1030000.0,20.13333333,59.625,73.42499847,2.8499999999999996,8.86774193548387,42.07158261,1.5714285714285716,-5000.0,11.88258064516129,75.59026688525641,-1.287969947,73.41551208,42.4,4992.0,-0.726218462,25.7,-1.021475792,15.311857142857143,58.69041667,60.527989,44.559126,10.412666666666667,-0.606529355,62.83783783783784,49.78918918918919
Myanmar,MMR,73.7,30.33,112959535000.0,-1.15162313,64.53124406944445,7.102580645161291,30.599999999999998,-1.684041023,71.0,71.0,75.0,41.711,8.1803414755,1498000.0,14.372933272000001,67.256,69.49999847000001,2.875,8.703225806451613,106.6964737,1.7285714285714286,-34998.0,12.051612903225806,75.83732839461538,-2.21174264,92.96875764,43.315384615,4838.5,-1.235084057,26.3,-1.528553843,12.901285714285713,71.9575,75.406303,61.74155,9.035333333333332,-1.809049726,62.77837837837838,49.29189189189189
Namibia,NAM,56.2,28.0,31472070000.0,0.215328231,66.42359670333333,7.1890322580645165,30.4,0.039499521,84.0,84.0,91.0,62.215,6.081281141,1198430.0,8.612533214,58.059,65.57499847,2.9,8.538709677419355,113.1970166,1.885714285714286,-4061.0,12.220645161290323,76.08438990397435,0.556306064,112.5220032,44.23076923,4685.0,-0.015001387,26.9,0.404543519,10.490714285714285,55.77083333,52.423459,34.105225,7.6579999999999995,0.561278462,62.71891891891892,48.79459459459459
Nauru,NRU,100.0,25.669999999999998,30271121601.666668,0.601521969,68.31594933722222,7.275483870967742,30.2,0.1999854,98.0,98.0,98.0,82.6668,6.8660364545,898860.0,8.715201618,64.014,61.64999847,3.3,8.374193548387098,114.8197667,2.042857142857143,-140.0,12.38967741935484,76.33145141333333,0.880902827,106.6705017,10.52631579,45.0,0.019245401,56.75,-0.023583662,8.080142857142857,32.60708333,66.718407,47.860091,6.280666666666666,0.618146777,62.65945945945946,48.29729729729729
Nepal,NPL,91.3,23.339999999999996,29070173203.333332,-0.532641351,70.20830197111111,7.361935483870968,30.0,-0.917344749,90.0,90.0,90.0,49.5609,7.650791768,599290.0,8.817870022000001,70.484,57.72499847,3.6999999999999997,8.20967741935484,116.44251679999999,2.2,-62012.0,12.558709677419355,76.57851292269231,-0.251907498,100.8190002,33.09090909,19560.0,-0.650234938,86.6,-0.448678464,5.669571428571427,61.98458333,78.179179,70.069591,4.903333333333332,-0.0491594,62.6,47.8
Netherlands,NLD,100.0,21.009999999999998,27869224805.0,1.9171803,72.100654605,7.448387096774194,31.006666666666668,1.579469323,93.0,88.0,89.0,92.5197,10.00120788,299720.0,8.920538426,81.71463415,53.799998470000006,4.1,8.045161290322582,118.0652669,2.1733333333333333,29998.0,12.72774193548387,76.82557443205128,0.717304826,95.784257855,40.66666667,237368.0,1.712272048,0.0,1.657425642,3.259,92.82541667,92.463589,90.091467,3.526,1.541864872,63.758823529411764,49.976470588235294
New Caledonia,NCL,100.0,18.68,29054883203.333332,2.0402572155,73.9930072388889,7.53483870967742,32.013333333333335,1.460000634,91.0,88.5,89.5,94.1248,8.58671632,150.0,9.02320683,80.98207317,49.87499847000001,3.8499999999999996,7.880645161290323,116.37756780000001,2.146666666666667,500.0,12.896774193548387,77.07263594141025,1.014843583,90.74951551000001,45.54341737,119579.5,1.7887325285,16.666666666666668,1.6946114300000001,23.618,90.78416666999999,91.10532,82.765343,10.71,1.590768099,64.91764705882353,52.152941176470584
New Zealand,NZL,100.0,16.349999999999994,30240541601.666668,2.163334131,75.88535987277778,7.621290322580645,33.02,1.340531945,89.0,89.0,90.0,95.7299,7.17222476,625.0,9.125875234,82.76097561,45.949998470000004,3.6,7.716129032258065,114.6898687,2.12,12999.0,13.065806451612904,77.31969745076923,1.31238234,85.714773165,50.42016807,1791.0,1.865193009,33.333333333333336,1.731797218,11.56,88.74291667,92.345759,88.651867,3.297,1.639671326,66.0764705882353,54.32941176470588
Nicaragua,NIC,86.5,14.019999999999996,31426200000.0,-1.287311792,77.77771250666667,7.707741935483871,34.02666666666667,-1.035816312,92.0,92.0,93.0,61.0524,10.46742445,1100.0,9.228543638,74.615,42.02499847000001,2.5,7.5516129032258075,110.35516696666667,2.0933333333333333,-8000.0,13.234838709677419,77.5667589601282,-0.348428488,80.68003082,51.64835165,312.0,-0.914733768,50.0,-1.309880257,13.615,52.72791667,85.129081,74.237346,1.8575000000000002,-1.34889102,67.23529411764706,56.50588235294117
Niger,NER,19.5,11.69,75312760000.0,-0.585803986,79.67006514055555,7.794193548387097,35.03333333333333,-0.639215767,84.0,84.0,65.0,16.937,4.226217919,372000.0,10.781543938999999,62.08,38.09999847,2.55,7.387096774193549,106.02046523333333,2.066666666666667,1000.0,13.403870967741936,77.81382046948718,-1.472179294,52.98791885,25.90361446,255307.0,-0.720803857,40.0,-0.484884024,15.67,65.26958333,64.085658,57.060483,0.418,-0.381765068,68.39411764705882,58.68235294117647
Nigeria,NGA,60.5,12.345588235294118,119199320000.0,-1.101030469,81.56241777444444,7.880645161290323,36.04,-1.035123467,62.0,62.0,60.0,35.4563,18.84718778,3646000.0,12.33454424,53.633,49.947810360000005,2.6,7.222580645161291,101.6857635,2.04,-59996.0,13.572903225806453,78.06088197884615,-1.798141479,70.722803115,3.611111111,91275.0,-1.155944705,30.0,-0.913734317,13.86,58.60958333,47.754808,46.041738,3.821,-0.595210969,69.55294117647058,60.858823529411765
North Macedonia,MKD,100.0,13.001176470588234,163085880000.0,-0.323431134,83.45477040833333,7.967096774193549,37.04666666666667,-0.081071496,84.0,84.0,71.0,84.2304,14.20471732,110.0,4.633067219,74.42487805,61.79562225,3.1,7.058064516129033,97.83329942,2.0133333333333336,-1000.0,13.741935483870968,78.30794348820513,0.117590658,88.45768738,41.66666667,7065.0,0.452958882,20.0,-0.09628012,18.427,83.46166667,86.536871,76.873377,14.477,0.159953982,70.71176470588236,63.035294117647055
Northern Mariana Islands,MNP,100.0,13.656764705882352,206972440000.0,0.8721646670000001,85.34712304222222,8.053548387096775,38.053333333333335,0.930554569,90.5,90.0,83.5,91.6152,9.984420249500001,4582.5,3.938200276,78.49292683,73.64343414,3.4000000000000004,6.893548387096775,104.25607676,1.9866666666666668,-50.0,13.910967741935483,78.5550049975641,0.489274498,87.83527883,43.318540435,41188.0,0.9845491945000001,10.0,0.8329456935,12.326,88.47874999999999,88.336566,83.372776,8.854,0.9674111755,71.87058823529412,65.21176470588235
Norway,NOR,100.0,14.31235294117647,250859000000.0,2.067760468,87.23947567611111,8.14,39.06,1.942180634,97.0,96.0,96.0,99.0,5.764123179,9055.0,3.243333333,82.56097561,85.49124603,3.7,6.7290322580645165,110.6788541,1.9600000000000002,27998.0,14.08,78.80206650692307,0.860958338,87.21287028,44.9704142,75311.0,1.516139507,0.0,1.762171507,6.225,93.49583333,93.993172,90.834416,3.231,1.774868369,73.02941176470588,67.38823529411764
Oman,OMN,100.0,14.967941176470589,201313988604.8,0.052399512,89.13182831,7.760000000000001,40.06666666666667,0.022041289,99.0,99.0,97.0,97.849,2.506142506,13527.5,4.15937499975,73.935,97.33905792,3.3,6.564516129032259,96.212883385,1.9333333333333333,0.0,18.06375,79.04912801628205,0.529911399,86.59046173,2.325581395,295.0,0.432644993,19.95,0.500481188,25.5,66.13125,85.36559,79.286243,3.3,-1.147820354,74.18823529411765,69.56470588235294
Pakistan,PAK,95.0,15.623529411764705,151768977209.6,-0.804032683,90.218852236,7.380000000000001,41.07333333333334,-0.623640716,85.0,85.0,82.0,32.9486,19.87385996,18000.0,5.0754166665,66.431,96.01220975357143,3.2333333333333334,6.4,81.74691267,1.9066666666666667,-165988.0,22.0475,79.29618952564103,-1.900261998,86.50579071,20.46783626,1743785.0,-0.886412621,39.9,-0.672492206,22.854666666666667,71.13333333,73.755113,63.396418,4.960333333333334,-0.862237751,75.34705882352941,71.74117647058823
Palau,PLW,100.0,16.279117647058825,102223965814.40002,0.601521969,91.305876162,7.0,42.08,0.449828535,94.0,95.0,96.0,53.27855,12.35266384,40333.33333333333,5.99145833325,71.6285,94.68536158714286,3.1666666666666665,9.66470588235294,132.927167,1.8800000000000001,-20.0,26.03125,79.543251035,1.096862912,86.42111969,6.25,873180.5,0.442982525,58.53333333333333,0.952804446,20.209333333333333,48.32125,69.113918,51.699674,6.620666666666667,1.064814568,76.50588235294117,73.91764705882352
Panama,PAN,95.0,16.93470588235294,52678954419.20001,-0.634607255,92.392900088,6.62,43.08666666666667,-0.127450809,87.0,87.0,92.0,73.6085,2.859651288,62666.666666666664,6.9075,76.826,93.35851342071429,3.1,12.929411764705883,156.3065885,1.8533333333333335,7967.0,30.015,79.79031254435897,0.297832072,86.33644867000001,22.53521127,2576.0,0.127132148,77.16666666666666,-0.360025138,17.564,70.48666667,86.460689,77.087017,8.281,0.53858304,77.66470588235293,76.09411764705882
Papua New Guinea,PNG,19.0,17.59029411764706,3133943024.0,-0.696246028,93.479924014,6.24,44.093333333333334,-0.807290256,36.0,36.0,44.0,26.991,5.253239222,85000.0,7.990833333,65.958,92.03166525428571,2.7,16.194117647058825,142.00577859999999,1.8266666666666667,-800.0,33.99875,80.03737405371794,-0.609061778,86.25177765000001,1.739130435,10524.0,-0.682209134,95.8,-0.616135001,27.69,45.98208333,72.584369,59.08303,2.689,-0.014180064,78.8235294117647,78.27058823529411
Paraguay,PRY,100.0,18.245882352941177,21227400000000.0,-1.090223432,94.56694794,5.859999999999999,45.1,-0.613315761,69.0,69.0,54.0,76.2592,9.765566672,79000.0,10.2940458315,70.475,90.70481708785714,2.7,19.458823529411767,127.7049687,1.8,-12499.0,37.9825,80.28443556307693,0.035977952,86.16710663,17.5,5420.0,-0.169901669,21.1,-0.590548575,25.2345,75.83375,77.960041,65.4633,6.755,0.001824836,79.98235294117646,80.4470588235294
Peru,PER,96.2,18.901470588235295,11304300000000.0,-0.807577431,80.10112762,5.4799999999999995,40.3,-0.397766113,82.0,82.0,74.0,74.675,8.333706301,73000.0,12.59725833,73.385,89.37796892142858,3.0,22.72352941176471,122.0264016,4.0,-60652.0,41.96625,80.5314970724359,-0.446338385,102.5783691,40.0,6543.0,0.20857498,10.7,-0.551391065,22.779,73.27166667,80.468493,72.66549,4.291,0.051325444,81.14117647058823,82.62352941176471
Philippines,PHL,94.8,19.55705882352941,1381200000000.0,-0.540948451,77.967450615,5.1,40.265625,0.064777203,72.0,72.0,69.0,75.2111,5.821158112,102000.0,10.9902387842,72.187,88.051120755,3.3,25.988235294117644,144.0428223,3.940625,-69996.0,45.95,80.77855858179487,-0.712976396,87.98300171,27.33118971,856.0,0.062785596,25.9,-0.518337488,12.756,83.37791667,81.715031,74.008519,2.598,-0.056843475,82.3,84.8
Poland,POL,100.0,20.212647058823528,135346000000.0,0.506694496,75.83377361,6.68,40.231249999999996,0.25948903,90.0,90.0,71.0,86.9411,14.42945076,86200.0,9.3832192384,77.30487805,86.72427258857142,3.6,29.252941176470586,131.9444373,3.88125,3366387.0,45.95,81.02562009115384,0.500283241,97.19225311,28.26086957,971129.0,0.71730566,13.299999999999999,0.430609286,10.5,91.5725,89.781126,76.620058,2.811,0.600356281,81.39166666666667,83.96111111111111
Portugal,PRT,100.0,20.868235294117646,19625297275.0,0.72902143,73.700096605,10.62,40.196875,1.001591086,99.0,99.0,98.0,84.4969,7.832691242,70400.0,7.7761996926000005,81.5804878,85.39742442214285,3.4,32.51764705882353,124.5494123,3.821875,9999.0,45.95,81.27268160051281,0.860719681,98.11350249428571,36.95652174,59777.0,0.762673318,0.7,1.113929033,7.832,89.31375,93.643273,85.625247,6.011,1.253335953,80.48333333333333,83.12222222222222
Puerto Rico,PRI,100.0,21.523823529411764,45403627477.66667,0.11515145,71.5664196,10.515882352941176,40.162499999999994,-0.482191682,98.5,98.5,98.5,87.2918,6.4139833895,54600.0,6.1691801468000005,79.72,84.07057625571429,3.45,35.78235294117647,119.7930948,3.7625,16702.0,45.95,81.5197431098718,0.543191195,99.03475187857143,20.700483092,29987.0,0.84851265,0.7,0.533023357,11.060666666666666,79.981666665,90.748919,77.63825,6.0,0.442538172,79.575,82.28333333333333
Qatar,QAT,100.0,22.179411764705883,71181957680.33334,0.803727508,69.43274259500001,10.411764705882351,40.128125,1.136828542,98.0,98.0,99.0,100.0,4.995275537,38800.0,4.562160601,81.559,82.74372808928571,3.5,39.04705882352941,174.1281471,3.703125,0.0,45.95,81.76680461923077,0.958558142,99.95600126285714,4.444444444,197.0,0.870516777,0.7,0.919315934,14.289333333333333,70.64958333,93.56146,91.71742,0.13,-1.04874444,78.66666666666666,81.44444444444444
Romania,ROU,100.0,22.835,96960287883.0,0.016672393,67.29906559,10.307647058823528,40.09375,4.70589620817918e-05,85.0,85.0,83.0,85.5031,13.79548874,23000.0,7.757094309,75.30487805,81.41687992285713,3.2,42.311764705882354,118.1071502,3.64375,916813.0,45.95,82.01386612858974,0.48802197,100.87725064714286,19.09090909,105621.0,0.364533067,0.7,0.404155731,17.518,84.32291667,86.859445,71.814563,5.614,0.563367963,77.75833333333333,80.60555555555555
Russian Federation,RUS,100.0,23.49058823529412,72748277069.425,-0.979387343,65.165388585,10.203529411764706,40.059374999999996,-0.695411026,97.0,97.0,97.0,90.418,15.742349149999999,7200.0,11.45916667,72.54560976,80.09003175642857,2.6,45.57647058823529,98.98360042,3.584375,942445.0,45.95,82.26092763794871,-0.91899544,101.79850003142857,16.22222222,1277672.0,-1.141972661,37.85,-1.195294023,10.076,84.07041667,81.858171,55.001426,3.867,-1.261633992,76.85,79.76666666666667
Rwanda,RWA,50.6,24.146176470588237,48536266255.85,0.561202586,63.03171158,10.09941176470588,40.025,0.23248598,98.0,98.0,96.0,34.4405,17.68920956,7400.0,16.385,67.129,78.76318359,2.8,48.84117647058823,79.86005064,3.525,-8999.0,45.95,82.50798914730768,0.030513978,102.71974941571429,61.25,120753.0,0.162929788,75.0,0.146466091,28.584,70.57958333,71.350829,61.199241,15.084,-0.930956423,75.94166666666666,78.92777777777778
Samoa,WSM,98.3,24.801764705882356,24324255442.274994,0.553921998,64.59590673625,9.995294117647058,39.990625,0.304703802,76.0,76.0,82.0,75.2869,10.96188223,7600.0,8.291059043,72.598,89.33897017999999,2.9499999999999997,52.10588235294117,60.40057199,3.465625,-1500.0,45.95,82.75505065666667,1.078609109,103.6409988,12.96296296,90678.25,-0.272904605,69.28,0.945017695,30.09,62.44875,82.44981,72.480056,5.048,0.976826727,75.03333333333333,78.08888888888889
San Marino,SMR,100.0,25.45735294117647,112244628.7,1.27020359,66.1601018925,9.891176470588235,39.95625,1.77110064,92.0,91.0,91.0,85.0607,14.48375867,7800.0,3.802091667,70.696,99.91475677,3.0999999999999996,55.370588235294115,121.8062983,3.40625,100.0,45.95,83.00211216602564,1.204843044,105.8252411,33.33333333,60603.5,0.545899749,63.56,1.749781728,26.183,58.638958335,94.659276,92.538836,4.91,1.227239251,74.125,77.25
Sao Tome and Principe,STP,78.0,26.11294117647059,256668122314.35,0.284455985,67.72429704875,9.787058823529412,39.921875,-0.843731463,97.0,97.0,77.0,56.9899,18.00563511,8000.0,17.90422872,68.794,93.75,3.25,58.63529411764706,86.77896033,3.346875,-600.0,45.95,83.24917367538461,0.607801914,112.97218705,14.54545455,30528.75,-0.890242934,57.839999999999996,-0.61407131,22.276,54.82916667,74.624044,61.478366,5.2495,0.285293698,73.21666666666667,76.41111111111111
Saudi Arabia,SAU,100.0,26.768529411764707,513224000000.0,0.356948316,69.288492205,9.682941176470587,39.8875,0.583050787,98.0,98.0,98.0,100.0,2.474073719,8200.0,15.703551559249998,77.905,75.70999908499999,3.4,61.9,132.3800002,3.2875,28998.0,45.95,83.49623518474358,-0.362989008,120.119133,19.86754967,454.0,0.418585479,52.12,0.290623277,18.369,80.76583333,87.781626,84.329583,5.589,-1.48996067,72.30833333333334,75.57222222222222
Senegal,SEN,67.9,27.42411764705882,1379900000000.0,-0.028728109,70.85268736125,9.578823529411764,39.853125,-0.001249278,88.0,88.0,80.0,59.9832,9.696818991,8400.0,13.5028743985,67.913,57.66999817,3.0999999999999996,61.9,120.4336409,3.228125,-19999.0,45.95,83.74329669410255,-0.153299466,57.22800064,44.24242424,11802.0,-0.296521306,46.4,-0.262500226,33.034,72.20625,75.450748,64.354516,2.837,0.164923653,71.4,74.73333333333333
Serbia,SRB,100.0,28.07970588235294,250265000000.0,-0.456187755,72.4168825175,9.474705882352941,39.81875,0.065668479,92.0,92.0,81.0,83.5383,11.98151173,195000.0,11.30219723775,75.48219512,54.659998576666666,2.8,61.9,155.97103545,3.16875,-9999.0,45.95,83.99035820346154,-0.172904298,88.56411743,36.55462185,26521.0,0.137092441,3.1,-0.113290347,13.231,80.83583333,87.328962,74.919975,8.439,-0.099995345,70.49166666666666,73.89444444444445
Seychelles,SYC,100.0,28.735294117647058,173806752873.0,1.698149085,73.98107767375001,9.370588235294118,39.784375,0.662167311,97.0,97.0,98.0,86.6654,2.626036329,99000.0,9.101520077,73.84878049,51.64999898333333,3.3,61.9,191.50843,3.109375,-200.0,45.95,84.23741971282051,0.75640434,101.0478134,22.85714286,40529.4,0.327582836,8.2,0.460202545,11.028333333333332,65.98416667,82.606697,67.967198,6.823,0.597845078,69.58333333333333,73.05555555555556
Sierra Leone,SLE,29.4,29.390882352941176,97348505746.0,-0.563655317,75.54527283,9.266470588235293,39.75,-1.16025281,91.0,91.0,90.0,30.3518,27.20828838,3000.0,19.31333333,60.411,48.63999939,3.8,61.9,173.99374154999998,3.05,-4000.0,45.95,84.48448122217948,-0.089501671,99.58978461,12.32876712,54537.8,-1.055577874,6.1499999999999995,-0.828648925,8.825666666666667,59.19958333,61.08649,55.454418,5.207000000000001,-0.142346099,68.675,72.21666666666667
Singapore,SGP,100.0,30.046470588235294,20890258619.0,2.094723701,78.58050973285714,9.16235294117647,39.715625,2.144825935,97.0,96.0,96.0,95.9539,6.12106004,2600.0,17.81023809242857,82.89512195,47.37083308,4.3,61.9,156.4790531,2.990625,26998.0,45.95,84.73154273153845,1.45994246,98.13175582,29.12621359,68546.2,2.214378357,4.1,1.779277682,6.623,86.55791667,94.598562,90.448711,3.591,-0.049447365,67.76666666666667,71.37777777777778
Sint Maarten (Dutch part),SXM,100.0,30.702058823529413,13830258477.0,1.154163785,81.61574663571429,9.058235294117647,39.68125,1.261723712,97.0,96.5,95.5,92.5108,9.4476032,2200.0,16.30714285485714,74.409,46.10166677,3.8,61.9,144.20225365,2.9312500000000004,0.0,45.95,84.97860424089743,0.951688364,96.67372703,25.229773459999997,82554.6,1.5323156715000001,2.05,1.2009077665,8.309,87.84895833499999,86.239562,77.373108,4.867,0.418442216,66.85833333333333,70.53888888888889
Slovak Republic,SVK,100.0,31.35764705882353,6770258335.0,0.213603869,84.65098353857142,8.954117647058823,39.646875,0.378621489,97.0,97.0,95.0,89.0677,12.77414636,1800.0,14.804047617285713,77.06585366,44.83250046,3.3,61.9,131.9254542,2.871875,425001.0,45.95,85.22566575025641,0.443434268,95.21569824,21.33333333,96563.0,0.850252986,0.0,0.622537851,9.995,89.14,87.802014,74.054385,6.143,0.886331797,65.95,69.7
Slovenia,SVN,100.0,32.01323529411765,4112617000.0,0.767380297,87.68622044142857,8.85,39.6125,1.069066644,89.0,89.0,96.0,88.9125,8.833698867,1400.0,13.300952379714285,81.28292683,43.563334149999996,3.3,61.9,126.1838135,2.8125,2000.0,45.95,85.47272725961538,0.706639647,97.25076294,40.0,8705.0,0.694944024,0.0,0.972656548,8.234,92.53333333,94.081827,87.52857,4.011,0.972445667,65.04166666666666,68.86111111111111
Solomon Islands,SLB,76.0,32.66882352941177,1635950527.0,-0.184422299,90.72145734428571,8.99,39.578125,-0.674787521,89.0,89.0,90.0,44.9575,5.518129286,1000.0,11.797857142142856,70.742,42.29416784,2.8,61.9,88.22046044,2.753125,-1600.0,45.95,85.71978876897435,0.379514664,97.9966888475,8.0,12364.0,-0.766386211,57.8,-0.241932362,17.218666666666667,48.1975,77.809624,71.129648,13.763333333333335,0.321038097,64.13333333333333,68.02222222222223
Somalia,SOM,48.9,33.324411764705886,148298975263.5,-1.7924546,93.75669424714286,9.129999999999999,39.54375,-2.026367903,42.0,42.0,46.0,27.6,6.2789279495,3864000.0,10.294761904571427,56.107,41.02500153,2.0,61.9,50.25710738,2.69375,-30000.0,45.95,85.96685027833333,-2.483434439,98.742614755,19.7080292,16023.0,-1.900155783,44.95,-2.286855459,26.203333333333333,48.38333333,54.112813,44.86185,23.515666666666668,-1.734435916,63.225,67.18333333333334
South Africa,ZAF,86.5,33.980000000000004,294962000000.0,-0.31976521,96.79193115,9.27,39.509375,-0.125317961,85.0,85.0,86.0,74.703,7.039726613,2669500.0,8.791666667,61.48,53.89185333499999,3.7,61.9,167.3958702,2.6343750000000004,58496.0,45.95,86.2139117876923,-0.72211808,99.4885406625,46.5,66596.0,-0.185125753,32.1,0.019737322,35.188,82.38125,57.223982,44.233683,33.268,0.707014203,62.31666666666666,66.34444444444445
South Sudan,SSD,8.4,34.63558823529412,160553000000.0,-1.85575521,96.84640433363636,9.41,39.475,-2.38986516,73.0,73.0,72.0,12.1407,-6.687320942,1475000.0,16.29349646,55.567,66.75870513999999,3.8,61.9,30.02012982,2.575,-30694.0,45.95,86.46097329705128,-2.210053921,100.23446657,32.36363636,308369.0,-2.103992701,16.15,-2.055449009,22.12,33.83041667,52.328355,45.64502,23.0925,-1.698617816,61.40833333333333,65.50555555555556
Spain,ESP,100.0,35.29117647058823,26144000000.0,0.685312092,96.90087751727272,9.549999999999999,39.440625000000004,0.92075789,93.0,93.0,96.0,94.4855,8.390576341,743500.0,13.212371279000001,83.08292683,79.625556945,3.9,61.9,124.0994495,2.515625,39998.0,45.95,86.70803480641025,0.265326977,100.9803924775,42.97994269,314490.0,0.797074437,0.2,0.799932122,9.052,91.4075,94.564687,88.88725,12.917,1.013012767,60.5,64.66666666666666
Sri Lanka,LKA,100.0,35.94676470588235,956210000000.0,-0.383287221,96.9553507009091,9.69,39.40625,-0.391204476,98.0,98.0,99.0,50.1067,49.72110211,12000.0,10.131246098000002,76.61,92.49240875,2.8,61.9,143.0794174,2.45625,-77495.0,45.95,86.95509631576923,-0.785569847,101.726318385,5.333333333,504.0,-0.653642833,30.3,-0.056925315,18.051,79.05041667,89.380769,77.108228,4.528,-0.191544354,59.59166666666667,63.827777777777776
St. Kitts and Nevis,KNA,100.0,36.60235294117647,844169285714.2858,0.389788479,97.00982388454545,9.83,39.371875,0.392122597,96.0,96.0,95.0,76.4575,2.668175331,720200.0,7.050120917,72.027,91.54037128545454,2.7199999999999998,61.9,132.425005375,2.396875,20.0,45.95,87.2021578251282,0.943862259,102.47224429250001,31.25,219828.8,0.58444494,39.14,0.502344728,22.7175,50.0025,82.803131,66.911811,10.230999999999998,0.764573812,58.68333333333334,62.98888888888889
St. Lucia,LCA,100.0,37.25794117647059,732128571428.5714,0.57885313,97.06429706818182,9.969999999999999,39.337500000000006,-0.097093813,81.0,81.0,81.0,74.1859,6.378146951,1428400.0,6.5128745,71.294,90.58833382090909,2.6399999999999997,61.9,121.77059335000001,2.3375000000000004,0.0,45.95,87.44921933448717,0.869225919,103.2181702,11.11111111,439153.6,0.439211994,47.980000000000004,0.661592185,27.384,66.00333333,82.396729,67.482904,15.934,0.844048798,57.775,62.15
St. Martin (French part),MAF,100.0,37.913529411764706,620087857142.8572,0.6674785910000001,97.11877025181818,10.11,39.303125,0.11044356600000002,86.5,90.0,88.5,75.96385000000001,6.0191223715,2136600.0,6.952431499999999,80.55,89.63629635636363,2.56,61.9,111.116181325,2.278125,0.0,45.95,87.69628084384615,0.956512183,102.55260165,14.646464645,658478.3999999999,0.3940398095,56.82,0.6529644130000001,33.76566666666667,60.64645833,93.264155,86.700414,13.132666666666665,0.8452834785000001,56.86666666666667,61.31111111111111
St. Vincent and the Grenadines,VCT,100.0,38.569117647058825,508047142857.1429,0.756104052,97.17324343545454,10.25,39.268750000000004,0.317980945,92.0,99.0,96.0,77.7418,5.660097792,2844800.0,7.3919885,68.972,88.68425889181817,2.48,61.9,100.4617693,2.21875,-200.0,45.95,87.94334235320513,1.043798447,101.8870331,18.18181818,877803.2,0.348867625,65.66,0.644336641,40.147333333333336,55.28958333,73.154657,61.648655,10.331333333333333,0.846518159,55.958333333333336,60.47222222222222
Sudan,SDN,63.2,39.22470588235294,396006428571.4286,-1.397860169,97.2277166190909,10.39,39.234375,-1.705309153,84.0,84.0,81.0,28.7045,138.8084602,3553000.0,11.070240675,65.578,87.73222142727272,2.4,61.9,73.96660858,2.159375,-9999.0,45.95,88.1904038625641,-1.998894215,101.22146455000001,23.796791445,1097128.0,-1.581311107,74.5,-1.264525056,46.529,43.57875,71.435972,61.400028,7.53,-1.500513196,55.05,59.63333333333333
Suriname,SUR,99.0,39.88029411764706,283965714285.71436,-0.405177504,97.28218980272727,10.53,39.2,-0.943955839,77.0,77.0,74.0,75.7614,52.44602728,4381000.0,14.74849285,70.289,86.78018396272728,3.2,61.9,150.2880072,2.1,-1000.0,45.95,88.43746537192308,0.396292031,100.555896,29.41176471,25.0,-0.789872885,37.25,-0.127625868,25.7435,61.5175,76.314639,63.179043,7.461,0.367263019,54.141666666666666,58.794444444444444
Sweden,SWE,100.0,40.53588235294118,171925000000.0,2.061658144,97.33666298636363,10.67,35.0,1.572977066,94.0,94.0,92.0,95.0097,8.369290989,5209000.0,8.697608293,83.1097561,85.82814649818182,4.0,61.9,125.0711442,2.0700000000000003,39998.0,45.95,88.68452688128204,0.902623057,99.89032745,46.41833811,277726.0,1.681576967,0.0,1.690068483,4.958,92.22791667,94.066636,91.077619,7.392,1.521039724,53.233333333333334,57.955555555555556
Switzerland,CHE,100.0,41.1914705882353,8626032327.0,2.009313822,97.39113617,10.707474954444445,30.800000000000004,2.049948931,96.0,76.0,96.0,96.8046,2.835027986,6037000.0,2.646723736,83.45365854,84.87610903363637,4.1,61.9,119.5610489,2.04,39998.0,45.95,88.93158839064102,1.161139727,95.06360626,41.5,182474.0,1.620113015,0.0,1.751806736,9.314,88.79666667,94.588086,91.311092,4.122,1.615559578,52.325,57.11666666666667
Syrian Arab Republic,SYR,89.0,41.847058823529416,5885474710.0,-1.775999069,97.44560935363636,10.74494990888889,26.6,-1.752044916,46.0,46.0,41.0,66.4459,3.3401093383333333,6865000.0,2.7696261352500002,72.3,83.92407156909091,2.3,61.9,110.34064867333333,2.0100000000000002,734304.0,45.95,89.1786499,-2.79725194,58.26871872,11.2,593844.0,-1.823899746,40.75,-2.069442272,10.32225,31.92041667,84.601201,70.370389,3.3265,-1.893770814,51.41666666666667,56.27777777777778
Tajikistan,TJK,100.0,42.502647058823534,3144917093.0,-1.434153557,97.50008253727272,10.782424863333333,27.46470588235294,-0.756126046,97.0,97.0,98.0,36.0872,3.8451906906666666,4590333.333333334,2.8925285345000002,71.288,82.97203410454546,2.5,61.9,101.12024844666666,1.98,-19999.0,45.95,89.1786499,-0.694840014,72.734357835,26.98412698,8608.0,-1.197977424,81.5,-1.255800605,11.3305,53.42708333,80.325862,71.003837,2.5309999999999997,-1.672766209,50.50833333333333,55.43888888888889
Tanzania,TZA,45.8,43.158235294117645,4707140000000.0,-0.341099858,97.5545557209091,10.819899817777777,28.329411764705885,-0.426734716,88.0,88.0,86.0,31.8913,4.350272043,2315666.666666667,3.01543093375,66.782,82.01999664,3.0,61.9,91.89984822,1.9500000000000002,-39997.0,45.95,89.1786499,-0.265859962,87.19999695,36.8556701,206229.0,-0.563533366,44.9,-0.443158507,12.33875,67.33416667,69.87761,61.858196,1.7355,-0.65902853,49.6,54.6
Thailand,THA,99.9,43.81382352941176,818231000000.0,-0.452194035,97.60902890454545,10.857374772222222,29.194117647058825,0.128285065,97.0,97.0,96.0,87.9772,6.077412284,41000.0,3.138333333,79.68,81.88999661272727,3.5,61.9,176.3169269,1.92,18999.0,45.95,89.1786499,-0.383099318,97.39299774,15.74642127,94472.0,0.165019408,8.3,0.067307785,13.347,82.51416667,89.087685,76.239345,0.94,-0.622607708,50.82352941176471,54.6
Timor-Leste,TLS,99.7,44.46941176470588,247619009.6,-0.265985161,97.66350208818181,10.894849726666667,30.058823529411764,-0.767780125,86.0,86.0,79.0,40.7521,7.02249295,21650.0,11.00449208,69.056,81.75999658545454,3.0,61.9,110.4161199,1.8900000000000001,-5000.0,45.95,89.1786499,0.273400307,93.266895295,40.0,51886.0,-0.472811252,40.650000000000006,-0.88339597,29.122,59.86041667,75.841025,68.725182,1.537,0.487551421,52.04705882352941,54.6
Togo,TGO,57.2,45.125,252288000000.0,-0.649671555,97.71797527181818,10.93232468111111,30.923529411764704,-0.642588735,82.0,82.0,71.0,37.6212,7.967573616,2300.0,9.431849355,61.588,81.62999655818182,2.5,61.9,74.18189659,1.86,-2000.0,45.95,89.1786499,-0.711050153,89.14079285,18.68131868,9300.0,-0.562867999,73.0,-0.558834016,13.251,66.68166667,61.814602,57.788374,1.965,-0.762097478,53.27058823529412,54.6
Tonga,TON,100.0,45.78058823529412,401263750000.0,-0.420627415,97.77244845545454,10.969799635555555,31.788235294117648,-0.166477576,99.0,99.0,99.0,58.80275,10.97136529,276475.0,7.85920663,71.27,81.49999653090909,2.5,61.9,102.374147195,1.83,-800.0,45.95,89.1786499,1.114246726,104.1760025,3.703703704,6362.0,-0.347820729,51.43333333333334,0.594402671,15.066500000000001,59.89375,78.091906,66.889735,3.1740000000000004,0.83951956,54.49411764705883,54.6
Trinidad and Tobago,TTO,100.0,46.43617647058824,550239500000.0,-0.379686356,97.8269216390909,11.00727459,32.65294117647059,-0.025120277,93.0,93.0,92.0,79.9843,5.828386385,550650.0,7.489583333,74.708,81.36999650363636,2.5,61.9,130.5663978,1.8,-800.0,45.95,89.1786499,0.357974648,105.122306825,26.19047619,3424.0,-0.074092187,29.866666666666667,-0.167874694,16.882,55.44583333,82.999272,71.631935,4.383,0.64661628,55.71764705882353,54.6
Tunisia,TUN,100.0,47.091764705882355,699215250000.0,-0.251350313,97.88139482272727,11.044749544444445,33.51764705882353,-0.299408108,97.0,97.0,95.0,73.8379,8.306461244,824825.0,9.078130952571428,74.263,81.23999647636364,2.95,61.9,129.2577838,1.77,-4000.0,45.95,89.1786499,-0.596295178,106.06861115,26.26728111,3299.0,-0.414175898,8.3,-0.085312277,23.769,75.12666667,86.405285,76.150226,15.301,-0.183771133,56.94117647058824,54.6
Turkiye,TUR,100.0,47.74735294117647,848191000000.0,-0.467645317,97.93586800636363,11.08222449888889,34.38235294117647,-0.199029654,99.0,99.0,95.0,83.4372,72.30883599,1099000.0,10.666678572142857,78.475,81.10999644909091,3.4,61.9,105.807654,1.74,-301586.0,45.95,89.1786499,-1.039865017,107.014915475,17.35395189,3568259.0,-0.244638905,24.34,-0.458115965,24.119,87.71416667,91.568411,81.759683,10.465,-0.926607788,58.16470588235295,54.6
Turkmenistan,TKM,100.0,48.40294117647059,1809943250000.0,-1.436773896,97.99034119,11.119699453333332,35.247058823529414,-1.158353686,98.0,98.0,98.0,82.68856666666667,56.0305742075,825375.0,12.255226191714286,69.41,80.97999642181819,3.26,61.9,96.85231375000001,1.71,-4000.0,45.95,89.1786499,-0.100280806,107.9612198,25.86206897,14.0,-2.067060709,40.379999999999995,-1.492236853,27.529,31.355,79.888444,64.07508,9.416,-1.944283485,59.38823529411765,54.6
Turks and Caicos Islands,TCA,99.9,49.05852941176471,2771695500000.0,-0.39251008600000015,97.99034119,11.157174407777777,36.11176470588235,-0.7350141555,94.5,94.5,94.0,81.93993333333333,39.752312425,551750.0,13.843773811285715,74.925,80.84999639454546,3.12,61.9,87.8969735,1.68,200.0,45.95,89.1786499,0.5421257395,110.7355881,16.056034484999998,7.0,-1.106012173,56.42,-0.3398144845000002,30.938999999999997,34.747083335,86.848852,77.37173,8.366999999999999,-0.3625138994999999,60.61176470588236,54.6
Tuvalu,TUV,100.0,49.71411764705882,3733447750000.0,0.651753724,97.99034119,11.194649362222222,36.976470588235294,-0.311674625,91.0,91.0,90.0,81.1913,23.474050642499996,278125.0,15.432321430857144,64.854,80.71999636727273,2.98,61.9,78.94163325,1.65,-60.0,45.95,89.1786499,1.184532285,96.98275757,6.25,731765.0,-0.144963637,72.46,0.812607884,34.349,38.13916667,70.116724,49.720445,7.318,1.219255686,61.83529411764707,54.6
Uganda,UGA,47.1,50.36970588235294,4695200000000.0,-1.041796088,97.99034119,11.232124316666667,37.84117647058823,-0.583969176,89.0,89.0,90.0,87.46086666666666,7.19578886,4500.0,17.020869050428573,63.638,80.58999634,2.84,61.9,69.986293,1.62,-118846.0,45.95,89.1786499,-0.807034194,97.15583610750001,33.81294964,1463523.0,-0.490339339,88.5,-0.383247644,26.227666666666664,70.74166667,65.623891,54.463454,5.836333333333333,-0.804154873,63.05882352941177,54.6
Ukraine,UKR,100.0,51.02529411764706,994440000000.0,-0.633566201,97.99034119,11.26959927111111,38.705882352941174,-0.496294171,73.0,62.0,74.0,93.73043333333334,20.18363666,5914000.0,18.60941667,68.58792683,89.43770218,2.7,61.9,141.10355514999998,1.5899999999999999,-6673580.0,45.95,89.1786499,-1.997604966,97.328914645,20.33096927,2520.0,-0.331597328,4.4,-0.918780208,18.106333333333332,78.86916667,79.572532,52.302831,4.354666666666667,-0.024807706,64.28235294117647,54.6
United Arab Emirates,ARE,100.0,51.680882352941175,21510965894.0,1.155336499,97.99034119,11.307074225555555,39.57058823529411,1.299962282,96.0,95.0,98.0,100.0,4.827888596,5323800.0,16.673403060000002,79.196,98.28540802,4.0,61.9,212.2208173,1.56,0.0,45.95,89.1786499,0.700785339,97.5019931825,50.0,1399.0,1.034780741,0.1,0.836642742,9.985,79.545,91.819945,87.710539,2.873,-1.127252579,65.50588235294119,54.6
United Kingdom,GBR,100.0,52.336470588235294,161685000000.0,1.620156169,97.99034119,11.34454918,40.435294117647054,1.238634825,92.0,92.0,90.0,95.3412,7.922048831,4733600.0,14.737389450000002,82.05853659,98.7140502925,3.7,61.9,120.8191165,1.53,165790.0,45.95,89.1786499,0.503939092,97.67507172,34.56790123,328989.0,1.566510081,0.0,1.415491223,11.809,87.145,92.047562,88.073559,3.73,1.232192636,66.72941176470589,54.6
United States,USA,100.0,52.99205882352941,407481000000.0,1.104258776,97.99034119,16.57115173,41.3,1.255993128,94.0,93.0,92.0,97.1299,8.002799821,4143400.0,12.80137584,77.43414634,99.142692565,3.8,61.9,110.1664718,1.5,998540.0,45.95,89.1786499,-0.036005028,95.74352264,28.7037037,363059.0,1.424439907,0.2,1.371688485,11.244,92.79,86.438982,77.585606,3.65,0.845121861,67.9529411764706,54.6
Uruguay,URY,100.0,53.64764705882353,407481000000.0,1.610527992,97.99034119,16.57115173,40.6,0.849962711,94.0,94.0,96.0,89.873,9.104379831,3553200.0,10.86536223,78.0,99.5713348375,3.0,61.9,138.526391,0.2,-1500.0,45.95,89.1786499,1.095464587,96.73476027999999,25.25252525,1115.0,0.713579416,8.833333333333334,0.76768893,14.273,77.74833333,87.887997,78.366944,7.877,1.280333877,69.1764705882353,54.6
Uzbekistan,UZB,100.0,54.30323529411765,407481000000.0,-0.757623434,97.99034119,16.57115173,31.2,-0.329515904,99.0,99.0,99.0,83.9,11.4466437,2963000.0,21.74611546,71.674,99.99997711,2.6,61.9,103.0681174,2.3,-19999.0,45.95,89.1786499,-0.19621487,97.72599792,33.33333333,13026.0,-0.55031544,17.46666666666667,-0.854107201,13.4555,70.57166667,81.287468,69.33196,6.2885,-1.330252051,70.4,54.6
Vanuatu,VUT,70.0,54.95882352941177,407481000000.0,-0.028940963,97.99034119,16.57115173,32.833333333333336,-0.536280394,68.0,68.0,70.0,69.8888,6.679305819,2372800.0,8.805833333,70.492,98.79998779,2.45,61.9,78.19948583,1.9666666666666666,0.0,45.95,89.1786499,0.9496755,106.038002,1.923076923,21183.5,-0.090816133,26.1,0.32061547,12.638,51.22,78.624828,68.738929,4.699999999999999,0.709754884,70.4,54.6
"Venezuela, RB",VEN,100.0,55.614411764705885,407481000000.0,-1.651136756,97.99034119,16.57115173,34.46666666666667,-1.688180923,56.0,56.0,68.0,74.2394,4.9179066595,1782600.0,8.409583333,71.105,97.59999847,2.3,61.9,63.41889546,1.6333333333333333,297713.0,45.95,89.1786499,-1.256462216,110.94599915,16.0917989815,29341.0,-2.045843363,15.2,-2.197214365,11.8205,52.25,82.058206,66.170857,3.1114999999999995,-1.533925533,70.4,54.6
Viet Nam,VNM,100.0,56.27,407481000000.0,-0.287282676,97.99034119,16.57115173,36.1,0.175490797,91.0,91.0,88.0,78.59,3.1565075,1192400.0,8.013333333,74.58,96.13326263,3.3,61.9,139.9496874,1.3,-82700.0,45.95,89.1786499,-0.030564662,115.8539963,30.26052104,837646.6666666666,-0.429956317,17.7481644625,-0.158443406,11.003,72.16666667,87.611841,72.68571,1.523,-1.288703442,70.4,54.6
Virgin Islands (U.S.),VIR,100.0,45.1775,407481000000.0,-0.005950079,97.99034119,16.57115173,39.18,0.667918146,94.5,95.0,92.5,83.61845,3.4488657094999997,602200.0,28.646666660833333,80.3195122,96.98855209,3.1999999999999997,61.9,129.33312493333332,14.340000000000002,-450.0,45.95,89.1786499,0.563698709,104.975639355,28.996220493333333,1645952.3333333333,1.398334026,20.296328924999997,0.956785858,19.5895,77.767083335,90.687645,71.144528,12.9715,-1.1625983715000001,70.4,54.6
West Bank and Gaza,PSE,100.0,34.085,407481000000.0,-0.702682197,97.99034119,16.57115173,42.26,-0.900952578,98.0,99.0,97.0,88.6469,3.741223919,12000.0,49.27999998866667,73.444,97.84384155,3.1,61.9,118.71656246666666,27.380000000000003,-5000.0,45.95,89.1786499,-1.817886233,94.09728241,27.731919946666668,2454258.0,-0.036869179,22.8444933875,-0.552935243,28.176,83.3675,84.589328,75.344967,24.42,-1.036493301,70.4,54.6
World,WLD,91.35257097,22.9925,407481000000.0,-1.1911201775,97.99034119,16.57115173,45.34,-1.5667470694999999,84.58050209,84.29673119,83.544241,64.4,7.967573616,2267500.0,69.9133333165,71.99635238,87.01174927,3.0,61.9,108.1,40.42,0.0,45.95,89.1786499,-2.1473832725,91.13854218,26.4676194,35316431.0,-0.977209454,25.39265785,-1.201301098,28.57333333333333,58.302291665,79.98121202,70.86263212,18.278333333333336,-1.3275544639999999,70.4,54.6
"Yemen, Rep.",YEM,76.0,11.9,407481000000.0,-1.679558158,97.99034119,16.57115173,48.42,-2.232541561,74.0,74.0,73.0,17.6948,9.480388768,4523000.0,90.54666664433334,63.72,87.95783233666667,2.2,61.9,103.60120912,53.46,-29998.0,45.95,89.1786499,-2.476880312,89.46469371,0.0,77458.0,-1.917549729,86.5,-1.849666953,28.970666666666666,33.23708333,70.121725,55.381005,12.136666666666668,-1.618615627,70.4,54.6
Zambia,ZMB,47.8,11.9,407481000000.0,-0.529199839,97.99034119,16.57115173,51.5,-0.658232749,82.0,82.0,90.0,31.2342,10.99320392,4523000.0,111.17999997216667,61.803,88.90391540333333,2.35,61.9,99.10241824,66.5,-5000.0,45.95,89.1786499,0.102313563,87.79084524,15.06024096,61159.0,-0.52905792,86.5,-0.519154012,29.368,62.10625,62.604672,49.134736,5.995,-0.089141272,70.4,54.6
Zimbabwe,ZWE,50.1,11.9,407481000000.0,-1.25513947,97.99034119,16.57115173,51.5,-1.254612923,90.0,90.0,90.0,32.5615,104.7051706,4523000.0,131.8133333,59.391,89.84999847,2.5,61.9,87.62450647,66.5,-9999.0,45.95,89.1786499,-0.884499907,86.11699677,30.56603774,10475.0,-1.425967336,86.5,-1.236283779,32.236,70.2125,54.538231,41.037746,10.087,-1.102205515,70.4,54.6
