Country Name,Country Code,Gini index_2018,Gini index_2019,Gini index_2020,Gini index_2021,Gini index_2022,Risk of impoverishing expenditure for surgical care (% of people at risk)_2018,Risk of impoverishing expenditure for surgical care (% of people at risk)_2019,Risk of impoverishing expenditure for surgical care (% of people at risk)_2020,Risk of impoverishing expenditure for surgical care (% of people at risk)_2021,Risk of impoverishing expenditure for surgical care (% of people at risk)_2022,"Inflation, consumer prices (annual %)_2018","Inflation, consumer prices (annual %)_2019","Inflation, consumer prices (annual %)_2020","Inflation, consumer prices (annual %)_2021","Inflation, consumer prices (annual %)_2022",Lending interest rate (%)_2018,Lending interest rate (%)_2019,Lending interest rate (%)_2020,Lending interest rate (%)_2021,Lending interest rate (%)_2022,Multidimensional poverty headcount ratio (World Bank) (% of population)_2018,Multidimensional poverty headcount ratio (World Bank) (% of population)_2019,Multidimensional poverty headcount ratio (World Bank) (% of population)_2020,Multidimensional poverty headcount ratio (World Bank) (% of population)_2021,Multidimensional poverty headcount ratio (World Bank) (% of population)_2022
Afghanistan,AFG,,,,,,,,,,,0.626149149,2.302372515,,,,,,,,,,,,,
Albania,ALB,30.1,30.1,29.4,,,2.5,2.2,2.2,3.8,1.8,2.028059631,1.41109079,1.620886617,2.041471631,6.725202715,5.9325,6.275833333,6.120833333,6.021666667,6.506666667,0.3,,,,
Algeria,DZA,35.4,32.3,31.616666666666667,,,29.5,29.4,31.5,29.6,29.1,4.269990205,1.951768211,2.415130941,7.226063074,9.265515516,8.0,8.0,8.0,8.0,8.0,12.025000000000002,,,,
American Samoa,ASM,40.7,34.5,33.833333333333336,,,36.36666666666667,36.833333333333336,39.93333333333333,38.3,37.46666666666667,9.38963946,6.994830187333333,9.033933710666666,13.402140342666666,13.295440387333333,12.22566801,11.765122403333333,11.88529831,11.801051543333331,12.03907046,23.750000000000004,,,,
Andorra,AND,46.0,36.7,36.05,,,43.23333333333333,44.266666666666666,48.36666666666666,47.0,45.833333333333336,14.509288715,12.037892163666664,15.652736480333331,19.578217611333333,17.325365258666665,16.45133602,15.530244806666666,15.77059662,15.602103086666666,16.078140920000003,35.475,,,,
Angola,AGO,51.3,38.9,38.266666666666666,,,50.1,51.7,56.8,55.7,54.2,19.62893797,17.08095414,22.27153925,25.75429488,21.35529013,20.67700403,19.29536721,19.65589493,19.40315463,20.11721138,47.2,,,,
Antigua and Barbuda,ATG,46.5,41.1,40.48333333333333,,,28.45,30.25,33.349999999999994,32.150000000000006,30.950000000000003,1.207157934,1.431355982,0.625989707,2.062996385,7.531078346,8.976532,8.611329083,7.68383775,7.39227225,7.31490375,24.15,,,,
Argentina,ARG,41.7,43.3,42.7,42.4,40.7,6.8,8.8,9.9,8.6,7.7,1.863695877,1.437401295,0.9187127425,4.6239163395,8.085994718,48.51666667,67.25416667,29.3875,35.55833333,52.39916667,1.1,1.1,1.2,0.9,0.6
Armenia,ARM,34.4,30.0,25.1,27.9,27.9,9.6,4.2,2.5,3.9,3.3,2.52023382,1.443446608,1.211435778,7.184836294,8.64091109,12.79304193,12.14198895,11.61984251,11.76190876,11.71941396,1.3,1.0,0.4,0.5,0.8
Aruba,ABW,34.349999999999994,30.066666666666663,26.666666666666668,28.83333333333333,28.685714285714283,4.85,2.1,1.3,2.0,2.2,3.626041414,4.257462043,1.0291706575,5.024373358,7.617503901499999,6.0,5.7,6.8,6.4,6.1,1.75,0.9,0.5333333333333333,0.5666666666666667,1.6285714285714286
Australia,AUS,34.3,30.133333333333333,28.23333333333333,29.766666666666666,29.47142857142857,0.1,0.0,0.1,0.1,1.1,1.911400944,1.610767873,0.846905537,2.863910422,6.594096713,5.260833333,5.101,10.259400406666666,9.741987936666666,8.929930833333334,2.2,0.7999999999999999,0.6666666666666667,0.6333333333333333,2.4571428571428573
Austria,AUT,30.8,30.2,29.8,30.7,30.257142857142856,0.0,0.0,0.0,0.0,0.0,1.998379814,1.530895642,1.381910634,2.766666667,8.546869932,11.3545833315,11.191107585,13.718800813333331,13.083975873333332,11.759861666666666,0.6,0.7,0.8,0.7,3.2857142857142856
Azerbaijan,AZE,29.866666666666667,29.383333333333333,28.9,30.114285714285717,31.04285714285714,19.475,18.975,18.75,17.8,16.825,2.268546904,2.610571828,2.75980947,6.650299127,13.85225901,17.44833333,17.28121517,17.17820122,16.42596381,14.5897925,1.2166666666666666,1.1166666666666667,0.7857142857142857,0.7,4.114285714285714
"Bahamas, The",BHS,28.933333333333334,28.566666666666663,28.0,29.52857142857143,31.828571428571426,38.95,37.95,37.5,35.6,33.65,2.265863467,2.491235274,0.038521098,2.904912629,5.605406336,4.25,4.25,4.25,4.25,4.25,1.833333333333333,1.5333333333333332,0.7714285714285715,0.7,4.942857142857142
Bahrain,BHR,28.0,27.75,27.1,28.942857142857143,32.614285714285714,58.425,56.925,56.25,53.400000000000006,50.475,2.08766938,1.005820047,-2.317706293,-0.606319385,3.625741043,6.9504166665,6.9029166665,6.2725,5.7870833335,5.6855467135,2.45,1.95,0.7571428571428571,0.7,5.771428571428571
Bangladesh,BGD,27.066666666666663,26.933333333333334,26.2,28.357142857142858,33.4,77.9,75.9,75.0,71.2,67.3,5.543621395,5.591996399,5.691074747,5.545654308,7.696954372,9.650833333,9.555833333,8.295,7.324166667,7.121093427,3.0666666666666664,2.3666666666666667,0.7428571428571429,0.7,6.6
Barbados,BRB,26.133333333333333,26.116666666666667,25.3,27.77142857142857,32.7,39.3,38.2,37.7,35.75,34.1,3.673814104,4.100289645,5.619609161,7.502969102,11.453314821,8.05,8.05,8.05,8.05,8.05,3.683333333333333,2.783333333333333,0.7285714285714285,0.7,5.842857142857143
Belarus,BLR,25.2,25.3,24.4,27.185714285714287,32.0,0.7,0.5,0.4,0.3,0.9,4.872302206,5.59815595,5.548143575,9.460283896,15.20967527,8.695833333,9.023333333,9.0325,10.1175,12.71583333,4.3,3.2,0.7142857142857142,0.7,5.085714285714285
Belgium,BEL,27.2,27.2,26.0,26.6,31.3,0.0,0.0,0.0,0.0,0.0,2.053164999,1.43681957,0.740791812,2.440248511,9.597511729,8.905416666499999,9.045,8.883333333500001,9.2779166665,10.619662423,0.7,0.8,0.7,0.7,4.328571428571428
Belize,BLZ,32.55,30.08,29.52,30.5,30.6,27.8,35.7,38.5,35.7,34.5,0.269982623,0.187069385,0.121434645,3.235636592,6.276893194,9.115,9.066666667,8.734166667,8.438333333,8.523491516,27.0,1.76,1.88,23.05,3.571428571428571
Benin,BEN,37.9,32.96,33.04,34.4,29.9,64.0,63.9,30.333333333333336,28.833333333333336,26.53333333333333,0.919170718,0.732849371,3.022721197,1.733539627,1.350778636,6.763333333,6.688333333,6.5375,6.25,10.348994344,53.3,2.72,3.06,45.4,2.814285714285714
Bermuda,BMU,39.46666666666667,35.84,36.56,36.56666666666666,29.2,57.4,44.7,22.166666666666668,21.96666666666667,18.56666666666667,1.82156729,1.7296398725,4.3260432115,4.540177016,3.494972675,10.3816666665,10.3441666665,10.26875,10.125,12.174497172,38.4,3.68,4.24,31.766666666666666,2.057142857142857
Bhutan,BTN,41.03333333333333,38.72,40.08,38.73333333333333,28.5,50.8,25.5,14.0,15.1,10.6,2.723963862,2.726430374,5.629365226,7.346814405,5.639166714,14.0,14.0,14.0,14.0,14.0,23.5,4.64,5.42,18.133333333333333,1.3
Bolivia,BOL,42.6,41.6,43.6,40.9,34.375,44.2,42.7,48.1,44.5,43.5,2.272059872,1.83954505,0.940742153,0.737383721,1.746328729,8.037242527,8.39953171,7.592223722,8.01711817,7.764988722,8.6,5.6,6.6,4.5,2.0
Bosnia and Herzegovina,BIH,46.36666666666667,45.56666666666667,45.36666666666667,44.9,40.25,3.6,3.3,3.5,3.1,2.9,2.7550377305,2.3062047395,1.4155506605,3.9891806885,6.7059481045,3.790281369,3.287227158,3.071874132,3.201292795,3.360816559,7.733333333333333,5.766666666666667,5.633333333333333,3.966666666666667,2.7
Botswana,BWA,50.13333333333333,49.53333333333333,47.13333333333333,48.9,46.125,37.7,38.0,37.9,38.1,37.5,3.238015589,2.772864429,1.890359168,7.240977656,11.66556748,6.5,6.395833333,5.75,5.25,6.1323,6.866666666666666,5.933333333333333,4.666666666666666,3.4333333333333336,3.3999999999999995
Brazil,BRA,53.9,53.5,48.9,52.9,52.0,19.0,18.3,13.9,18.3,24.1,3.664850284,3.732976212,3.211768038,8.301659756,9.28010609,39.08333333,37.475,29.04166667,30.01666667,39.4,6.0,6.1,3.7,2.9,4.1
British Virgin Islands,VGB,49.7,49.1,46.1,48.266666666666666,50.78333333333333,15.233333333333333,14.233333333333334,11.333333333333334,34.75,17.6,2.3449510385,1.6712270715000002,2.576044002,5.0175368205,6.481178198,22.291666665,21.4875,17.270833335,17.758333335,22.45,4.5,4.533333333333333,2.733333333333333,2.3666666666666667,10.5
Brunei Darussalam,BRN,45.5,44.7,43.3,43.63333333333333,49.56666666666666,11.466666666666663,10.166666666666666,8.766666666666666,51.2,11.1,1.025051793,-0.390522069,1.940319966,1.733413885,3.682250306,5.5,5.5,5.5,5.5,5.5,3.0,2.966666666666667,1.7666666666666666,1.8333333333333333,16.900000000000002
Bulgaria,BGR,41.3,40.3,40.5,39.0,48.35,7.7,6.1,6.2,67.64999999999999,4.6,2.814544738,3.103729448,1.672440969,3.297744353,15.32525893,4.963225,4.549208333,4.336633333,4.116183333,3.745958333,1.5,1.4,0.8,1.3,23.300000000000004
Burkina Faso,BFA,43.0,38.86666666666667,39.0,37.4,47.13333333333333,84.3,84.2,84.3,84.1,82.2,1.955943027,-3.23338934,1.884439938,3.653532872,14.29023543,6.763333333,6.688333333,6.5375,6.25,7.7592291665,60.5,1.7461538461538462,40.0,53.0,29.700000000000003
Burundi,BDI,40.9,37.43333333333333,37.5,38.6,45.91666666666666,100.0,51.2,100.0,100.0,100.0,-2.814698077,-0.686772171,7.321106434,8.404538451,18.80087867,14.78916667,14.53333333,12.195,12.85833333,11.7725,62.85,2.092307692307692,79.2,50.0,36.10000000000001
Cabo Verde,CPV,38.8,36.0,38.55555555555556,39.8,44.7,18.8,18.2,21.8,21.7,28.0,1.256995667,1.106666743,0.605795808,1.862152975,7.930929254,8.97292567,9.140834759,8.194514843,7.619285668,7.831720303,65.2,2.4384615384615382,70.6,47.0,42.50000000000001
Cambodia,KHM,36.7,34.56666666666666,39.61111111111112,41.0,43.48333333333333,34.75,34.2,36.6,36.15,39.25,2.459085154,1.942575008,2.940295143,2.920734776,5.343702649,8.3735623675,8.608519785777778,7.767346527111111,7.256031704888889,7.444862491555556,67.55,2.7846153846153845,62.0,44.0,48.90000000000001
Cameroon,CMR,34.6,33.13333333333333,40.66666666666666,42.2,42.266666666666666,50.7,50.2,51.4,50.6,50.5,1.068858113,2.452802141,2.437608822,2.271857625,6.247677133,7.774199065,8.076204812555556,7.340178211222223,6.892777741777778,7.058004680111111,69.9,3.1307692307692307,53.4,41.0,55.30000000000001
Canada,CAN,32.5,31.7,41.72222222222222,42.46666666666667,41.05,0.0,0.0,0.1,0.0,0.0,2.268225672,1.949269024,0.716999632,3.395193185,6.802801153,7.174835762500001,7.543889839333334,6.913009895333333,6.529523778666666,6.671146868666667,72.25,3.476923076923077,44.8,36.8375,61.70000000000001
Cayman Islands,CYM,34.166666666666664,32.78333333333333,42.77777777777778,42.73333333333333,39.83333333333333,26.9,26.566666666666663,26.933333333333334,27.366666666666664,27.9,1.940191271,2.3173212885,1.2135781135,3.82727868,6.1929842525000005,6.57547246,7.011574866111111,6.485841579444444,6.166269815555555,6.284289057222222,74.6,3.823076923076923,36.2,32.675,68.10000000000001
Central African Republic,CAF,35.833333333333336,33.86666666666667,43.833333333333336,43.0,38.61666666666667,53.8,53.13333333333333,53.766666666666666,54.73333333333333,55.8,1.61215687,2.685373553,1.710156595,4.259364175,5.583167352,5.9761091575,6.479259892888889,6.058673263555555,5.803015852444444,5.897431245777778,76.94999999999999,4.169230769230769,27.599999999999994,28.512500000000003,74.50000000000001
Chad,TCD,37.5,34.95,44.888888888888886,41.175,37.4,80.7,79.7,80.6,82.1,83.7,4.274621986,-0.971939175,4.464144372,-0.77284437,5.788026878,5.376745855,5.946944919666667,5.6315049476666665,5.439761889333333,5.510573434333333,79.3,4.515384615384615,18.999999999999996,24.35,80.9
Channel Islands,CHI,37.833333333333336,36.03333333333333,45.94444444444444,39.35,40.2,43.35,43.9,43.65,48.2,57.900000000000006,3.3547559,0.7928027910000001,3.75481761,1.8758620065,8.715946794,4.777382552500001,5.414629946444444,5.204336631777777,5.076507926222222,5.123715622888889,60.75,4.861538461538462,10.399999999999991,20.1875,40.7
Chile,CHL,38.16666666666666,37.11666666666667,47.0,37.525000000000006,43.0,6.0,8.1,6.7,14.3,32.1,2.434889814,2.557544757,3.045490848,4.524568383,11.64386671,4.17801925,4.882314973222222,4.777168315888888,4.713253963111111,4.736857811444445,42.2,5.207692307692307,1.8,16.025000000000002,0.5
China,CHN,38.5,38.2,37.1,35.7,48.9,15.1,13.3,12.9,6.7,6.3,2.0747904,2.899234164,2.419421895,0.981015136,1.973575557,4.35,4.35,4.35,4.35,4.35,23.64999999999999,5.553846153846154,4.8,11.862500000000004,3.5
Colombia,COL,50.4,51.3,53.5,55.1,54.8,18.1,18.7,22.3,17.8,25.1,3.240569329,3.523019327,2.526635001,3.495057574,10.17723135,12.11487774,11.76906538,9.850524251,9.337848409,15.80750887,5.1,5.9,7.8,7.7,6.5
Comoros,COM,49.8,50.525,49.1,53.5,52.9,58.00000000000001,45.2,44.8,45.2,45.8,2.5446392073333333,3.0840372373333333,2.282880491,2.901919301,7.799302015666667,10.5,10.5,8.09375,7.875,8.03375,4.25,4.7250000000000005,45.7,6.1,5.125
"Congo, Dem. Rep.",COD,49.2,49.75,44.7,51.900000000000006,51.0,97.9,56.65,98.0,34.233333333333334,98.0,1.8487090856666664,2.6450551476666666,2.039125981,2.3087810280000003,5.421372681333334,24.74833333,26.73583333,25.95849371,23.28572419,7.809450244,3.4,3.5500000000000003,83.6,4.5,3.75
"Congo, Rep.",COG,48.6,48.975,46.95,50.3,49.1,73.0,68.1,55.5,23.266666666666666,68.0,1.152778964,2.206073058,1.795371471,1.715642755,3.043443347,17.935812105,17.740991469999997,16.298288043,14.398968255,7.585150488,2.55,2.375,42.95,2.8999999999999995,2.375
Costa Rica,CRI,48.0,48.2,49.2,48.7,47.2,11.2,11.5,13.0,12.3,10.4,2.221114615,2.096046353,0.724911478,1.726477551,8.274774902,11.12329088,8.74614961,6.638082376,5.51221232,7.360850732,1.7,1.2,2.3,1.3,1.0
Cote d'Ivoire,CIV,37.2,38.55,39.35,35.3,46.18,99.9,99.8,99.7,100.0,100.0,0.359409031,-1.10686344,2.425006568,4.091951897,5.276167243,9.8596783795,7.9027967055,6.0891198205,5.127197822166666,6.838210473,37.3,0.8999999999999999,1.4,29.2,1.1
Croatia,HRV,29.7,28.9,29.5,28.9,45.16,0.3,0.2,0.3,0.2,0.1,1.50012501,0.771820346,0.154811375,2.554506996,10.78058068,8.596065879000001,7.059443801,5.540157265,4.742183324333333,6.315570214,0.7,0.6,0.5,0.5,1.2
Cuba,CUB,30.7,29.666666666666664,30.23333333333333,29.7,44.14,0.3333333333333333,0.2,0.2333333333333333,0.1666666666666666,0.1666666666666666,2.041906288,1.69701409,-0.109600016,2.518367554666667,9.985548113333332,7.3324533785,6.2160908965,4.9911947095,4.3571688265,5.792929955,0.9,0.7999999999999999,0.7000000000000001,0.6333333333333333,1.3
Curacao,CUW,31.700000000000003,30.433333333333334,30.966666666666665,30.5,43.120000000000005,0.3666666666666667,0.2,0.1666666666666666,0.1333333333333333,0.2333333333333333,2.583687566,2.622207834,-0.374011407,2.482228113333333,9.190515546666669,6.0688408780000005,5.372737991999999,4.442232154,3.972154328666667,5.270289696,1.1,1.0,0.9000000000000001,0.7666666666666666,1.4
Cyprus,CYP,32.7,31.2,31.7,31.3,42.1,0.4,0.2,0.1,0.1,0.3,1.435491195,0.250370997,-0.638422798,2.446088672,8.39548298,4.805228377500001,4.5293850875,3.8932695985,3.5871398308333333,4.747649437,1.3,1.2,1.1,0.9,1.5
Czechia,CZE,25.0,25.3,26.2,26.2,41.08,0.2,0.1,0.05,0.05,0.15,2.149494949,2.847875959,3.161295285,3.839844915,15.10016515,3.541615877,3.686032183,3.344307043,3.202125333,4.225009178,0.0,0.0,0.0,0.1,1.6
Denmark,DNK,28.2,27.7,27.5,28.3,40.06,0.0,0.0,0.0,0.0,0.0,0.813609467,0.758131573,0.420711974,1.85304544,7.696566999,4.965150557,4.970675011,4.529230889666667,4.234055638666667,4.995670035333333,0.9,0.9,1.2,0.7,1.7000000000000002
Djibouti,DJI,33.36666666666667,32.43333333333333,31.53333333333333,31.7,39.04,3.233333333333333,2.533333333333333,2.1,1.7333333333333334,2.5,0.14797085,3.319253727,1.777407838,1.181917753,5.17980848,6.388685237000001,6.255317839,5.714154736333333,5.265985944333334,5.766330892666667,1.4,1.4,1.7666666666666666,1.0666666666666669,1.8
Dominica,DMA,38.53333333333333,37.16666666666666,35.56666666666667,35.1,38.02,6.466666666666666,5.066666666666666,4.2,3.466666666666667,5.0,0.989191119,1.504623539,-0.727116413,1.48319445,7.780615252,7.812219917,7.539960667,6.899078583,6.29791625,6.53699175,1.9,1.9,2.333333333333333,1.4333333333333331,1.9
Dominican Republic,DOM,43.7,41.9,39.6,38.5,37.0,9.7,7.6,6.3,5.2,7.5,3.56443426,1.81060377,3.781031799,8.24300348,8.811092093,12.5337,12.48676667,10.97964167,9.608308333,11.85005,2.4,2.4,2.9,1.8,2.0
Ecuador,ECU,45.4,45.7,47.3,45.8,45.5,22.5,23.2,27.8,23.7,22.7,-0.224103246,0.266012515,-0.338872393,0.133251386,3.466169722,15.425183335,14.30171667,11.17315417,9.5166541665,11.216691665,3.8,4.2,7.1,4.3,4.0
"Egypt, Arab Rep.",EGY,42.0,31.9,43.98,42.4,42.15,27.3,27.7,25.2,23.7,23.2,14.40146578,9.152799593,5.04493289,5.214049405,13.89566098,18.31666667,16.11666667,11.36666667,9.425,10.58333333,4.449999999999999,2.3,5.8,5.3,4.75
El Salvador,SLV,38.6,38.8,40.66,39.0,38.8,14.8,14.6,16.5,13.5,12.9,1.090330006,0.075324135,-0.371590212,3.466925853,7.198616156,16.715833336,14.918333336,10.6850000026,8.99,10.166666664,5.1,4.4,4.5,6.3,5.5
Equatorial Guinea,GNQ,35.833333333333336,36.13333333333333,37.34,36.6,38.39230769230769,10.9,10.733333333333333,11.833333333333332,16.62,15.86,1.060074107,1.53027529,4.766695239,-0.097100766,4.786717047,15.115000002,13.720000002,10.0033333352,8.555,9.749999998,3.5666666666666664,3.2,3.1999999999999997,4.333333333333333,5.407692307692308
Eritrea,ERI,33.06666666666667,33.46666666666667,34.02,34.2,37.98461538461538,7.0,6.866666666666666,7.166666666666666,19.74,18.82,2.2482004955,1.903767301,2.1610820705,2.278032986,12.0924902285,13.514166668,12.521666668,9.3216666678,8.120000000000001,9.333333332,2.033333333333333,2.0,1.8999999999999997,2.3666666666666667,5.315384615384615
Estonia,EST,30.3,30.8,30.7,31.8,37.57692307692307,3.1,3.0,2.5,22.86,21.78,3.436326884,2.277259312,-0.444531098,4.653166738,19.39826341,11.913333334,11.323333334,8.6400000004,7.685,8.916666666,0.5,0.8,0.6,0.4,5.223076923076923
Eswatini,SWZ,29.7,30.775,29.98,30.98,37.169230769230765,22.25,2.4,2.0,25.98,24.74,4.815061675,2.598016203,9.955907880999998,15.746344449000002,26.64407156,10.3125,10.125,7.958333333,7.25,8.5,0.62,1.0,0.76,0.6200000000000001,5.13076923076923
Ethiopia,ETH,29.1,30.75,29.26,30.16,36.76153846153846,41.4,1.8,1.5,29.1,27.7,13.83303566,15.80963217,20.35634686,26.83952216,33.88987971,8.767442197666666,8.759152238666667,7.367189739333333,6.814140433333334,7.477296363,0.74,1.2000000000000002,0.92,0.8400000000000001,5.038461538461538
Faroe Islands,FRO,28.5,30.725,28.54,29.34,36.35384615384615,27.6,1.2000000000000002,1.0,19.4,18.46666666666667,8.957256018,8.791366997499999,8.8805518005,13.497688941,19.205036187,7.222384395333334,7.393304477333332,6.776046145666666,6.378280866666667,6.454592726,0.8600000000000001,1.4,1.0799999999999998,1.06,4.946153846153846
Fiji,FJI,27.9,30.7,27.82,28.52,35.94615384615385,13.8,0.6000000000000001,0.5,9.7,9.233333333333334,4.081476376,1.773101825,-2.595243259,0.155855722,4.520192664,5.677326593,6.027456716,6.184902552,5.9424213,5.431889089,0.98,1.6,1.2399999999999998,1.2800000000000002,4.8538461538461535
Finland,FIN,27.3,27.7,27.1,27.7,35.53846153846154,0.0,0.0,0.0,0.0,0.0,1.083820984,1.02409393,0.290554556,2.194574323,7.123507733,10.1418612744,10.4219653728,10.5479220416,8.65393704,6.802461740833333,1.1,1.0,1.4,1.5,4.7615384615384615
France,FRA,32.4,31.2,30.7,31.5,35.13076923076923,0.0,0.0,0.0,0.0,0.2,1.850815083,1.108254923,0.476498853,1.64233141,5.222367484,14.6063959558,14.8164740296,14.9109415312,11.365452780000002,8.173034392666667,1.7,0.9,1.3,1.4,4.669230769230769
French Polynesia,PYF,33.4,32.375,33.4,32.175,34.723076923076924,9.15,9.3,9.7,10.1,10.65,3.299940802,1.7864112425,0.91462998,1.3646194375,4.7268077335,19.0709306372,19.2109826864,19.2739610208,14.07696852,9.5436070445,2.675,1.875,2.425,2.425,4.576923076923077
Gabon,GAB,34.4,33.55,36.1,32.85,34.315384615384616,18.3,18.6,19.4,20.2,21.1,4.749066521,2.464567562,1.352761107,1.086907465,4.231247983,23.5354653186,23.6054913432,23.6369805104,16.78848426,10.914179696333331,3.65,2.85,3.55,3.45,4.484615384615385
"Gambia, The",GMB,35.4,34.725,38.8,33.525000000000006,33.90769230769231,73.1,72.4,74.7,73.9,73.6,6.520968239,7.115676256,5.931276366,7.370347589,11.51311984,28.0,28.0,28.0,19.5,12.284752348166666,4.625,3.825,4.675,4.475,4.392307692307692
Georgia,GEO,36.4,35.9,34.5,34.2,33.5,6.8,5.5,4.0,2.7,3.1,2.615244714,4.852898217,5.20246489,9.566914338,11.89816542,11.11939167,10.8164,11.8008,12.51049167,13.655325,5.6,4.8,5.8,5.5,4.3
Germany,DEU,31.9,31.8,32.4,33.875,33.611111111111114,0.0,0.0,0.0,0.0,0.0,1.732168798,1.445659769,0.144877926,3.066666667,6.872574386,10.572110558333334,10.275504652833334,10.972866347166669,11.516293641666667,12.452501,0.2,0.3,0.3,4.675,4.205555555555556
Ghana,GHA,32.233333333333334,32.233333333333334,32.8,33.55,33.72222222222222,37.5,33.5,24.3,22.6,25.6,7.808765166,7.143640033,9.887289563,9.971088675,31.2558951,10.024829446666669,9.734609305666666,10.144932694333336,10.522095613333336,11.249677,0.9333333333333332,1.2,1.4,3.85,4.111111111111111
Gibraltar,GIB,32.56666666666666,32.66666666666667,33.2,33.225,33.833333333333336,18.85,16.9,12.3,11.45,12.95,4.2171932895,3.6983237775,4.3196530035,5.597456842500001,20.4505774565,9.477548335,9.1937139585,9.3169990415,9.527897585,10.046853,1.6666666666666663,2.1,2.5,3.0250000000000004,4.016666666666667
Greece,GRC,32.9,33.1,33.6,32.9,33.94444444444444,0.2,0.3,0.3,0.3,0.3,0.625621413,0.253007522,-1.247983556,1.22382501,9.645259813,8.930267223333333,8.652818611333334,8.489065388666667,8.533699556666667,8.844028999999999,2.4,3.0,3.6,2.2,3.922222222222222
Greenland,GRL,38.35,34.77777777777778,33.24545454545455,32.983333333333334,34.05555555555556,8.674999999999999,8.525000000000002,8.700000000000001,9.425,9.625000000000002,0.714861863,0.4255786435,-0.9943580765,1.2216684745,6.112899536,8.382986111666666,8.111923264166666,7.661131735833333,7.539501528333334,7.641205,1.5499999999999998,4.311111111111111,3.3181818181818183,8.283333333333333,3.8277777777777775
Grenada,GRD,43.8,36.45555555555556,32.89090909090909,33.06666666666666,34.166666666666664,17.15,16.750000000000004,17.1,18.55,18.950000000000003,0.804102313,0.598149765,-0.740732597,1.219511939,2.580539259,7.835705,7.571027917,6.833198083,6.5453035,6.438381,0.7,5.622222222222222,3.0363636363636366,14.366666666666667,3.733333333333333
Guam,GUM,39.06666666666666,38.13333333333333,32.53636363636364,33.15,34.27777777777778,25.625,24.975000000000005,25.500000000000004,27.675,28.275,2.27798209,2.1490668725,1.2368540125,2.7402816065,4.732833746,10.379519165,10.1559306235,9.6795157065,9.36640175,9.180857165,17.7,6.933333333333334,2.754545454545455,20.45,3.638888888888889
Guatemala,GTM,34.333333333333336,39.81111111111112,32.18181818181818,33.233333333333334,34.388888888888886,34.1,33.2,33.9,36.8,37.6,3.751861867,3.69998398,3.214440622,4.261051274,6.885128233,12.92333333,12.74083333,12.52583333,12.1875,11.92333333,34.7,8.244444444444444,2.4727272727272727,26.53333333333333,3.5444444444444443
Guinea,GIN,29.6,41.488888888888894,31.827272727272728,33.31666666666666,34.5,77.6,72.6,60.150000000000006,59.5,59.45,9.827617013,9.470010393,10.60162034,12.59728826,10.493041,12.948888886666667,11.986944443333332,11.505648146,11.083333333333334,10.754444442333334,51.7,9.555555555555555,2.190909090909092,32.61666666666667,3.45
Guinea-Bissau,GNB,34.8,43.16666666666667,31.472727272727276,33.4,34.611111111111114,89.9,84.7,86.4,82.2,81.3,0.381324703,0.246600268,1.140009394,2.242488796,9.393838775,12.974444443333333,11.233055556666669,10.485462962,9.979166666666666,9.585555554666666,46.1,10.866666666666667,1.9090909090909087,38.7,3.355555555555556
Guyana,GUY,39.5,44.84444444444445,31.118181818181817,32.56,34.72222222222222,67.6,65.55,67.95,65.85,65.05,1.282842884,2.087230892,0.993337023,5.032855746,6.115055501,13.0,10.47916667,9.465277778,8.875,8.416666667,36.4,12.177777777777775,1.6272727272727274,31.040000000000003,3.261111111111111
Haiti,HTI,44.2,46.52222222222223,30.763636363636365,31.72,34.833333333333336,45.3,46.4,49.5,49.5,48.8,12.48141112,18.70378257,22.79631136,16.84152402,33.98393195,13.1025,14.12166667,14.63416667,13.3475,11.095,26.7,13.488888888888887,1.3454545454545457,23.380000000000003,3.166666666666667
Honduras,HND,48.9,48.2,30.40909090909091,30.88,34.94444444444444,44.9,43.6,49.4,45.6,44.5,4.347349378,4.365871598,3.46841178,4.480879634,9.089639115,17.80416667,17.33916667,17.00916667,15.96583333,14.60703548,17.0,14.8,1.063636363636364,15.72,3.072222222222222
"Hong Kong SAR, China",HKG,39.25,39.1,30.05454545454545,30.04,35.05555555555556,22.8,22.15,25.0,23.05,22.45,2.40613432,2.883208538,0.250962021,1.568758344,1.881367072,5.041666667,5.104166667,5.0,5.0,5.104166667,8.7,7.6,0.7818181818181822,8.059999999999999,2.977777777777778
Hungary,HUN,29.6,30.0,29.7,29.2,35.166666666666664,0.7,0.7,0.6,0.5,0.4,2.850247926,3.338586354,3.326743858,5.110965344,14.60814395,1.470967593,1.792433788,1.957689133,2.964537618,10.65543145,0.4,0.4,0.5,0.4,2.8833333333333333
Iceland,ISL,32.05,31.9,31.75,31.0,35.27777777777778,0.0,0.1,0.1,0.0,0.0,2.682917683,3.013971792,2.847924015,4.444239702,8.308755116,6.955,6.95,5.758712412,5.404157498,7.597300754,2.1,1.6,1.4666666666666668,1.3666666666666667,2.7888888888888888
India,IND,34.5,33.8,33.8,32.8,35.388888888888886,48.4,46.3,49.6,43.9,40.2,3.938826467,3.729505735,6.623436776,5.131407472,6.699034141,9.454166667,9.46625,9.15,8.698333333,8.567142857,3.8,2.8,2.4333333333333336,2.333333333333333,2.6944444444444446
Indonesia,IDN,36.3,35.4,35.3,35.5,35.5,25.1,22.6,23.6,23.3,23.2,3.198346416,3.03058665,1.920968006,1.560129905,4.209463834,10.53666667,10.36583333,9.544166667,8.9225,8.52,5.5,4.0,3.4,3.3,2.6
"Iran, Islamic Rep.",IRN,37.4,36.5,35.8,35.5,34.8,29.3,30.7,33.3,32.2,29.8,18.01411834,39.90734557,30.59413904,43.38901627,43.48846417,9.124854635,8.999378389399999,8.29693804,7.7581500138,7.4076352908,0.8,0.8,0.9,0.8,0.5
Iraq,IRQ,34.0,33.65,32.5,32.8,34.275,20.7,15.35,16.65,16.1,14.9,0.367441489,-0.19896538,0.574162679,6.041864891,4.994765964,7.7130426,7.6329234488,7.049709413,6.5938000276,6.2952705816,0.75,0.6000000000000001,0.65,8.450000000000001,0.4875
Ireland,IRL,30.6,30.8,29.2,30.1,33.75,0.0,0.0,0.0,0.0,0.0,0.471130714,0.937842961,-0.326183651,2.340341134,7.829457364,6.301230565000001,6.266468508199999,5.802480786,5.429450041399999,5.182905872399999,0.7,0.4,0.4,16.1,0.475
Isle of Man,IMN,34.6,34.55,33.5,34.0,33.224999999999994,0.4,0.8,0.75,0.65,0.6,0.632603187,0.8938130445,-0.4702980045,1.9252708055,6.1115270115,4.88941853,4.900013567599999,4.555252159,4.2651000552,4.0705411632,0.9,0.5,0.45,8.200000000000001,0.4625
Israel,ISR,38.6,38.3,37.8,37.9,32.7,0.8,1.6,1.5,1.3,1.2,0.79407566,0.849783128,-0.614412358,1.510200477,4.393596659,3.477606495,3.533558627,3.308023532,3.100750069,2.958176454,1.1,0.6,0.5,0.3,0.45
Italy,ITA,35.2,34.6,35.2,34.8,32.175,0.2,0.2,0.2,0.2,0.2,1.137487636,0.611246944,-0.137707574,1.873783258,8.201289912,2.68,2.6025,2.328333333,2.025916667,2.264455,2.9,2.5,2.4,2.4,0.4375
Jamaica,JAM,35.6,32.95,33.575,40.2,31.65,7.0,6.8,6.7,6.5,6.1,3.736638822,3.905100009,5.226777793,5.862782428,10.34956884,14.09407373,12.99845527,12.06137876,11.49333333,11.405,0.3,3.0166666666666666,2.1125,0.7,0.425
Japan,JPN,33.0,31.3,31.950000000000003,36.53333333333333,31.125,0.1,0.1,0.1,0.1,0.1,0.989094598,0.468776159,-0.024995834,-0.233352779,2.497702782,11.3778701985,10.831727635,9.7711060465,9.2545833315,9.3866666665,0.2,3.533333333333333,1.825,10.15,0.4125
Jordan,JOR,30.4,29.65,30.325,32.86666666666667,30.6,0.45,0.4,0.4,0.3,0.4,4.462311085,0.761514047,0.333294351,1.346093772,4.229155689,8.661666667,8.665,7.480833333,7.015833333,7.368333333,0.1,4.05,1.5375,19.6,0.4
Kazakhstan,KAZ,27.8,28.0,28.7,29.2,30.075,0.8,0.7,0.7,0.5,0.7,6.163662476,5.333560989,6.718154549,8.04147134,15.02786444,10.8612127535,10.553066445,9.7383089765,9.5479158415,9.8520871165,0.0,4.566666666666666,1.25,29.05,0.3875
Kenya,KEN,29.275,27.9,36.2,38.7,29.55,64.5,63.3,63.2,16.45,17.349999999999998,4.689806468,5.239637958,5.405162079,6.107936037,7.659862683,13.06075884,12.44113289,11.99578462,12.07999835,12.3358409,0.025,5.083333333333333,0.9625,38.5,0.375
Kiribati,KIR,30.75,27.8,35.03333333333334,36.766666666666666,29.025,27.4,23.1,23.7,32.4,34.0,0.564030491,-1.813079953,2.553245544,2.053616768,6.803079672333333,9.928005893333331,9.442699704333334,8.931078635666667,9.014721122333334,9.654727266666669,0.05,5.6,0.675,25.700000000000003,0.3625
"Korea, Dem. People's Rep.",PRK,32.225,30.5,33.86666666666667,34.833333333333336,28.5,13.75,11.6,11.9,16.25,17.05,1.0199349205,-0.7150398245,1.5452667835,2.2759750505,5.946296661666667,6.7952529466666665,6.444266518666667,5.866372651333334,5.949443894666668,6.973613633333334,0.075,2.85,0.3875000000000002,12.900000000000002,0.35
"Korea, Rep.",KOR,33.7,33.2,32.7,32.9,27.975,0.1,0.1,0.1,0.1,0.1,1.47583935,0.383000304,0.537288023,2.498333333,5.089513651,3.6625,3.445833333,2.801666667,2.884166667,4.2925,0.1,0.1,0.1,0.1,0.3375
Kosovo,XKX,31.700000000000003,32.03333333333333,31.46666666666667,31.53333333333333,27.45,13.875,13.35,10.475,8.35,6.574999999999999,1.053797737,2.675992026,0.198227923,3.353691392,11.58051045,6.654058333,4.1284666665,3.4707875,3.2950666670000004,4.1026375,0.3,0.3333333333333333,0.5,0.3,0.3249999999999999
Kuwait,KWT,29.7,30.866666666666667,30.23333333333333,30.166666666666668,26.925,27.65,26.6,20.85,16.6,13.05,0.543133148,1.091848027,2.101729548,3.423629476,3.98064962,4.827,4.8111,4.139908333,3.705966667,3.912775,0.5,0.5666666666666668,0.8999999999999999,0.5,0.3125
Kyrgyz Republic,KGZ,27.7,29.7,29.0,28.8,26.4,41.425,39.85,31.225,24.85,19.525,1.542661452,1.133622577,6.325422963,11.90503982,13.92290932,19.51318201,18.99675367,17.03576593,16.6226605,18.66496462,0.7,0.8,1.3,0.7,0.3
Lao PDR,LAO,38.8,32.1,32.35,31.55,27.255,55.2,53.1,41.6,33.1,26.0,2.040392669,3.322558813,5.10407263,3.755620367,22.95622251,16.040454673333336,16.16894689,15.0207133365,14.519182874999998,16.244817214999998,10.9,0.7,1.05,0.6,0.37
Latvia,LVA,35.1,34.5,35.7,34.3,28.11,8.9,7.4,7.9,6.8,11.8,2.534454242,2.811409201,0.219064905,3.275829374,17.31028302,12.567727336666668,13.34114011,13.005660743,12.415705249999998,13.82466981,0.9,0.6,0.8,0.5,0.4399999999999999
Lebanon,LBN,35.2,34.63333333333333,35.75,34.7,28.965,29.75,29.9,31.450000000000003,27.65,34.099999999999994,6.076989079,3.005389494,84.86433305,154.756096,171.2054913,9.095,10.51333333,10.9906081495,10.312227625,11.404522405,0.9833333333333334,0.6666666666666666,0.7333333333333334,0.4833333333333333,0.51
Lesotho,LSO,35.300000000000004,34.766666666666666,35.800000000000004,35.1,29.82,50.6,52.4,55.0,48.5,56.4,4.751803016,5.187083592,4.978096763,6.04774592,8.271803899,11.35416667,11.33358333,8.975555556,8.20875,8.984375,1.0666666666666669,0.7333333333333333,0.6666666666666667,0.4666666666666667,0.58
Liberia,LBR,35.400000000000006,34.9,35.85,35.5,30.675,38.55,39.85,41.85,36.9,43.0,23.5635149,1.5124523785,3.2125666665,4.458038099,6.3910526955,10.343716660166669,10.3374273425,8.356479188833333,7.717353856333333,8.377495541833333,1.15,0.8,0.6000000000000001,0.45,0.6499999999999999
Libya,LBY,35.5,35.03333333333333,35.9,35.9,31.53,26.5,27.3,28.7,25.3,29.6,13.17020385,-2.162178835,1.44703657,2.868330278,4.510301492,9.333266650333332,9.341271355,7.737402821666667,7.225957712666667,7.770616083666667,1.2333333333333334,0.8666666666666667,0.5333333333333334,0.4333333333333333,0.72
Liechtenstein,LIE,35.6,35.166666666666664,35.95,36.3,32.385,14.449999999999996,14.75,15.549999999999995,13.700000000000005,16.199999999999996,7.934065821,0.0861652725000001,1.32346551,3.7759372435,12.107673821,8.3228166405,8.3451153675,7.1183264545,6.734561569,7.1637366255,1.3166666666666669,0.9333333333333332,0.4666666666666667,0.4166666666666667,0.7899999999999999
Lithuania,LTU,35.7,35.3,36.0,36.7,33.24,2.4,2.2,2.4,2.1,2.8,2.697927792,2.33450938,1.19989445,4.683544209,19.70504615,7.312366630666666,7.34895938,6.499250087333333,6.243165425333333,6.556857167333334,1.4,1.0,0.4,0.4,0.8599999999999999
Luxembourg,LUX,35.4,34.2,33.4,32.7,34.095,0.1,0.0,0.0,0.0,0.0,1.528195243,1.743320757,0.819957302,2.526920091,6.336008078,6.3019166208333335,6.3528033925,5.880173720166667,5.751769281666666,5.949977709166667,0.9,0.9,0.3875,2.7,0.93
"Macao SAR, China",MAC,36.85,35.63333333333333,33.114285714285714,34.7,34.95,1.875,0.8875,13.733333333333334,13.8,13.75,3.004462932,2.751930811,0.811410511,0.026454365,1.045028024,5.291466611,5.356647405,5.261097353,5.260373138,5.343098251,0.7,26.7,0.375,10.8,1.0
Madagascar,MDG,38.3,37.06666666666667,32.82857142857143,36.7,35.805,3.65,1.775,27.46666666666667,27.6,27.5,8.594229589,5.610514415,4.201793122,5.812251188,8.16059032,55.38958333,49.0,48.86666667,48.28333333,48.83333333,0.5,52.49999999999999,0.3625,18.9,1.0699999999999998
Malawi,MWI,39.75,38.5,32.542857142857144,38.7,36.66,5.425,2.6625,41.2,41.4,41.25,12.42017811,9.370836056,8.625514697,9.330144108,20.95396973,32.29,25.67430556,24.2162963,23.88125,25.35166667,0.2999999999999999,78.3,0.35,27.0,1.14
Malaysia,MYS,41.2,33.9,32.25714285714285,40.7,37.515,7.2,3.55,54.93333333333334,55.2,55.0,0.884709161,0.662891866,-1.138702154,2.477102415,3.378698625,4.928440385,4.876892949,3.944207692,3.444106404,3.908026667,0.1,39.15,0.3375,35.1,1.21
Maldives,MDV,38.6,29.3,31.97142857142857,38.2,38.37,44.8,4.4375,68.66666666666667,69.0,68.75,-0.133373386,0.220029731,-1.369774256,0.543149689,2.333143376,10.67672289,11.52263579,11.60023032,11.56546101,10.92870651,21.95,0.0,0.325,43.2,1.2799999999999998
Mali,MLI,36.0,30.15,31.685714285714283,35.7,39.225,82.4,5.324999999999999,82.4,82.8,82.5,0.299546507,-1.658266948,0.43808894,3.925602831,9.621476085,10.241378312,10.908108632,10.725184256,10.6265354746,10.2437985414,43.8,0.2,0.3125,51.3,1.35
Malta,MLT,28.7,31.0,31.4,34.27142857142857,40.08,72.96666666666667,6.2125,44.8,45.05,44.55,1.157823625,1.642060018,0.638544957,1.497892179,6.153756219,9.806033734,10.293581474,9.850138192,9.6876099392,9.5588905728,0.3,0.4,0.3,44.0,1.42
Marshall Islands,MHL,33.025,35.5,34.7,32.84285714285714,40.935,63.53333333333333,7.1,7.2,7.3,6.6,2.112591793,1.9710763195,1.512119921,2.531528513,7.8395112525,9.370689156,9.679054316,8.975092128,8.7486844038,8.8739826042,0.8500000000000001,1.0,0.875,36.7,1.49
Mauritania,MRT,37.35,32.0,38.0,31.414285714285715,41.79,54.1,54.0,55.0,56.9,56.8,3.067359961,2.300092621,2.385694885,3.565164847,9.525266286,8.935344578,9.064527158,8.100046064,7.8097588684,8.1890746356,1.4,42.4,1.4500000000000002,29.4,1.5599999999999998
Mauritius,MUS,41.675,30.5,41.3,29.985714285714288,42.645,3.6,3.4,4.5,4.2,4.0,3.216053831,0.40565519,2.580800772,4.028528882,10.77375122,8.5,8.45,7.225,6.870833333,7.504166667,1.95,32.0,2.025,22.1,1.63
Mexico,MEX,46.0,29.0,44.6,28.557142857142857,43.5,8.5,8.5,8.4,7.7,7.2,4.899350154,3.635961421,3.396834156,5.689208477,7.896276192,8.04,8.429166667,6.341666667,5.265833333,8.179166667,2.5,21.6,2.6,14.800000000000004,1.7
"Micronesia, Fed. Sts.",FSM,35.85,27.5,42.76,27.128571428571423,40.475,7.25,6.8,7.1,5.5,5.5,1.498400236,1.923851708,0.554594631,3.191284066,5.408743755,15.7,14.7,14.47,12.62,9.9879166685,1.35,11.199999999999996,2.5500000000000003,7.5,1.55
Moldova,MDA,25.7,26.0,40.92,25.7,37.45,6.0,5.1,5.8,3.3,3.8,3.045053973,4.837783514,3.765971222,5.10641129,28.73729768,8.8475,8.25,8.18,7.396666667,11.79666667,0.2,0.8,2.5,0.2,1.4
Monaco,MCO,29.200000000000003,29.23333333333333,39.08,28.566666666666663,34.425,16.85,15.499999999999998,15.349999999999998,16.3,15.2,4.934650937,6.069426525,3.7810057415,6.229611862,21.942626885,13.280884945,12.623311675,12.55531335,11.7017145735,9.743888891,0.8,0.9,2.45,0.34,1.25
Mongolia,MNG,32.7,32.46666666666667,37.24,31.43333333333333,31.4,27.7,25.9,24.9,29.3,26.6,6.824247901,7.301069536,3.796040261,7.352812434,15.14795609,17.71426989,16.99662335,16.9306267,16.00676248,7.691111112000001,1.4,1.0,2.4,0.48,1.1
Montenegro,MNE,36.8,35.7,35.4,34.3,31.2,3.4,3.2,26.35,27.6,2.7,2.611223783,0.361563705,-0.2556557,2.410801984,13.04030363,6.529166667,6.175,5.906666667,5.760833333,5.638333333,1.4249999999999998,1.1,2.35,0.6200000000000001,1.2571428571428571
Morocco,MAR,35.55714285714286,43.0,34.05714285714286,33.07142857142857,31.0,24.7,24.3,27.8,25.9,25.1,1.803916711,0.303386037,0.705968661,1.40195884,6.657042028,14.7562499985,12.566666665,11.4908333335,11.9637500015,12.8858333315,1.45,1.2000000000000002,2.3,0.76,1.4142857142857144
Mozambique,MOZ,34.31428571428571,50.3,32.714285714285715,31.84285714285714,30.8,25.9,25.7,28.73333333333333,26.866666666666667,25.7,3.9113344,2.802703079,3.483935675,6.40847653,10.27940181,22.98333333,18.95833333,17.075,18.16666667,20.13333333,1.475,1.3,2.25,0.9000000000000001,1.5714285714285716
Myanmar,MMR,33.07142857142857,46.08,31.37142857142857,30.614285714285717,30.6,27.1,27.1,29.666666666666668,27.83333333333333,26.3,6.872328657,8.825066968,2.846659022,5.0126909155,8.1803414755,16.0,16.0,14.83333333,12.513363496,14.372933272,1.5,1.4,2.2,1.04,1.7285714285714286
Namibia,NAM,31.82857142857143,41.86,30.02857142857143,29.38571428571429,30.4,28.3,28.5,30.6,28.8,26.9,4.291591053,3.722394144,2.209382369,3.616905301,6.081281141,10.142176,9.875833333,7.868628338,6.860060322,8.612533214,1.525,1.5,2.15,1.1800000000000002,1.885714285714286
Nauru,NRU,30.585714285714285,37.64,28.685714285714283,28.15714285714286,30.2,60.8,59.9,60.6,58.7,56.75,4.1763772205,4.645539811,3.630874461,3.8832926675,6.8660364545,8.113740799999999,10.306071124166666,8.419756786666666,7.320029167833333,8.715201618,1.55,1.6,2.1,1.32,2.042857142857143
Nepal,NPL,29.34285714285714,33.42,27.34285714285714,26.928571428571427,30.0,93.3,91.3,90.6,88.6,86.6,4.061163388,5.568685478,5.052366553,4.149680034,7.650791768,6.0853056,10.736308915333332,8.970885235333332,7.779998013666666,8.817870022000001,1.5750000000000002,1.7000000000000002,2.05,1.4600000000000002,2.2
Netherlands,NLD,28.1,29.2,26.0,25.7,31.006666666666668,0.0,0.0,0.0,0.0,0.0,1.703497947,2.633699102,1.272460378,2.675720088,10.00120788,4.0568704,11.1665467065,9.522013684,8.239966859499999,8.920538426,1.6,1.8,2.0,1.6,2.1733333333333333
New Caledonia,NCL,30.4,29.916666666666664,27.25,27.5,32.013333333333335,17.333333333333332,17.633333333333333,17.8,17.099999999999998,16.666666666666668,1.6508974925,2.126665502,1.493511039,3.308420348,8.58671632,2.0284352000000005,11.596784497666668,10.073142132666666,8.699935705333333,9.02320683,21.175000000000004,2.0166666666666666,1.957142857142857,20.700000000000003,2.146666666666667
New Zealand,NZL,32.7,30.633333333333333,28.5,29.3,33.02,34.666666666666664,35.266666666666666,35.6,34.2,33.333333333333336,1.598297038,1.619631902,1.7145617,3.941120608,7.17222476,0.0,12.027022288833331,10.624270581333333,9.159904551166663,9.125875234,40.75000000000001,2.2333333333333334,1.9142857142857144,39.8,2.12
Nicaragua,NIC,35.0,31.35,29.75,31.1,34.02666666666667,52.0,52.9,53.4,51.3,50.0,4.94723728,5.376289908,3.681813416,4.928413969,10.46742445,10.89578545,12.45726008,11.17539903,9.619873397,9.228543638,60.32500000000001,2.45,1.8714285714285717,58.900000000000006,2.0933333333333333
Niger,NER,37.3,32.06666666666666,31.0,32.9,35.03333333333333,96.0,42.32,42.72,41.04,40.0,2.96760366,-2.489792651,2.89819376,3.837868028,4.226217919,13.899841205,13.91692353,12.40871035,10.5515030935,10.781543939,79.9,2.666666666666667,1.8285714285714283,78.0,2.066666666666667
Nigeria,NGA,35.1,32.78333333333333,32.25,35.15,36.04,72.0,31.74,32.04,30.78,30.0,12.09510652,11.39642234,13.24602343,16.95284572,18.84718778,16.90389696,15.37658698,13.64202167,11.48313279,12.33454424,39.7,2.8833333333333337,1.7857142857142856,68.55,2.04
North Macedonia,MKD,33.0,33.5,33.5,37.4,37.04666666666667,48.0,21.16,21.36,20.52,20.0,1.458312985,0.766439573,1.200073489,3.230749121,14.20471732,6.10691834,5.609363829,5.193220791,4.857967632,4.633067219,3.7,3.1,1.7428571428571429,59.1,2.0133333333333336
Northern Mariana Islands,MNP,30.3,30.6,34.75,39.65,38.053333333333335,24.0,10.579999999999998,10.68,10.259999999999998,10.0,2.111572165,1.467084803,1.243329198,3.357314837,9.9844202495,4.5163758365,4.422598581,3.9453603955,3.5660671495000003,3.938200276,3.1500000000000004,2.45,1.7,49.650000000000006,1.9866666666666668
Norway,NOR,27.6,27.7,36.0,41.9,39.06,0.0,0.0,0.0,0.0,0.0,2.764831345,2.167730033,1.286584907,3.483880553,5.764123179,2.925833333,3.235833333,2.6975,2.274166667,3.243333333,2.6,1.8,1.657142857142857,40.2,1.96
Oman,OMN,28.6,33.225,37.25,44.15,40.06666666666667,21.85,22.05,23.4,21.25,19.95,0.889312371,0.490815363,-0.406402919,1.682211859,2.506142506,5.246384502,5.413343513,5.466499205,5.497836097,4.15937499975,9.65,1.8,1.6142857142857143,30.75,1.9333333333333331
Pakistan,PAK,29.6,38.75,38.5,46.4,41.07333333333334,43.7,44.1,46.8,42.5,39.9,5.078057259,10.5783618,9.739993139,9.496210561,19.87385996,8.530833333,12.2330548,10.75774943,8.665974215,5.0754166665,16.7,1.8,1.5714285714285714,21.300000000000004,1.9066666666666667
Palau,PLW,39.400000000000006,44.275,39.75,48.65,42.08,61.73333333333333,38.4,63.23333333333333,60.33333333333333,58.53333333333333,2.109704641,0.267379679,0.218181818,2.612481858,12.35266384,7.706816498,9.6615274,8.8830413815,7.801320441,5.99145833325,13.175,1.8,1.5285714285714285,11.850000000000009,1.88
Panama,PAN,49.2,49.8,41.0,50.9,43.08666666666667,79.76666666666667,32.7,79.66666666666666,78.16666666666666,77.16666666666666,0.761578359,-0.355083821,-1.550275408,1.630703373,2.859651288,6.882799663,7.09,7.008333333,6.936666667,6.9075,9.65,1.8,1.4857142857142858,2.4,1.8533333333333333
Papua New Guinea,PNG,47.6,47.75,42.25,46.9,44.09333333333333,97.8,27.0,96.1,96.0,95.8,4.374489215,3.928672909,4.871673986,4.48359014,5.253239222,9.075,8.650833333,7.700833333,7.6425,7.990833333,6.125,1.8,1.4428571428571426,1.85,1.8266666666666669
Paraguay,PRY,46.0,45.7,43.5,42.9,45.1,21.9,21.3,20.0,18.4,21.1,3.975610157,2.757097276,1.767515924,4.787983101,9.765566672,15.71770639,15.48426384,13.53731441,12.50973887,10.2940458315,2.6,1.8,1.4,1.3,1.8
Peru,PER,42.4,41.5,43.7,40.1,40.3,13.8,12.5,16.7,11.2,10.7,1.50915423,2.252121914,2.002412058,4.271663815,8.333706301,14.539125,14.38545,12.93833333,10.97950833,12.59725833,5.1,4.6,7.0,4.1,4.0
Philippines,PHL,42.3,35.15,36.1,40.7,40.265625,29.0,30.3,33.2,28.1,25.9,5.309346616,2.392065344,2.393162393,3.927180221,5.821158112,6.1185,7.095833333,11.1679627038,9.5538215088,10.9902387842,4.4,2.3,5.266666666666667,4.1,3.940625
Poland,POL,30.2,28.8,28.5,28.5,40.23125,0.1,0.1,0.4,0.4,13.3,1.812951565,2.227478809,3.374469726,5.055027047,14.42945076,5.8340356602500005,6.58164263875,9.3975920776,8.1281346876,9.3832192384,3.5,0.0,3.533333333333333,2.85,3.88125
Portugal,PRT,33.5,32.8,34.7,34.6,40.196875,0.3,0.2,0.5,0.7,0.7,0.993715683,0.33817841,-0.01243833,1.265657191,7.832691242,5.5495713205,6.0674519445,7.6272214514,6.7024478664,7.7761996926,2.6,1.7,1.8,1.6,3.821875
Puerto Rico,PRI,34.266666666666666,33.46666666666666,34.66666666666667,34.36666666666667,40.1625,0.5666666666666667,0.4,0.6333333333333333,0.7333333333333333,0.7,0.624765533,-0.1642313575,-1.2763766799999998,1.7850614240000002,6.4139833895,5.26510698075,5.55326125025,5.8568508252,5.2767610452,6.1691801468000005,1.7666666666666666,1.1333333333333333,1.2333333333333334,1.0666666666666669,3.7625
Qatar,QAT,35.03333333333333,34.13333333333333,34.63333333333333,34.13333333333333,40.128125,0.8333333333333333,0.6000000000000001,0.7666666666666666,0.7666666666666667,0.7,0.255815383,-0.666641125,-2.54031503,2.304465657,4.995275537,4.980642641,5.039070556,4.086480199,3.851074224,4.562160601,0.9333333333333332,0.5666666666666667,0.6666666666666667,0.5333333333333334,3.703125
Romania,ROU,35.8,34.8,34.6,33.9,40.09375,1.1,0.8,0.9,0.8,0.7,4.625484431,3.827854326,2.631073112,5.052328761,13.79548874,6.808202289,7.161666667,6.486401228,5.613499057,7.757094309,0.1,0.0,0.1,0.0,3.64375
Russian Federation,RUS,35.3,35.7,33.7,35.1,40.059375,5.0,4.8,3.8,39.65,37.85,2.878297236,4.470366608,3.381659372,6.69445892,15.74234915,8.866666667,8.753333333,6.775833333,7.181083333,11.45916667,4.699999999999999,4.6,5.0,5.3,3.584375
Rwanda,RWA,35.8,35.52857142857143,33.885714285714286,35.28333333333333,40.025,79.5,79.6,79.9,78.5,75.0,-0.31121016,3.34787655,9.850399023,-0.391346748,17.68920956,16.94666667,16.5275,16.345,16.17583333,16.385,9.3,3.971428571428571,4.6,10.6,3.525
Samoa,WSM,36.3,35.35714285714286,34.07142857142858,35.46666666666667,39.990625,73.12,73.1,73.28,72.12,69.28,4.197458887,0.98232657,-1.568912477,3.133204732,10.96188223,8.950100768,8.929166667,8.705,8.515416667,8.291059043,13.9,3.3428571428571425,4.2,15.9,3.465625
San Marino,SMR,36.8,35.18571428571429,34.25714285714286,35.650000000000006,39.95625,66.74,66.6,66.66,65.74,63.56,6.033027588,4.351285911,4.1252077190000005,5.635487558,14.48375867,4.163075,3.984991667,3.733908333,3.5323,3.802091667,18.5,2.7142857142857144,3.8,21.2,3.40625
Sao Tome and Principe,STP,37.3,35.01428571428571,34.44285714285714,35.833333333333336,39.921875,60.36,60.1,60.04,59.36,57.84,7.868596289,7.720245252,9.819327915,8.137770384,18.00563511,19.87362408,19.06201852,18.8275679,18.48648611,17.90422872,23.1,2.085714285714286,3.4000000000000004,26.5,3.346875
Saudi Arabia,SAU,37.8,34.84285714285714,34.628571428571426,36.016666666666666,39.8875,53.98,53.6,53.42,52.98,52.12,2.45814158,-2.093333333,3.44545826,3.063289889,2.474073719,17.982420949999998,17.4476129,17.022525244999997,16.154160141250003,15.703551559249998,27.7,1.4571428571428573,3.0,31.8,3.2875
Senegal,SEN,38.3,34.67142857142857,34.81428571428572,36.2,39.853125,47.6,47.1,46.8,46.6,46.4,0.460985642,1.760111512,2.543146857,2.180322781,9.696818991,16.09121782,15.83320728,15.21748259,13.8218341725,13.5028743985,32.3,0.8285714285714292,2.6,37.1,3.228125
Serbia,SRB,35.0,34.5,35.0,33.1,39.81875,3.6,3.1,3.4,3.5,3.1,1.959840763,1.849229845,1.575532901,4.085102853,11.98151173,14.20001469,14.21880166,13.412439935,11.48950820375,11.30219723775,0.1,0.2,2.2,30.933333333333334,3.16875
Seychelles,SYC,32.1,32.24,32.84,31.3,39.784375,0.5,0.4,0.4,0.4,8.2,3.702918391,1.807094008,1.20266464,9.76909937,2.626036329,12.30881156,12.60439604,11.60739728,9.157182235,9.101520077,0.9,0.18,1.8000000000000005,24.766666666666666,3.109375
Sierra Leone,SLE,35.7,29.98,30.68,29.5,39.75,92.9,93.4,0.3,0.3,6.15,16.02954477,14.80499909,13.44687111,11.87395888,27.20828838,15.96166667,17.96666667,17.93833333,18.85916667,19.31333333,54.0,0.16,1.4000000000000004,18.6,3.05
Singapore,SGP,32.13333333333333,27.72,28.52,27.700000000000003,39.715625,61.93333333333334,62.266666666666666,0.2,0.2,4.1,0.438620118,0.565260569,-0.181916667,2.30485959,6.12106004,5.33,5.25,5.25,5.25,17.81023809242857,36.06666666666666,0.14,1.0000000000000004,12.433333333333334,2.990625
Sint Maarten (Dutch part),SXM,28.566666666666663,25.46,26.36,25.9,39.68125,30.96666666666667,31.133333333333333,0.0999999999999999,0.0999999999999999,2.05,1.4763286235,1.6149109515000002,0.8775122999999999,2.7272329445,9.4476032,6.6846629525,6.5862892575,6.608142685,5.23142714725,16.30714285485714,18.133333333333333,0.12,0.6000000000000005,6.266666666666666,2.9312500000000004
Slovak Republic,SVK,25.0,23.2,24.2,24.1,39.646875,0.0,0.0,0.0,0.0,0.0,2.514037129,2.664561334,1.936941267,3.149606299,12.77414636,8.039325905,7.922578515,7.96628537,5.2128542945,14.804047617285711,0.2,0.1,0.2,0.1,2.871875
Slovenia,SVN,24.6,24.4,24.0,24.3,39.6125,0.0,0.0,0.0,0.0,0.0,1.73860862,1.630522608,-0.054856816,1.917065061,8.833698867,9.3939888575,9.2588677725,9.324428054999998,5.19428144175,13.300952379714284,0.0,0.0,0.0,0.0,2.8125
Solomon Islands,SLB,26.62,26.38,26.18,26.22,39.578125,54.7,54.8,62.0,59.9,57.8,3.46147485,1.63485544,2.963549921,-0.115437894,5.518129286,10.74865181,10.59515703,10.68257074,5.175708589,11.797857142142856,0.78,0.72,0.8400000000000001,0.6599999999999999,2.753125
Somalia,SOM,28.64,28.36,28.36,28.14,39.54375,39.75,44.55,47.55,46.1,44.95,3.989320039,2.877550655,3.086792948,2.2481171420000003,6.2789279495,10.41599257,10.360078515,9.1954520365,6.108687628,10.294761904571429,1.56,1.44,1.6800000000000002,1.3199999999999998,2.69375
South Africa,ZAF,30.660000000000004,30.34,30.54,30.06,39.509375,24.8,34.3,33.1,32.3,32.1,4.517165228,4.12024587,3.210035975,4.611672178,7.039726613,10.08333333,10.125,7.708333333,7.041666667,8.791666667,2.34,2.16,2.5200000000000005,1.98,2.6343750000000004
South Sudan,SSD,32.68000000000001,32.32,32.72,31.98,39.475,12.5,17.25,16.7,16.299999999999997,16.15,83.50152949,87.24136415,29.67584355,10.51671583,-6.687320942,16.18268559,15.65470531,16.08961748,16.08848271,16.29349646,3.12,2.88,3.3600000000000003,2.64,2.575
Spain,ESP,34.7,34.3,34.9,33.9,39.440625,0.2,0.2,0.3,0.3,0.2,1.674981369,0.699518994,-0.322753017,3.09313512,8.390576341,13.86842613,13.44943599,13.27660232,13.10719489,13.212371279,3.9,3.6,4.2,3.3,2.515625
Sri Lanka,LKA,34.112500000000004,37.7,34.15,33.3875,39.40625,11.266666666666664,25.2,27.2,26.6,30.3,2.135037737,3.528393582,6.153945084,7.014780712,49.72110211,11.55416667,11.24416667,10.46358716,10.12590707,10.131246098000002,3.65,1.1,3.975,3.075,2.45625
St. Kitts and Nevis,KNA,33.525000000000006,36.5,33.4,32.875,39.371875,22.33333333333333,33.86,35.96,35.86,39.14,-1.037122141,-0.329562064,-1.167245018,1.19568887,2.668175331,8.857920167,8.523423083,7.650572,7.14461925,7.050120917,3.4,1.3,3.75,2.85,2.396875
St. Lucia,LCA,32.9375,35.300000000000004,32.65,32.3625,39.337500000000006,33.4,42.52,44.72,45.120000000000005,47.98,1.935618932,0.539087559,-1.755808335,2.410703122,6.378146951,8.110115917,7.722479833,7.13469175,6.757424167,6.5128745,3.15,1.5,3.5250000000000004,2.625,2.3375000000000004
St. Martin (French part),MAF,32.35,34.1,31.9,31.85,39.303125,44.46666666666666,51.18,53.48,54.38000000000001,56.82,2.129881893,0.726078642,-1.191969822,1.9917162235,6.0191223715,8.2979185835,8.036924625000001,7.5628188335,7.203855583499999,6.952431499999999,2.9,1.7000000000000002,3.3,2.4,2.278125
St. Vincent and the Grenadines,VCT,31.762500000000003,32.9,31.15,31.3375,39.26875,55.53333333333333,59.84,62.24,63.64000000000001,65.66,2.324144854,0.913069725,-0.628131309,1.572729325,5.660097792,8.48572125,8.351369417,7.990945917,7.650287,7.3919885,2.65,1.9,3.075,2.175,2.21875
Sudan,SDN,31.175,31.700000000000003,30.4,30.825,39.234375,66.6,68.5,71.0,72.9,74.5,63.29250735,50.9940515,163.2577824,359.0930408,138.8084602,11.39241811,11.6577944035,11.3935524785,11.26939732,11.070240675,2.4,2.1,2.85,1.95,2.159375
Suriname,SUR,30.5875,30.5,29.65,30.3125,39.2,33.3,34.25,35.5,36.45,37.25,32.623021325500005,26.389101237,34.88978431,59.11966263,52.44602728,14.29911497,14.96421939,14.79615904,14.88850764,14.74849285,2.15,2.3,2.625,1.725,2.1
Sweden,SWE,30.0,29.3,28.9,29.8,35.0,0.0,0.0,0.0,0.0,0.0,1.953535301,1.784150974,0.497367319,2.163197364,8.369290989,8.4632702815,8.798571285000001,8.715502872,8.764182477,8.697608293,1.9,2.5,2.4,1.5,2.0700000000000003
Switzerland,CHE,33.1,34.0,33.7,30.82,30.800000000000004,0.1,0.0,0.0,0.0,0.0,0.936335464,0.36288618,-0.725874933,0.581814168,2.835027986,2.627425593,2.63292318,2.634846704,2.639857314,2.646723736,0.2,0.3,0.1,1.22,2.04
Syrian Arab Republic,SYR,35.56666666666667,34.225,34.025000000000006,31.84,26.6,58.9,42.6,75.2,36.6,40.75,1.789043139,1.3966843133333335,0.6128469206666667,1.6181826413333331,3.3401093383333333,14.9081110265,13.0913152,7.316409172666666,2.7448929855,2.76962613525,18.33333333333333,0.275,0.125,0.94,2.01
Tajikistan,TJK,38.03333333333333,34.45,34.35,32.86,27.46470588235294,77.2,75.8,74.7,73.2,81.5,2.641750814,2.430482446666667,1.9515687743333332,2.654551114666666,3.845190690666666,27.18879646,23.54970722,11.997971641333333,2.849928657,2.8925285345,36.46666666666667,0.25,0.15,0.6600000000000001,1.98
Tanzania,TZA,40.5,34.675,34.675,33.879999999999995,28.329411764705885,91.4,91.5,42.05,41.25,44.9,3.494458489,3.46428058,3.290290628,3.690919588,4.350272043,17.41416667,16.97083333,16.67953411,2.9549643285,3.01543093375,54.6,0.225,0.175,0.3800000000000001,1.95
Thailand,THA,36.4,34.9,35.0,34.9,29.194117647058825,11.3,9.2,9.4,9.3,8.3,1.063897542,0.706728601,-0.845937147,1.230395413,6.077412284,4.146666667,4.084166667,3.2925,3.06,3.138333333,0.2,0.2,0.2,0.1,1.92
Timor-Leste,TLS,39.45,36.38333333333333,36.333333333333336,36.4,30.058823529411764,43.45,41.95,42.15,40.55,40.650000000000006,2.29424307,0.95881274,0.4266737429999999,2.708305239,7.02249295,13.45630144,15.36218033,14.1277355,11.15983557,11.00449208,23.35,0.25,0.25,22.0,1.89
Togo,TGO,42.5,37.86666666666667,37.66666666666666,37.9,30.923529411764704,75.6,74.7,74.9,71.8,73.0,0.927755426,0.67465277,1.699284633,4.186215065,7.967573616,10.747210065,11.713978235,10.97815901,9.458288394,9.431849355,46.5,0.3,0.3,43.9,1.86
Tonga,TON,42.475,39.35,39.0,27.1,31.788235294117648,51.93333333333332,52.66666666666667,52.83333333333334,50.7,51.43333333333334,5.03209692,1.179543348,-0.349737697,5.640511406,10.97136529,8.03811869,8.06577614,7.82858252,7.756741218,7.85920663,34.975,0.35,0.35,0.0,1.83
Trinidad and Tobago,TTO,42.45,40.83333333333333,40.333333333333336,30.4,32.65294117647059,28.26666666666666,30.633333333333333,30.766666666666676,29.6,29.866666666666667,1.018569302,1.00054293,0.598986331,2.059227469,5.828386385,9.09375,9.25,6.555,7.4375,7.489583333,23.45,0.4,0.4,0.2,1.8
Tunisia,TUN,42.425,42.31666666666666,41.66666666666666,33.7,33.51764705882353,4.6,8.6,8.7,8.5,8.3,7.30759176,6.720075329,5.634151159,5.706350208,8.306461244,10.885884785,10.760244047142857,7.660342857142857,8.273872618571428,9.078130952571428,11.924999999999995,0.4499999999999999,0.4499999999999999,0.4,1.77
Turkiye,TUR,42.4,43.8,43.0,44.4,34.38235294117647,21.6,24.64,24.8,24.58,24.34,16.3324639,15.17682157,12.27895745,19.59649269,72.30883599,12.67801957,12.270488094285714,8.765685714285715,9.110245237142856,10.666678572142857,0.4,0.5,0.5,0.5,1.74
Turkmenistan,TKM,39.14,43.525,39.52,42.68571428571428,35.247058823529414,38.6,40.68,40.900000000000006,40.66,40.38,12.9033509025,12.099513186,10.03754881125,15.2485125295,56.0305742075,14.470154355,13.780732141428572,9.871028571428573,9.946617855714283,12.255226191714286,0.5,13.425,0.74,0.5125,1.71
Turks and Caicos Islands,TCA,35.88,43.25,36.04,40.97142857142857,36.11176470588235,55.6,56.72,57.0,56.74000000000001,56.42,9.474237905,9.022204802,7.7961401725,10.900532369,39.752312425,16.26228914,15.290976188571427,10.97637142857143,10.782990474285716,13.843773811285716,0.6,26.35,0.98,0.525,1.68
Tuvalu,TUV,32.620000000000005,42.975,32.56,39.25714285714285,36.976470588235294,72.6,72.75999999999999,73.10000000000001,72.82000000000001,72.46,6.0451249075,5.944896418000001,5.554731533750001,6.5525522085,23.4740506425,18.054423925,16.801220235714286,12.081714285714286,11.619363092857142,15.432321430857144,0.7,39.275000000000006,1.22,0.5375,1.65
Uganda,UGA,29.36,42.7,29.08,37.54285714285714,37.84117647058823,89.6,88.8,89.2,88.9,88.5,2.61601191,2.867588034,3.313322895,2.204572048,7.19578886,19.84655871,18.311464282857145,13.187057142857142,12.45573571142857,17.020869050428573,0.8,52.2,1.46,0.55,1.62
Ukraine,UKR,26.1,26.6,25.6,35.82857142857143,38.70588235294117,5.5,4.2,3.3,2.6,4.4,10.95185594,7.886717456,2.732492094,9.363139177,20.18363666,19.004875,19.82170833,14.2924,13.29210833,18.60941667,0.8999999999999999,1.4,1.7,0.5625,1.59
United Arab Emirates,ARE,26.4,29.7,29.1,34.114285714285714,39.57058823529411,0.0,0.0,0.0,0.0,0.1,3.068633793,-1.931081148,-2.079403179,-0.013859944,4.827888596,14.304638889,14.975305553333332,10.709655555666666,9.944738886666666,16.673403060000002,1.0,1.3,1.3,0.575,1.56
United Kingdom,GBR,33.7,32.8,32.6,32.4,40.435294117647054,0.0,0.0,0.0,0.0,0.0,2.292839903,1.738104601,0.989486704,2.518371096,7.922048831,9.604402778,10.128902776666663,7.1269111113333325,6.597369443333333,14.737389450000002,1.1,1.2,0.9,0.5875,1.53
United States,USA,41.4,41.5,39.7,39.7,41.3,0.4,0.4,0.3,0.2,0.2,2.442583297,1.812210075,1.233584396,4.697858864,8.002799821,4.904166667,5.2825,3.544166667,3.25,12.80137584,1.2,1.1,0.5,0.6,1.5
Uruguay,URY,39.7,39.7,40.2,40.8,40.6,10.2,8.533333333333335,8.700000000000001,10.466666666666669,8.833333333333334,7.606533604,7.881988709,9.756406361,7.747914023,9.104379831,12.20118474,11.55718506,11.23125945,7.450648208,10.86536223,0.1,0.1,0.64,0.1,0.2
Uzbekistan,UZB,38.7,36.0,39.35,40.8,31.2,20.0,16.666666666666668,17.1,20.73333333333333,17.46666666666667,17.52417965,14.52573596,12.86772974,10.84923975,11.4466437,19.96562216,23.60606748,22.34105103,21.42308585,21.74611546,0.575,9.999999999999998,0.78,0.1,2.3
Vanuatu,VUT,37.7,32.3,38.5,40.8,32.833333333333336,29.8,24.8,25.5,31.0,26.1,2.330963796,2.762520194,5.329350731,2.343283582,6.679305819,10.18166667,10.04583333,9.760833333,9.333333333,8.805833333,1.05,19.9,0.92,0.1,1.9666666666666663
"Venezuela, RB",VEN,36.7,34.55,37.65,40.8,34.46666666666667,14.2,14.2,14.2,14.6,15.2,2.9352959275,2.7791719345,4.275142549,2.088999565,4.9179066595,8.776770835,8.876666665,8.7041666665,8.5721666665,8.409583333,1.525,22.7125,1.06,0.1,1.6333333333333333
Viet Nam,VNM,35.7,36.8,36.8,40.8,36.1,18.0282336025,17.414459927499998,17.78380938,17.1528414775,17.7481644625,3.539628059,2.795823675,3.220934367,1.834715548,3.1565075,7.371875,7.7075,7.6475,7.811,8.013333333,2.0,25.525,1.2,0.1,1.3
Virgin Islands (U.S.),VIR,35.7,39.05,36.8,40.8,39.18,21.856467205,20.628919855,21.36761876,19.705682955,20.296328925,1.6722601425,2.1880035055,1.242801183,1.5360982879999998,3.4488657095,6.622418019,6.819730356499999,6.582403287,6.6831212485,28.646666660833333,2.0,28.3375,1.2,0.1,14.340000000000002
West Bank and Gaza,PSE,35.7,41.3,36.8,40.8,42.26,25.6847008075,23.8433797825,24.95142814,22.2585244325,22.8444933875,-0.195107774,1.580183336,-0.735332001,1.237481028,3.741223919,5.872961038,5.931960713,5.517306574,5.555242497,49.27999998866667,2.0,31.15,1.2,0.1,27.380000000000003
World,WLD,35.7,43.55,36.8,40.8,45.34,29.51293441,27.05783971,28.53523752,24.81136591,25.39265785,2.450362439,2.206073058,1.920968006,3.466925853,7.967573616,7.179196247666666,7.385196032,6.837926605,15.53559854025,69.9133333165,2.0,33.9625,1.2,0.1,40.42
"Yemen, Rep.",YEM,35.7,45.8,36.8,40.8,48.42,83.7,84.5,85.2,85.9,86.5,4.972467183,5.678194750499999,8.827014238,12.7438467365,9.480388768,8.485431457333332,8.838431351,8.158546636,25.5159545835,90.54666664433334,2.0,36.775,1.2,0.1,53.46
Zambia,ZMB,35.7,48.05,36.8,40.8,51.5,83.7,84.5,85.2,85.9,86.5,7.494571927,9.150316443,15.73306047,22.02076762,10.99320392,9.791666667,10.29166667,9.479166667,35.49631062675,111.17999997216668,2.0,39.5875,1.2,0.1,66.5
Zimbabwe,ZWE,35.7,50.3,36.8,40.8,51.5,83.7,84.5,85.2,85.9,86.5,10.61886587,255.3049908,557.2018174,98.54610509,104.7051706,7.131666667,16.18166667,33.00833333,45.47666667,131.8133333,2.0,42.4,1.2,0.1,66.5
