Country Name,Country Code,"Persistence to last grade of primary, total (% of cohort)_2018","Persistence to last grade of primary, total (% of cohort)_2019","Persistence to last grade of primary, total (% of cohort)_2020","Persistence to last grade of primary, total (% of cohort)_2021","Persistence to last grade of primary, total (% of cohort)_2022","Share of youth not in education, employment or training, total (% of youth population)_2018","Share of youth not in education, employment or training, total (% of youth population)_2019","Share of youth not in education, employment or training, total (% of youth population)_2020","Share of youth not in education, employment or training, total (% of youth population)_2021","Share of youth not in education, employment or training, total (% of youth population)_2022","Primary completion rate, total (% of relevant age group)_2018","Primary completion rate, total (% of relevant age group)_2019","Primary completion rate, total (% of relevant age group)_2020","Primary completion rate, total (% of relevant age group)_2021","Primary completion rate, total (% of relevant age group)_2022","Literacy rate, adult total (% of people ages 15 and above)_2018","Literacy rate, adult total (% of people ages 15 and above)_2019","Literacy rate, adult total (% of people ages 15 and above)_2020","Literacy rate, adult total (% of people ages 15 and above)_2021","Literacy rate, adult total (% of people ages 15 and above)_2022","Current education expenditure, total (% of total expenditure in public institutions)_2018","Current education expenditure, total (% of total expenditure in public institutions)_2019","Current education expenditure, total (% of total expenditure in public institutions)_2020","Current education expenditure, total (% of total expenditure in public institutions)_2021","Current education expenditure, total (% of total expenditure in public institutions)_2022"
Afghanistan,AFG,,,,,,,,53.764,43.769,,88.73551941,86.17552185,,,,,,,37.2660408,,,,,,
Albania,ALB,89.04618073,89.43762207,91.94413757,91.51325226,,26.614,25.824,49.27314285714286,24.085,,105.7085571,101.7207184,99.46858978,98.22325897,97.74899292,,,,39.87249653933333,98.5,93.8843689,86.84481812,88.59079742,91.57214355,89.36257172
Algeria,DZA,91.55725098,82.07621510666667,88.96552277,92.67938232,,25.34883333333333,25.134,44.78228571428572,23.485,,102.6879883,99.72988892,102.2409363,99.75267792,94.71138763,81.40783691,,,42.47895227866667,91.9750003825,95.7427063,90.97743988333332,90.18321227666668,92.29348245833334,92.48061371
American Samoa,ASM,79.85951233,74.71480814333334,77.52276993000001,93.484544115,,24.083666666666662,24.444000000000003,40.291428571428575,22.885,,84.69858552,81.97562408499999,82.475452435,80.910823825,94.284051255,80.83124952692307,,,45.085408018,85.450000765,97.6010437,95.11006164666668,91.77562713333332,93.01482136666668,95.5986557
Andorra,AND,68.16177368,67.35340118,66.08001709,94.28970591,,22.8185,23.754,35.80057142857143,22.285,,66.70918274,64.22135925,62.70996857,62.06896973,93.85671488,80.25466214384615,,,47.69186375733333,78.9250011475,99.4593811,99.24268341,93.36804199,93.736160275,98.71669769
Angola,AGO,76.72974904333333,76.37510681,76.22398376333334,95.094867705,,21.55333333333333,23.064,31.30971428571429,21.685,,85.57681271999999,84.599178325,76.41924284666666,76.53915658666666,93.429378505,79.67807476076923,,,50.29831949666666,72.40000153,98.78647613333334,98.90504201333331,94.96045684666667,94.45749918333334,97.0487098675
Antigua and Barbuda,ATG,85.29772440666667,85.39681244,86.36795043666666,95.9000295,,20.28816666666667,21.146,26.818857142857144,18.9015,,104.4444427,104.9769974,90.12851712333334,91.00934344333334,93.00204213,79.10148737769231,,,52.904775236,75.23027717111111,98.11357116666666,98.56740061666667,96.55287170333334,95.17883809166666,95.380722045
Argentina,ARG,93.86569977,94.41851807,96.51191711,96.705191295,,19.023,19.228,22.328,16.118,15.872,100.2818069,100.3828964,103.8377914,105.4795303,92.574705755,78.52489999461538,,,55.51123097533333,78.06055281222223,97.4406662,98.22975922,98.14528656,95.900177,93.7127342225
Armenia,ARM,95.9681778,99.35321045,99.60900879,97.51035309,,24.746,25.461,29.935,21.892,13.377666666666666,100.2370682,97.22709656,101.9867477,100.6318436,92.14736938,77.94831261153846,,99.78861237,58.11768671466666,80.89082845333333,96.303712845,96.9563770325,90.79579926,95.37117004,92.0447464
Aruba,ABW,97.23671468333332,99.44025675666668,99.64213307666668,98.15105184,,17.0825,17.411,20.3205,15.581,10.883333333333333,99.40937298,97.97105662333334,100.52863054666666,100.36006675333331,93.81797027333332,77.37172522846154,,97.98999786,60.724142454,83.72110409444444,95.16675949,95.682994845,91.58133952,94.139352795,92.8892965325
Australia,AUS,98.50525156666669,99.52730306333332,99.67525736333334,98.79175059,,9.419,9.361,10.706,9.27,8.389,98.58167776,98.71501668666669,99.07051339333331,100.08828990666667,95.48857116666667,76.79513784538462,,94.14314778333332,63.33059819333333,86.55137973555556,94.029806135,94.4096126575,92.36687978,92.90753555,93.733846665
Austria,AUT,99.77378845,99.61434937,99.70838165,99.43244934,,10.422,11.008,11.419,12.257,12.155,97.75398254,99.45897675,97.61239624,99.81651306,97.15917206,76.21855046230769,,90.29629770666666,65.93705393266666,89.38165537666667,92.89285278,93.13623047,93.15242004,91.675718305,94.5783967975
Azerbaijan,AZE,95.7502594,95.33319092,94.15287781,99.22992706,,9.718833333333334,10.322833333333332,10.6475,11.126833333333334,12.85575,100.2199478,100.3833389,98.53372955,96.56355286,99.70327759,75.64196307923076,99.79598236,86.44944763000001,68.543509672,92.21193101777776,98.65656281,85.90901947,89.36862946,90.44390106,95.42294693
"Bahamas, The",BHS,96.26377487,95.917915346,94.319648745,98.4263973225,,9.015666666666668,9.637666666666666,9.876,9.996666666666666,13.5565,99.564449305,100.020008075,97.4175472225,104.40336864,96.32375336,75.06537569615385,91.42547607333331,82.60259755333334,71.14996541133334,95.04220665888889,97.97227732666668,80.95262400333334,91.4649639175,92.034238815,96.2674970625
Bahrain,BHR,96.77729034,96.502639772,94.48641968,97.622867585,,8.3125,8.9525,9.1045,8.8665,14.25725,98.90895081,99.65667725,96.301364895,112.24318442,92.94422913,74.48878831307692,83.05496978666667,78.75574747666667,73.75642115066665,97.8724823,97.28799184333332,75.99622853666666,93.561298375,93.62457657,97.112047195
Bangladesh,BGD,97.26780954666668,97.087364198,94.653190615,96.8193378475,,7.609333333333334,8.267333333333333,8.333,7.736333333333333,14.958,92.815864565,90.910400395,95.1851825675,120.0830002,107.697998,73.91220093,74.6844635,74.9088974,76.36287689,89.41040166166667,96.60370636,71.03983307,95.6576328325,95.214914325,97.9565973275
Barbados,BRB,97.75832875333332,97.672088624,94.81996155,96.01580811,,6.906166666666668,7.582166666666667,7.5615,6.606166666666667,10.0535,86.72277832,82.16412354,94.06900024,100.2442017,91.72370911,75.66813729272727,87.279232025,77.27685546875,77.99573223230769,80.94832102333334,95.91942087666666,95.91969299,97.75396729,96.80525208,98.80114746
Belarus,BLR,98.24884796,98.25681305,98.26396179,95.62319946,,6.203,6.897,6.79,5.476,5.149,96.7565918,99.11107635,95.61006165,93.54051208,93.21389771,77.42407365545455,99.87400055,79.6448135375,79.62858757461538,72.486240385,95.23513539333334,92.44734192,91.59693909,90.81482697,98.46276310428571
Belgium,BEL,76.80454508333334,94.217781065,97.27618408,81.79140344999999,,9.801,9.25,9.994,6.654,7.107,100.61553575,100.938179025,100.402866375,103.23355104,99.484893805,79.18001001818182,94.47317593,82.01277160625,81.26144291692307,64.02415974666667,94.55084991,94.64888763,94.85588074,91.638108575,98.12437874857144
Belize,BLZ,55.36024220666667,90.17874908,96.28840637,67.95960744,,11.14775,24.884,10.4875,7.38125,11.1515,104.4744797,102.7652817,105.1956711,112.92659,105.7558899,80.93594638090909,89.07235131,84.380729675,82.89429825923077,55.562079108333336,93.65789642,94.09950256,95.200000002,92.46139018,97.78599439285716
Benin,BEN,33.91593933,38.76638031,54.11882019,54.12781143,,12.4945,15.863,10.981,8.1085,15.196,97.84465282666667,61.79283142,60.2596817,70.79102325,64.57333374,82.69188274363636,83.67152669000001,86.74868774375,84.52715360153846,47.09999847,92.76494293,93.55011749,95.544119264,93.284671785,97.44761003714284
Bermuda,BMU,55.26272074333333,57.929916383333335,64.340660095,68.52525075,,13.84125,13.134,11.4745,8.83575,16.91,91.21482595333332,68.762916565,71.48683929500001,80.69001007,71.599666595,84.44781910636364,78.27070207,89.1166458125,86.16000894384615,59.59999847,91.87198944,93.00073242,95.888238526,94.10795339,97.10922568142855
Bhutan,BTN,76.60950215666666,77.09345245666667,74.5625,82.92269007,,15.188,10.405,11.968,9.563,18.624,84.58499908,75.73300171,82.71399689,90.58899689,78.62599945,86.20375546909091,72.86987745,91.48460388125,87.79286428615384,72.09999847,90.97903595,92.45134735,96.232357788,94.931234995,96.77084132571429
Bolivia,BOL,97.95628357,96.25698853,84.784339905,97.32012939,,10.834,10.235,13.702,10.976,9.969,94.17327881,90.82820892,92.11218262,89.70597458,96.54411316,87.95969183181818,67.46905283000001,93.85256195,89.42571962846154,85.20000076,90.08608246,91.90196228,96.57647705,95.7545166,96.43245697
Bosnia and Herzegovina,BIH,93.96211243,93.59387207,95.00617981,95.74474335,,22.605,22.598,21.805,19.302,17.623,88.45281982,91.37007904,90.19138336,88.82295227,87.01071167,89.71562819454545,62.06822821000001,92.43232935090909,91.05857497076924,98.30000305,92.36840566,93.61153920333334,96.47380066,95.81245554913043,96.23553498583334
Botswana,BWA,93.78540993,94.4543933875,95.512893678,87.45891762,,23.605,31.985,37.144,35.168,37.003,83.34778086,83.95154317333333,84.87403869666667,88.962524414,82.23954327833334,91.47156455727271,56.667403590000006,91.01209675181818,92.69143031307692,96.495002745,94.65072886,95.32111612666668,96.37112427,95.87039449826088,96.03861300166668
Brazil,BRA,93.60870743,95.314914705,96.019607546,79.17309189,,24.605,23.986,25.992,23.377,20.975,78.2427419,76.53300730666666,79.55669403333333,89.102096558,77.46837488666667,93.22750092,51.266578970000005,89.59186415272727,94.3242856553846,94.69000244,96.93305206,97.03069305,96.26844788,95.92833344739132,95.8416910175
British Virgin Islands,VGB,93.43200493,96.1754360225,96.526321414,70.88726616,,22.6605,22.039,23.7125,21.028,20.4895,73.13770294,69.11447144,74.23934937,89.241668702,72.697206495,95.220806125,45.86575435,88.17163155363636,95.9571409976923,79.64000225,96.35505421666666,96.03785196666666,96.00740306,95.98627239652174,95.64476903333332
Brunei Darussalam,BRN,93.25530243,97.03595734,97.033035282,62.60144043,,20.716,20.092,21.433,18.679,20.004,102.3259964,94.31999969,100.3528671,89.381240846,67.92603810333334,97.21411133,40.46492973000001,86.75139895454545,97.58999634,64.59000206,95.77705637333334,95.04501088333332,95.74635824,96.04421134565216,95.44784704916668
Bulgaria,BGR,95.83818817,95.83480835,97.53974915,54.3156147,,13.844,13.598,14.777,13.767,12.828,94.27816772,91.78588104,91.22577667,89.52081299,63.15486971166667,68.279981615,35.064105110000014,85.33116635545454,98.41999817,49.54000187,95.19905853,94.0521698,95.48531342,96.10215029478262,95.250925065
Burkina Faso,BFA,55.91910934,54.44878006,62.06301117,46.02978897,,41.005,13.358,12.972,11.87225,22.315,62.8463707,61.82112885,62.045681,63.84238052,58.38370132,39.3458519,29.66328049,83.91093375636363,97.3068733225,34.49000168,94.55223719,93.81630325333332,94.86834462833332,96.16008924391303,95.05400308083334
Burundi,BDI,42.9858017,49.70196915,79.421813965,51.12455654,,35.6275,20.674,11.167,9.9775,20.1718,57.22309113,53.33037949,49.19591904,49.04700089,47.14899826,48.7771482475,35.128779414166665,82.49070115727272,96.193748475,75.54000092,93.90541585,93.58043670666667,94.25137583666668,96.21802819304348,94.85708109666668
Cabo Verde,CPV,61.373149875,88.73948669,96.78061676,56.21932411,,30.25,27.99,8.4295,8.08275,18.0286,81.75383759,93.75691986,85.51049042,87.52124023,68.924497605,58.208444595,40.59427833833333,81.07046855818182,95.0806236275,91.0,93.25859451,93.34457016,93.634407045,96.27596714217393,94.6601591125
Cambodia,KHM,79.76049805,79.69551849,97.12801170375,61.31409168,,24.237,11.383,5.692,6.188,15.8854,85.03299713,87.6190033,94.90927887,94.65799713,90.69999695,67.6397409425,46.0597772625,79.6502359590909,93.96749878,83.77999878,92.61177317,93.10870361333332,93.01743825333332,96.33390609130436,94.46323712833332
Cameroon,CMR,63.93796158,82.48130035142857,97.4754066475,66.40885925,,18.224,11.713,11.7785,23.223,13.7422,64.43177032,65.44235992,66.45800018,68.73432159,69.43473816,77.07103729,51.525276186666666,78.23000336,92.8543739325,72.479999162,91.96495183,92.87283706666668,92.40046946166666,96.3918450404348,94.26631514416668
Canada,CAN,69.90443102666667,85.26708221285715,97.82280159125,69.52417087250001,,12.211,12.043,17.865,12.815,11.599,87.26175691,82.72117996,71.70976384166667,85.116481795,83.446720125,63.84596506666667,56.99077511083333,64.6500028,91.741249085,61.179999544,91.31813049,92.63697052,91.78350067,96.44978398956522,94.06939316
Cayman Islands,CYM,75.87090047333334,88.05286407428571,98.170196535,72.63948249500001,,20.489666666666665,13.739285714285714,18.1364,13.319,12.1632,110.0917435,100.0,76.96152750333333,101.498642,97.45870209,50.62089284333334,62.456274035,51.07000224,90.6281242375,49.879999926,90.687272642,93.054673768,92.408268736,96.50772293869564,93.87247117583334
Central African Republic,CAF,81.83736992,90.83864593571428,98.51759147875,75.7547941175,,28.76833333333333,15.435571428571428,18.4078,13.823,12.7274,75.25039102,99.3613300325,82.213291165,72.514135375,98.1613712425,37.39582062,67.92177295916667,37.49000168,89.51499939,38.580000308,90.056414794,93.472377016,93.033036802,96.5656618878261,93.67554919166668
Chad,TCD,87.80383936666667,93.62442779714286,98.8649864225,78.87010574,,37.047,17.131857142857143,18.6792,14.327,13.2916,40.40903854,98.722660065,87.46505482666667,43.52962875,98.864040395,48.935157778,73.38727188333334,52.3023805625,88.4018745425,27.28000069,89.425556946,93.890080264,93.657804868,96.62360083695653,93.4786272075
Channel Islands,CHI,93.77030881333332,96.41020965857145,99.21238136625,81.9854173625,,33.4955,18.828142857142858,18.9506,14.831,13.8558,69.28043556,98.0839900975,92.71681848833332,71.37385368,99.5667095475,60.474494936,78.85277080750001,67.114759445,87.288749695,62.220002175,88.79469909800001,94.307783512,94.282572934,96.68153978608696,93.28170522333332
Chile,CHL,99.73677826,99.19599152,99.55977631,85.10072898499999,,29.944,20.52442857142857,19.222,15.335,14.42,98.15183258,97.44532013,97.96858215,99.21807861,100.2693787,72.01383209400001,84.31826973166667,81.9271383275,86.1756248475,97.16000366,88.16384125,94.72548676,94.907341,96.7394787352174,93.08478323916668
China,CHN,97.374469755,96.84883881,96.78840637,88.21604060749999,,26.3925,22.220714285714287,22.25975,21.2995,19.4215,101.86491774,100.494499215,98.798091885,99.20627594,98.69324114,83.553169252,89.78376865583334,96.73951721,85.0625,85.34333546666667,87.761959075,89.838962555,90.85713577,96.79741768434783,92.887861255
Colombia,COL,95.01216125,95.55609131,97.28720093,91.33135223,,22.841,23.917,25.2975,27.264,24.423,105.5780029,103.5436783,99.62760162,99.19447327,97.11710358,95.09250641,95.24926758,95.63632965,83.9493751525,73.52666727333333,87.3600769,84.95243835,86.80693054,96.85535663347828,92.69093927083334
Comoros,COM,95.56886418333332,92.050369264,85.29087448,86.23208617799999,,21.80025,22.33325,28.33525,21.168,22.6125,92.11400093666668,101.78124429,89.17829895,90.921016695,98.08677101,94.73462946411765,94.178097536,95.50231424866666,82.836250305,61.70999908,89.86905860499999,87.656848905,89.2120532975,96.9132955826087,92.49401728666668
"Congo, Dem. Rep.",COD,96.12556711666667,88.544647218,73.29454803,81.132820126,,20.759500000000003,20.7495,31.373,20.44233333333333,20.802,78.64999897333333,100.01881028,78.72899628,82.64756012,99.05643844,94.37675251823528,93.106927492,95.36829884733332,81.7231254575,80.54000092,92.37804031,90.36125946,91.617176055,96.97123453173911,92.2970953025
"Congo, Rep.",COG,96.68227005,85.038925172,85.34439086500001,76.033554074,,19.71875,19.165750000000003,25.6595,19.716666666666665,18.9915,65.18599701,98.25637627,87.740932465,90.863895415,100.02610587,94.01887557235294,92.035757448,95.234283446,80.61000061,81.78666751,94.887022015,93.065670015,94.0222988125,97.02917348086956,92.10017331833332
Costa Rica,CRI,97.23897298333333,81.533203126,97.3942337,70.934288022,,18.678,17.582,19.946,18.991,17.181,95.62042999,96.49394226,96.75286865,99.08023071,100.9957733,93.6609986264706,90.964587404,95.10026804466666,98.04000092,83.03333409999999,97.39600372,95.77008057,96.42742157,97.08711243,91.90325133416668
Cote d'Ivoire,CIV,97.79567591666668,78.02748108,70.10767365,65.83502197,,16.1245,21.917,16.094,15.8405,18.777,70.03347015,73.49450684,75.58598328,73.70536804,68.59470367,93.30312168058823,89.89341736,94.96625264333332,98.744998935,84.28000069,94.6153183,95.98484039,91.62638855,95.20146179,91.70632935
Croatia,HRV,98.35237885,98.46626282,98.48708344,80.10046005000001,,13.571,11.776,12.242,12.69,11.916,99.43863678,97.74690247,97.81408691,94.20815277,80.50629043500001,92.94524473470588,89.83045896,94.832237242,99.44999695,85.52666728,95.41201782,93.06931305,91.889328,95.347489927,92.287654118
Cuba,CUB,96.72579193,95.97029114,97.27150726,94.36589813,,9.3155,12.403666666666666,14.851,13.051333333333332,12.851,90.79403687,90.49581909,94.62593842,96.634758,92.4178772,92.58736778882351,89.76750056,94.69822184066666,99.67311096,86.77333387,93.4060382825,94.24882253,93.57650248,95.493518064,92.868978886
Curacao,CUW,97.65978495333331,96.593250275,97.663555145,95.67894554,,5.06,13.031333333333334,17.46,13.412666666666668,13.786,96.335369135,96.520660395,97.49721911,98.307197575,94.28487778,92.22949084294116,89.70454216,94.56420643933332,99.516555785,88.02000046,91.400058745,95.42833201,95.26367696,95.639546201,93.450303654
Cyprus,CYP,98.59377797666669,97.21620941,98.05560303,96.99199295,,13.21,13.659,14.357,13.774,14.721,101.8767014,102.5455017,100.3684998,99.97963715,96.15187836,91.87161389705882,89.64158376,94.430191038,99.36000061,89.26666705,89.3940792075,96.60784149,96.95085144,95.785574338,94.031628422
Czechia,CZE,99.527771,99.57872009,99.50099182,98.30504036,,5.738,5.824,6.682,6.61,7.58,93.69480896,95.83374023,96.69519806,98.35590363,98.01887894,91.51373695117648,89.57862536,94.29617563666666,98.54726537,90.51333364,87.38809967,88.99597168,90.79060364,95.931602475,94.61295319
Denmark,DNK,99.81031799,99.69313812,99.7026062,99.61808777,,7.683,7.722,7.444,7.112,6.766,100.4138794,100.6303482,99.70002747,99.67603302,99.88587952,91.15586000529412,89.51566696,94.16216023533332,97.73453013,91.76000023,93.33078003,93.22737885,92.13239288,96.077630612,95.194277958
Djibouti,DJI,97.19405619,88.24742126,89.45155334,86.40299225,,13.288666666666668,13.390333333333334,17.53,13.852333333333332,13.380666666666666,51.73376846,51.3841095,50.12535095,53.38579178,56.10427094,90.79798305941176,89.45270855999999,94.028144834,96.92179489,93.00666682,93.32626215666669,94.2454471625,93.491052625,96.223658749,95.775602726
Dominica,DMA,94.57779439,86.71497726,72.82501602,89.68267059,,18.894333333333336,19.058666666666667,27.616,20.592666666666663,19.99533333333333,72.75535011,82.91000366,73.56550598,85.65966034,84.40644073,90.4401061135294,89.38975015999999,93.89412943266667,96.10905965,94.25333341,93.32174428333332,95.263515475,94.84971237,96.369686886,96.356927494
Dominican Republic,DOM,91.96153259,85.18253326,56.1984787,94.59294891,,24.5,24.727,37.702,27.333,26.61,93.77693176,93.96617126,97.00566101,87.72651672,89.4886322,90.08222916764706,89.32679175999999,93.76011403133332,95.29632441,95.5,93.31722641,96.2815837875,96.208372115,96.515715023,96.938252262
Ecuador,ECU,96.64293671,96.50515747,98.53884125,99.50322723,,17.67,17.516,33.929,18.819,18.435,103.4876175,99.74536896,98.21585846,95.69024658,99.67156982,89.7243522217647,89.26383335999999,93.62609863,94.48358917,93.94812012,93.31270853666666,97.2996521,97.56703186,96.66174316,97.51957703
"Egypt, Arab Rep.",EGY,99.00930023,99.641922,99.75286865,99.532771298,,27.095,27.96,30.156,28.743,26.92,90.62358856,92.85021973,96.57261658,97.47286987,99.44173431,89.36647527588235,89.20087496,91.80531311,95.560871886,74.5,93.30819066333332,95.69498062,94.24102783,87.45880127000001,97.62742150695652
El Salvador,SLV,99.12056732,82.1730423,84.60674286,99.562315366,,27.149,27.94,25.169,26.152,23.462,86.08999634,81.71881358,96.3798122425,97.661209105,99.2118988,89.00859833,89.13791656,89.98452759,96.638154602,75.43250020333333,93.30367279,94.09030914,90.9150238,78.25585938,97.73526598391304
Equatorial Guinea,GNQ,99.23183441,88.03980509666667,89.64458211333333,99.591859434,,21.548666666666666,21.246666666666663,19.84733333333333,21.075,19.219666666666665,74.50987816,70.58740743,96.187007905,97.84954834,98.98206329,82.78955841,89.11366711653845,89.8083953875,97.715437318,76.36500040666667,91.48889414333333,92.09442901333334,89.94604237666667,79.12350827666667,97.84311046086955
Eritrea,ERI,99.3431015,93.90656789333332,94.68242136666667,99.621403502,,15.948333333333332,14.553333333333333,14.525666666666668,15.998,14.977333333333332,62.92975998,59.45600128,95.9942035675,98.037887575,98.75222778,76.57051849,89.08941767307692,89.632263185,98.792720034,77.29750061,89.67411549666667,90.09854888666666,88.97706095333334,79.99115717333333,97.95095493782608
Estonia,EST,99.45436859,99.77333069,99.72026062,99.65094757,,10.348,7.86,9.204,10.921,10.735,96.59681702,97.27607727,95.80139923,98.22622681,98.52239227,76.79368470473683,89.06516822961538,89.4561309825,99.87000275,78.23000081333333,87.85933685,88.10266876,88.00807953,80.85880607,98.0587994147826
Eswatini,SWZ,83.20422363,93.425491335,99.727796936,99.504014586,,9.8276,7.7652,9.2362,34.39,10.2016,101.6405106,98.03701019,79.947177885,81.55211258,80.33219528,77.01685091947368,89.04091878615384,89.27999878,96.99947638578948,79.16250101666667,88.582427976,88.391171262,88.133969118,81.72645496666667,98.16664389173911
Ethiopia,ETH,87.29738616750001,87.07765198,99.735333252,99.357081602,,9.3072,7.6704,9.2684,17.529,9.6682,101.09933983333332,64.35500336,64.09295654,64.87799835,62.14199829,77.24001713421052,89.01666934269231,88.47090773181819,94.12895002157894,80.09500122,89.305519102,88.679673764,88.259858706,82.59410386333334,98.27448836869564
Faroe Islands,FRO,91.390548705,80.729812625,99.742869568,99.210148618,,8.7868,7.5756,9.3006,14.516666666666667,9.134799999999998,100.55816906666666,83.28032303,82.83647917,88.639499675,86.936000845,77.46318334894737,88.99241989923077,87.66181668363636,91.25842365736844,81.02750142333333,90.028610228,88.968176266,88.385748294,83.46175276000001,98.38233284565216
Fiji,FJI,95.4837112425,74.38197327,99.750405884,99.063215634,,8.2664,7.4808,9.3328,11.504333333333337,8.6014,100.0169983,102.2056427,101.5800018,112.401001,111.7300034,77.6863495636842,88.96817045576923,86.85272563545455,88.38789729315789,81.96000162666667,90.751701354,89.256678768,88.511637882,84.32940165666668,98.49017732260867
Finland,FIN,99.57687378,99.49342346,99.7579422,98.91628265,,7.746,7.386,9.365,8.492,8.068,99.70195007,99.43659973,99.18135071,99.2806778,98.38307953,77.90951577842105,88.94392101230768,86.04363458727273,85.51737092894737,82.89250183,91.47479248,89.54518127,88.63752747,85.19705055333334,98.59802179956522
France,FRA,95.7711696625,94.5467853525,94.3735446925,98.964225766,,13.082,12.618,12.701,11.485,11.559,91.151712415,90.59606679333334,92.3037223825,93.062376025,92.592559815,78.13268199315789,88.91967156884616,85.23454353909091,82.64684456473684,83.82500203333333,92.15415192,91.5382309,91.9781189,86.06469945,98.70586627652172
French Polynesia,PYF,91.965465545,89.600147245,88.98914718500001,99.012168882,,18.535,15.963,15.75225,10.7616,10.6068,82.60147476,81.75553385666666,85.426094055,86.84407425,86.8020401,78.35584820789474,88.89542212538461,84.4254524909091,79.77631820052632,84.75750223666667,92.220262148,91.54737244,91.686831668,86.93234834666667,98.81371075347826
Gabon,GAB,88.1597614275,84.65350913750001,83.6047496775,99.060111998,,23.988,19.308,18.8035,10.0382,9.6546,74.051237105,72.91500092,78.5484657275,80.625772475,81.011520385,78.57901442263157,88.87117268192307,83.61636144272727,76.90579183631579,85.69000244,92.286372376,91.55651398,91.395544436,87.79999724333334,98.92155523043478
"Gambia, The",GMB,84.35405731,79.70687103,78.22035217,99.108055114,,29.441,22.653,21.85475,9.3148,8.7024,65.50099945,68.6075592,71.6708374,74.4074707,75.22100067,78.80218063736842,88.84692323846154,82.80727039454545,74.03526547210527,58.66999817,92.352482604,91.56565552,91.104257204,88.66764614,99.0293997073913
Georgia,GEO,98.67887115,98.2835083,99.17141724,99.15599823,,26.851,25.998,24.906,8.5914,7.750199999999999,102.5382233,98.48166656,95.09580231,88.79543304,111.2925491,79.02534685210526,88.822673795,81.99817934636364,71.16473910789473,99.57498932,92.418592832,91.57479706,90.812969972,89.53529503666667,99.13724418434782
Germany,DEU,98.824758525,98.5763778675,99.243862155,93.78905487,,6.011,5.607,7.295,7.868,6.798,98.58837128,99.6325531,98.38349152,100.9737015,101.649860365,79.24851306684211,88.79842435153846,81.18908829818182,68.29421274368421,97.661865235,92.48470306,91.5839386,90.52168274,90.40294393333332,99.24508866130437
Ghana,GHA,98.9706459,98.869247435,99.31630707,88.42211151,,8.903333333333332,8.063666666666666,9.373333333333331,9.261333333333331,27.734,88.04061127,111.50982665,112.98485186,116.3222618,92.00717163,79.47167928157894,88.77417490807693,80.37999725,65.42368637947368,95.74874115,91.05081176333331,89.87894948333333,91.19441114285716,91.27059283,99.35293313826088
Gibraltar,GIB,99.116533275,99.1621170025,99.388751985,88.23929850166667,,11.795666666666666,10.520333333333332,11.451666666666666,10.654666666666667,19.543,93.541397095,123.3871002,127.5862122,131.6708221,130.5785065,79.69484549631579,88.74992546461539,81.356185433125,62.55316001526316,93.835617065,89.61692046666667,88.17396036666666,91.86713954571428,92.13824172666668,99.4607776152174
Greece,GRC,99.26242065,99.45498657,99.4611969,88.05648549333333,,14.688,12.977,13.53,12.048,11.352,99.04218292,97.83740234,99.75710297,98.85652161,121.86431582,79.91801171105263,88.72567602115384,82.33237361625001,59.68263365105263,91.92249298,88.18302917,86.46897125,92.53986794857144,93.00589062333334,99.56862209217392
Greenland,GRL,92.408769605,93.71408653,98.020103455,87.873672485,,20.8145,18.456,21.2205,15.57075,15.902,94.7186603525,93.560911175,95.1515426675,96.268169405,113.15012514,80.14117792578948,88.70142657769232,83.308561799375,56.81210728684211,90.009368895,89.2342376675,88.5214157075,93.21259635142856,93.87353952,99.67646656913044
Grenada,GRD,85.55511856,87.97318649,96.57901001,87.69085947666667,,26.941,23.935,28.911,19.0935,20.452,90.395137785,89.28442000999999,90.545982365,93.6798172,104.43593446,80.36434414052631,88.67717713423077,84.2847499825,53.94158092263158,88.09624481,90.285446165,90.573860165,93.88532475428572,94.74118841666667,99.78431104608696
Guam,GUM,78.70146751499999,82.23228645,95.137916565,87.50804646833333,,27.3655,26.06,26.421125,22.61625,25.002,86.07161521750001,85.007928845,85.9404220625,91.091464995,95.72174378,80.58751035526316,88.65292769076923,85.260938165625,51.071054558421054,86.18312072500001,91.3366546625,92.6263046225,94.55805315714284,95.60883731333334,99.89215552304348
Guatemala,GTM,71.84781647,76.49138641,93.69682312,87.32523346,,27.79,28.185,23.93125,26.139,29.552,81.74809265,80.73143768,81.33486176,88.50311279,87.0075531,80.81067657,88.62867824730769,86.23712634875,48.20052819421053,84.26999664,92.38786316,94.67874908,95.23078156,96.47648621,100.0
Guinea,GIN,76.09871165166666,76.53371276600001,89.49176178,87.71420288200001,,24.6875,34.301,21.441375,27.2944,21.695,56.64500046,56.99700165,60.7978096,63.18399811,89.16040929166667,39.6176796,88.60442880384616,87.213314531875,45.33000183,69.08499908499999,87.63375092,97.97048187,98.62207031,96.60440781882352,99.08342465454544
Guinea-Bissau,GNB,80.34960683333333,76.576039122,85.28670044,88.10317230400001,,21.585,14.03,18.951500000000003,28.4498,13.838,63.893182374,65.01139526600001,69.53206176,74.366149908,91.31326548333332,51.514569285,88.58017936038462,88.189502715,54.29166793666667,53.90000153,87.44351578166666,96.528714495,97.089150745,96.73232942764706,98.1668493090909
Guyana,GUY,84.60050201499999,76.618365478,81.0816391,88.492141726,,42.926,45.662,16.461625,29.6052,19.636,71.141364288,73.025788882,78.26631392,85.54830170599999,93.466121675,63.41145897,88.55592991692308,89.165690898125,63.25333404333334,90.02999878,87.25328064333333,95.08694712,95.55623118,96.8602510364706,97.25027396363636
Haiti,HTI,88.85139719666667,76.66069183399999,76.87657776,88.881111148,,34.8035,36.884,13.97175,30.7606,25.434,78.389546202,81.04018249800001,87.00056608,96.730453504,95.61897786666668,75.308348655,88.53168047346155,90.14187908125,72.21500015000001,87.74546178166666,87.06304550499999,93.645179745,94.023311615,96.98817264529411,96.3336986181818
Honduras,HND,93.10229237833332,76.70301819,72.67151642,89.27008057,,26.681,28.106,11.481875000000002,31.916,31.232,85.637728116,89.05457611400001,95.73481824,107.912605302,97.77183405833333,87.20523834,88.50743103,91.118067264375,81.17666625666666,85.46092478333334,86.87281036666667,92.20341237,92.49039205,97.11609425411766,95.41712327272728
"Hong Kong SAR, China",HKG,97.35318756,98.188591,85.806812285,81.28414154,,6.488,6.725,8.992,7.242,6.701,92.88591003,97.06896973,104.4690704,119.0947571,99.92469025,88.895903014,89.49303713727274,92.0942554475,90.13833236333336,83.176387785,86.68257522833333,90.761644995,90.957472485,97.24401586294118,94.50054792727272
Hungary,HUN,98.91829681,98.84346008,98.94210815,82.56006857,,10.73,11.002,11.713,10.608,9.897,98.09702301,93.05194855,93.28890228,94.28794861,100.6900177125,90.586567688,90.47864324454544,93.070443630625,99.09999847,80.89185078666667,86.49234009,89.31987762,89.42455292,97.37193747176472,93.5839725818182
Iceland,ISL,98.82292938,98.88137817,99.28326416,83.83599559999999,,5.305,5.237,6.655,6.973,6.08,99.11504364,99.38864899,98.39193726,98.53270721,101.455345175,92.277232362,91.46424935181818,94.04663181375,99.04333177833334,78.60731378833334,93.88787842,94.27101135,95.49031067,97.49985908058824,92.66739723636364
India,IND,98.81838989,98.49291992,99.62442017,85.11192263,,30.805,31.195,30.703,28.006,25.763,102.04458237,96.30937195,98.10421753,99.08499908,102.2206726375,93.967897036,92.44985545909093,95.022819996875,98.98666508666668,76.32277679,94.29940541666669,94.22783406333332,94.62360382,97.62778068941176,91.7508218909091
Indonesia,IDN,98.8138504,98.56886164166669,99.48053741833333,86.38784966,,21.738,20.547,21.8,22.455,22.336,104.9741211,104.6110001,103.1429977,103.3820038,102.9860001,95.65856171,93.43546156636364,95.99900818,98.929998395,82.64138793500001,94.71093241333334,94.18465677666666,93.75689697,97.75570229823528,90.83424654545456
"Iran, Islamic Rep.",IRN,98.80931091,98.64480336333334,99.33665466666666,87.66377668999999,,32.091,30.401,29.404,27.468,26.94,102.42552694,97.08075714,98.0490036,101.70326488333332,103.00340046,95.99237941153848,94.42106767363636,96.379107667,98.87333170333332,88.95999908,95.12245941,94.14147949,92.89019012,97.88362390705882,89.9176712
Iraq,IRQ,98.80477142,98.720745085,99.192771915,88.93970372,,21.102,20.2915,20.7535,36.932,16.735,99.87693278,98.85653687,98.5127182,100.02452596666669,103.02080082,96.32619711307692,95.40667378090907,96.759207154,98.81666501166669,88.351998897,94.957500455,93.984268185,92.87815094,98.01154551588236,91.48776626333331
Ireland,IRL,98.80023193,98.79668680666668,99.04888916333331,90.21563075,,10.113,10.182,12.103,7.285,6.53,97.32833862,100.6323166,98.9764328,98.34578705,103.03820118,96.66001481461538,96.39227988818182,97.139306641,98.75999832,87.743998714,94.7925415,93.82705688,92.86611176,98.13946712470587,93.05786132666668
Isle of Man,IMN,98.79569244,98.87262852833334,98.90500641166666,91.49155778,,11.766,12.2335,14.0835,12.0235,10.991499999999998,96.182235715,97.54399491,98.72928238,96.528362275,103.05560154,96.99383251615384,97.37788599545452,97.519406128,98.70333162833332,87.135998531,91.7927742,91.997756955,91.502235415,98.26738873352942,94.62795639
Israel,ISR,98.79115295,98.94857025,98.76112366,92.76748481,,13.419,14.285,16.064,16.762,15.453,95.03613281,94.45567322,98.48213196,94.7109375,103.0730019,97.32765021769232,98.36349210272726,97.899505615,98.64666493666668,86.527998348,88.7930069,90.16845703,90.13835907,98.39531034235294,96.19805145333332
Italy,ITA,99.81510925,99.86678314,99.16287994,94.04341184,,19.356,18.242,19.019,19.768,15.858,98.83190918,98.36759186,98.71849823,98.23879242,103.09040226,97.66146791923076,99.34909821,98.279605102,98.589998245,85.91999816500001,97.21938324,94.85688019,94.72836304,98.52323195117648,97.76814651666666
Jamaica,JAM,92.83731079,64.89733887,98.58997344666666,95.31933887,,26.058,22.908,29.665,26.052,21.79,85.40872192,89.74461365,79.77024078,97.92959404,103.10780262,97.99528562076922,99.37190732454545,98.659704589,98.53333155333334,85.31199798200001,98.0438385,98.36051178,90.08955002,98.65115356,99.33824158
Japan,JPN,94.07175064,79.286270145,98.01706695333334,96.5952659,,2.97,3.14,32.525,29.4505,26.6425,90.74548084666668,92.63740794,86.80615998666666,97.62039566,103.12520298,98.32910332230767,99.3947164390909,99.039804076,98.47666486166666,84.703997799,89.57888794,87.18080139,85.450737,93.340255735,99.36275115111113
Jordan,JOR,95.30619049,93.67520142,97.44416046,97.87119293,,36.519,36.001,35.385,32.849,31.495,96.08223977333334,95.53020223,93.84207919333332,97.31119728,103.14260334,98.66292102384617,99.41752555363637,99.419903563,98.41999817,84.095997616,89.60382843,85.68113708,84.78474426333334,88.02935791,99.38726072222222
Kazakhstan,KAZ,99.1699295,97.14414215,97.903884886,98.012767028,,35.38133333333333,27.834,41.47966666666667,25.791,31.729333333333336,101.4189987,98.42299652,100.8779984,97.0019989,103.1600037,98.99673872538462,99.44033466818182,99.80000305,98.566998292,83.487997433,95.45102692,100.0,84.11875152666667,88.3898983,99.41177029333332
Kenya,KEN,99.2110729175,97.65723419,98.363609312,98.154341126,,34.24366666666667,19.667,47.57433333333333,18.733,31.96366666666667,100.2548866125,98.7936420425,97.929973625,97.3705482475,101.383686095,99.33055642692308,99.46314378272729,99.24292627833331,98.713998414,82.87999725,92.77511597,95.671512605,83.45275879,88.75043869000001,99.43627986444444
Kiribati,KIR,99.252216335,98.17032623,98.823333738,98.295915224,,33.106,52.01,53.669,22.061,32.198,99.090774525,99.164287565,94.98194885,97.739097595,99.60736849,99.66437412846152,99.48595289727272,98.68584950666668,98.860998536,83.54285430571429,90.09920502,91.34302521,82.78676605333334,89.11097908,99.46078943555555
"Korea, Dem. People's Rep.",PRK,99.2933597525,98.68341827,99.283058164,98.437489322,,31.968333333333334,45.544,46.93866666666666,25.389000000000003,32.43233333333333,97.9266624375,99.5349330875,98.091758725,98.1076469425,97.831050885,99.99819183,99.50876201181818,98.128772735,99.007998658,84.20571136142857,87.42329407,87.014537815,82.12077331666667,89.47151947,99.48529900666666
"Korea, Rep.",KOR,99.33450317,99.19651031,99.74278259,98.57906342,,30.830666666666666,39.078,40.208333333333336,28.717,32.66666666666667,96.76255035,99.90557861,101.2015686,98.47619629,96.05473328,98.80000305,99.53157112636364,97.57169596333333,99.15499878,84.86856841714285,84.74738312,82.68605042,81.45478058,89.83205986,99.50980857777778
Kosovo,XKX,93.939517975,96.57562637,92.74296188,97.806544498,,29.693,32.612,33.478,32.045,32.901,97.49003346333332,100.71971894,101.1083781,97.75746409,95.50048828333333,97.428237915,99.5543802409091,97.01461919166668,99.301998902,85.53142547285715,85.59629822,85.08146667666666,85.69538116666666,90.19260025,99.53431814888889
Kuwait,KWT,88.54453278,93.95474243,85.74314117,97.034025576,,23.625,25.545,25.773000000000003,23.97,29.437,98.21751657666668,101.53385927,101.0151876,97.03873189,94.94624328666669,96.05647278,99.57718935545456,96.45754242,99.448999024,86.19428252857143,86.44521332000001,87.47688293333334,89.93598175333334,90.55314064,99.55882772
Kyrgyz Republic,KGZ,98.25276184,97.69109344,97.6644516,96.261506654,,17.557,18.478,18.068,15.895,25.973000000000003,98.94499969,102.3479996,100.9219971,96.31999969,94.39199829,93.8606872575,99.59999847,92.35153412875,99.595999146,86.85713958428572,87.29412842,89.87229919,94.17658234,90.91368103,99.5833372911111
Lao PDR,LAO,82.94812775,82.05267334,98.08782959,95.488987732,,12.727,13.859000000000002,13.3075,12.291,22.509,98.2440033,93.51999664,90.97100067,90.18099976,89.0530014,91.664901735,99.22392517785714,88.2455258375,99.742999268,87.51999664,85.91517258,87.38143539000001,89.68812561,90.706169891,99.60784686222222
Latvia,LVA,96.92711639,96.9702301,98.51120758,94.71646881,,7.897,9.24,8.547,8.687,7.767,98.3991394,98.30753326,98.32875824,98.07154083,98.44830322,89.4691162125,98.84785188571428,84.13951754625,99.88999939,85.68333180666667,84.53621674,84.89057159,85.19966888,90.498658752,99.63235643333331
Lebanon,LBN,84.94776917,84.85858917,86.14943695,92.20973206,,7.920666666666666,23.518,8.915833333333333,9.124833333333331,8.081333333333333,100.18527984,97.537846372,99.537322992,96.245468138,86.52070999,87.27333069,98.47177859357144,80.033509255,99.87999979666668,83.84666697333333,90.53248978,86.46490478166666,85.74283218000001,90.291147613,99.65686600444444
Lesotho,LSO,86.242574695,87.680921934,88.679187775,93.22894941428572,69.90785217,7.944333333333334,35.152,9.284666666666666,9.562666666666669,8.395666666666667,101.97142028,96.768159484,100.745887744,94.419395446,74.59311676,85.9491243375,98.09570530142858,75.92750096374999,99.87000020333332,82.01000214,96.52876282,88.03923797333333,86.28599548,90.083636474,99.68137557555556
Liberia,LBR,87.53738022,90.503254698,91.2089386,94.24816676857142,70.15491367935897,7.968,28.52625,9.6535,10.0005,8.71,103.75756072,95.998472596,101.954452496,92.593322754,77.36208089166666,84.624917985,97.71963200928572,71.8214926725,99.86000061,81.36285945714286,95.796483995,89.613571165,86.82915878,89.87612533500001,99.70588514666667
Libya,LBY,88.832185745,93.325587462,93.738689425,95.26738412285714,70.40197518871794,7.991666666666666,21.9005,10.022333333333334,10.438333333333333,9.024333333333336,105.54370116,95.228785708,103.163017248,90.767250062,80.13104502333333,83.3007116325,97.34355871714286,67.71548438125001,99.85000101666668,80.71571677428571,95.06420517,91.18790435666666,87.37232208,89.66861419600001,99.73039471777778
Liechtenstein,LIE,90.12699127,96.147920226,96.26844025,96.28660147714284,70.64903669807693,8.015333333333333,15.27475,10.391166666666669,10.876166666666666,9.338666666666668,107.3298416,94.45909882,104.371582,88.94117737,82.90000915499999,81.97650528,96.967485425,63.60947609,99.84000142333332,80.06857409142857,94.331926345,92.76223754833332,87.91548537999999,89.461103057,99.7549042888889
Lithuania,LTU,97.67414856,98.97025299,99.54010773,97.30581883142855,70.8960982074359,8.039,8.649,10.76,11.314,9.653,104.2855988,104.2602692,103.6344833,103.0906296,85.66897328666667,80.6522989275,96.59141213285714,59.50346779875,99.83000183,79.42143140857142,93.59964752,94.33657074,88.45864868,89.253591918,99.77941386
Luxembourg,LUX,98.203250885,99.023654935,78.4058075,98.32503618571428,71.14315971679487,5.599,4.775,6.712,9.827,9.969,76.69661713,77.86260223,77.30518341,76.81288147,88.43793741833333,79.328092575,96.2153388407143,55.3974595075,98.47000122,78.77428872571429,90.63117981,88.76686859,90.36112213,89.04608077900001,99.80392343111112
"Macao SAR, China",MAC,98.73235321,99.07705688,99.2248764,99.34425354,71.39022122615384,7.316750000000001,6.43375,10.944666666666668,9.68275,17.2285,95.6222229,90.09615326,90.05455017,95.77777863,91.20690155,78.0038862225,95.83926554857145,51.29145121625,97.11000061,78.12714604285713,81.23300171,79.43496704,82.97884369,88.83856964,99.82843300222224
Madagascar,MDG,31.5692997,98.38749694666669,98.71600341666668,98.84362793,71.63728273551281,9.0345,8.092500000000001,15.177333333333332,9.5385,24.488,63.12284851,60.7599411,59.1629982,63.17200089,59.32899857,76.67967987,95.46319225642856,47.185442925,97.29750061,77.48000336,85.27564748333333,83.75010426666667,87.72466278,90.69494883,99.85294257333334
Malawi,MWI,62.041825295,97.69793701333332,98.20713043333332,98.34300232,71.8843442448718,10.75225,9.75125,19.41,9.39425,17.354,77.765922545,76.29367065,79.70899775,86.5739975,77.21949959,66.3782024375,95.08711896428572,43.07943463375,97.48500061,68.08000183,89.31829325666666,88.06524149333333,92.47048187,92.55132802,99.87745214444443
Malaysia,MYS,92.51435089,97.00837708,97.69825745,97.84237671,72.13140575423077,12.47,11.41,13.63,9.25,10.22,92.40899658,93.65399933,100.2549973,101.0759964,95.11000061,56.076725005,94.71104567214286,38.973426342500005,97.67250061,68.74214444714286,93.36093903,92.38037872,97.21630096,94.40770721,99.90196171555556
Maldives,MDV,94.22429657,97.35337575666668,97.13823191666668,97.3417511,72.37846726358974,19.593,26.27,22.246,9.574666666666667,18.445500000000003,91.47899628,91.7519989,99.43555708,100.20842488666666,95.24829356,45.7752475725,94.33497238,34.867418051250006,97.86000061,69.40428706428571,95.562603,94.29454422,97.306999205,96.1836586,99.92647128666668
Mali,MLI,95.701503755,97.69837443333334,96.57820638333332,96.84112549,72.62552877294871,26.716,30.802,30.862,9.899333333333333,26.671,95.94421769,95.017772675,98.61611686,99.34085337333332,95.38658651,35.47377014,93.95889908785716,30.76140976,96.400001525,70.06642968142857,97.76426697,96.20870972,97.39769745,97.95960999,99.95098085777778
Malta,MLT,97.17871094,98.04337311,96.01818085,96.34049988,72.87259028230768,7.283,8.561,9.296,10.224,6.211,100.4094391,98.28354645,97.79667664,98.47328186,95.52487946,47.454998778,93.58282579571429,43.65869751,94.94000244,70.72857229857144,97.785621644,87.15946198,97.50063324,96.89316886142858,99.97549042888888
Marshall Islands,MHL,96.32406107666668,73.32424927,83.66594696,83.44577789,73.11965179166667,11.675666666666666,42.941,12.06775,39.972,11.054666666666666,85.03266526,117.9664383,113.4912491,109.6999969,94.9475708,59.436227416,93.20675250357144,56.55598526,80.95000076,71.39071491571428,97.806976318,100.0,97.60356903,95.82672773285717,100.0
Mauritania,MRT,95.46941121333332,84.387859345,89.63294983,87.9857076,73.36671330102564,16.06833333333333,44.085,14.8395,35.5915,15.898333333333332,69.65589142,66.28121948,104.67581559,104.259101845,97.37813823333332,71.417456054,92.83067921142856,69.45327301,66.95999908,72.05285753285715,97.828330992,99.31258901,97.70650482,94.76028660428572,98.349485778
Mauritius,MUS,94.61476135,95.45146942,95.5999527,92.52563731,73.61377481038461,20.461,18.078,17.61125,31.211,20.742,98.3227005,97.63047791,95.86038208,98.81820679,99.80870566666668,83.39868469199999,92.45460591928573,82.35056076,92.15000153,72.71500015000001,97.849685666,98.62517802,97.80944061,93.69384547571428,96.698971556
Mexico,MEX,96.95107269,96.52503204,97.9451828,97.06556702,73.86083631974358,18.412,18.299,20.383,18.353,17.317,102.3691177,102.4726563,102.5977173,102.8201981,102.2392731,95.37991333,92.07853262714286,95.24784851,94.63333384333332,73.37714276714286,97.87104034,97.93776703,97.9123764,92.62740434714286,95.048457334
"Micronesia, Fed. Sts.",FSM,95.39258194,94.86690521,96.84287262,96.32755661,74.10789782910257,17.8815,17.6655,17.877,15.78,15.7955,90.28600311,87.56300354,78.53900146,84.93499756,86.80200195,93.41733079764704,91.702459335,96.2317047125,97.11666615666668,74.03928538428572,93.1117897,94.514644625,93.755867,91.56096321857144,93.397943112
Moldova,MDA,93.83409119,93.20877838,95.74056244,95.5895462,74.35495933846154,17.351,17.032,15.371,13.207,14.274,101.8001785,102.4273834,104.1094666,106.3999023,107.6330185,91.45474826529411,91.32638604285717,97.215560915,99.59999847,74.70142800142857,88.35253906,91.09152222,89.5993576,90.49452209,91.74742889
Monaco,MCO,96.21224213,95.15668487333332,93.80957031,96.88215128333331,74.60202084782051,18.1175,17.739,16.936,15.195,14.543,99.501590715,99.56469344,100.57073214,98.5719528,101.710510255,89.49216573294117,90.95031275071428,98.1994171175,99.39333343333334,75.36357061857143,88.45544586,73.29293823,89.531565852,57.80554962,55.0694809
Mongolia,MNG,98.59039307,97.10459136666668,96.1187706,98.17475636666668,74.84908235717948,18.884,18.446,18.501,17.183,14.812,97.20300293,96.70200348,97.03199768,90.7440033,95.78800201,87.52958320058823,90.57423945857144,99.18327332,99.18666839666666,76.02571323571429,88.55835266,73.546282958,89.46377410400001,59.52333746888889,56.96183353388889
Montenegro,MNE,96.42764664,99.05249786,98.42797089,99.46736145,75.09614386653845,16.298,17.345,21.094,20.657,20.133,96.08924103,96.34010315,100.5412064,97.29493713,104.169487,85.5670006682353,90.19816616642858,86.04871877333333,98.98000336,76.68785585285714,88.66125946,73.79962768600001,89.395982356,61.24112531777778,58.85418616777778
Morocco,MAR,94.26490021,95.07421112,91.99337769,97.93305969,75.34320537589744,15.127333333333333,16.157333333333334,19.069333333333333,24.7228,17.72242857142857,91.3554306,94.31922913,96.91558075,100.3005981,101.0282288,83.60441813588236,89.82209287428572,72.91416422666667,97.29750252,77.34999847,88.76416626,74.052972414,89.328190608,62.95891316666667,60.74653880166667
Mozambique,MOZ,41.80585098,43.07117844,92.24537849833334,94.153115843,75.59026688525641,13.956666666666663,14.969666666666669,17.044666666666668,28.7886,15.311857142857145,55.00016022,58.01353073,61.54114914,100.39187924,73.41551208,81.64183560352942,89.44601958214287,59.77960968,95.61500168,73.42499847,88.86707306,74.306317142,89.26039886000001,64.67670101555555,62.63889143555556
Myanmar,MMR,46.11979883090909,47.76086842272727,92.49737930666667,90.373171996,75.83732839461538,12.786,13.782,15.02,32.8544,12.901285714285711,103.5884323,72.74702708666666,72.01334889666667,100.48316038,92.96875764,79.67925307117648,89.06994629,61.60934327736842,93.93250084,69.49999847000001,88.96997986,74.55966187,89.192607112,66.39448886444444,64.53124406944445
Namibia,NAM,50.433746681818185,52.450558405454544,92.749380115,86.593228149,76.08438990397435,31.884,11.4005,12.43325,36.9202,10.490714285714285,100.3201675,87.48052344333334,82.48554865333332,100.57444152,112.5220032,77.71667053882354,86.85058294142857,63.43907687473684,92.25,65.57499847,89.07288666,78.22776985499999,89.124815364,68.11227671333333,66.42359670333333
Nauru,NRU,54.74769453272727,57.14024838818182,93.00138092333331,82.813284302,76.33145141333333,22.598333333333336,9.019,9.8465,40.986,8.080142857142857,99.50910183111112,102.2140198,92.95774841,100.66572266,106.6705017,75.7540880064706,84.63121959285715,65.26881047210526,81.700000765,61.64999847,89.17579346,81.89587784,89.057023616,69.83006456222222,68.31594933722222
Nepal,NPL,59.06164238363637,61.82993837090909,93.25338173166666,79.033340455,76.57851292269231,13.312666666666669,6.6375,7.25975,22.0325,5.669571428571427,98.69803616222222,118.2105103,92.49320983625,100.7570038,100.8190002,73.79150547411764,82.41185624428572,67.09854406947369,71.15000153,57.72499847,89.27870026,85.563985825,88.989231868,71.54785241111111,70.20830197111111
Netherlands,NLD,63.375590234545456,66.51962835363636,93.50538254,75.253396608,76.82557443205128,4.027,4.256,4.673,3.079,3.259,97.88697049333334,107.64150852,92.0286712625,92.802339186,95.784257855,71.8289229417647,80.1924928957143,68.9282776668421,72.7416682811111,53.799998470000006,89.38160706,89.23209381,88.92144012,73.26564026,72.100654605
New Caledonia,NCL,67.68953808545454,71.20931833636364,93.75738334833332,71.473452761,77.07263594141025,32.432,27.912,33.022,7.4595,23.618,97.07590482444444,97.07250674,91.56413268875,84.847674572,90.74951551,69.86634040941176,77.97312954714286,70.75801126421052,74.33333503222222,49.87499847000001,91.8292694125,89.02620983,88.70844840625,74.98342810888889,73.9930072388889
New Zealand,NZL,72.00348593636363,75.89900831909091,94.00938415666668,67.693508914,77.31969745076923,12.05,11.62,12.94,11.84,11.56,96.26483915555556,86.50350496,91.099594115,76.89300995800001,85.714773165,67.90375787705882,75.75376619857144,72.58774486157895,75.92500178333333,45.94999847,94.276931765,88.82032584999999,88.4954566925,76.70121595777778,75.88535987277778
Nicaragua,NIC,76.31743378727273,80.58869830181818,94.261384965,63.913565067,77.5667589601282,15.1615,17.9405,14.666,13.45775,13.615,95.45377348666666,75.93450318000001,90.63505554125,68.938345344,80.68003082,65.94117534470588,73.53440285,74.41747845894737,77.51666853444445,42.02499847000001,96.7245941175,88.61444187,88.28246497875,78.41900380666667,77.77771250666667
Niger,NER,80.63138163818181,85.27838828454546,94.51338577333333,60.13362122,77.81382046948718,18.273,24.261,16.392,15.0755,15.67,94.64270781777778,65.3655014,90.1705169675,60.98368073,52.98791885,63.97859281235294,71.31503950142857,76.24721205631579,79.10833528555555,38.09999847,99.17225647,88.40855789,88.069473265,80.13679165555556,79.67006514055555
Nigeria,NGA,84.94532948909091,89.96807826727273,94.76538658166666,77.010940555,78.06088197884615,21.3845,36.646,18.118,16.69325,13.86,93.83164214888887,77.736427305,89.70597839375,75.93268204,70.722803115,62.01601028,69.09567615285715,78.07694565368422,80.70000203666666,49.947810360000005,96.18444252,88.20267391,87.85648155125,81.85457950444444,81.56241777444444
North Macedonia,MKD,89.25927734,94.65776825,95.01738739,93.88825989,78.30794348820513,24.496,18.669,19.844,18.311,18.427,93.02057648,90.10735321,89.24143982,90.88168335,88.45768738,70.42488956,66.87631280428572,79.90667925105264,82.29166878777778,61.79562225,93.19662857,87.99678993,87.6434898375,83.57236735333333,83.45477040833333
Northern Mariana Islands,MNP,94.328437805,96.9008255,97.121952055,95.47721608666669,78.5550049975641,15.031,12.056,12.998,12.5015,12.326,96.248126985,94.72269058,94.212516785,95.04309082,87.83527883,78.83376884,64.65694945571428,81.73641284842105,83.88333553888889,73.64343414,90.20881462,87.79090595,87.43049812375,85.29015520222222,85.34712304222222
Norway,NOR,99.39759827,99.14388275,99.22651672,97.06617228333332,78.80206650692307,5.566,5.443,6.152,6.692,6.225,99.47567749,99.33802795,99.18359375,99.20449829,87.21287028,87.24264812000001,62.43758610714286,83.56614644578947,85.47500228999999,85.49124603,87.22100067,87.58502197,87.21750641,87.00794305111111,87.23947567611111
Oman,OMN,98.82694244,99.20662689,96.51299286,98.65512848,79.04912801628205,18.262,17.575499999999998,10.115,20.628,25.5,97.84481049,99.24761963,92.14588165,88.50686646,86.59046173,95.6515274,60.21822275857143,85.3958800431579,87.06666904111111,97.33905792,86.64325387,93.10556793,90.16916656,88.7257309,89.13182831
Pakistan,PAK,65.28784943,97.47133890666666,96.337687175,98.337568666,79.29618952564103,30.958,29.708,14.078,34.564,22.854666666666667,62.08599854,63.49900055,90.43520863666669,68.23300171,86.50579071,57.01057053,57.99885941,87.22561364052632,88.65833579222222,96.01220975357144,86.06550707,91.78760147,90.97571716,89.830230716,90.218852236
Palau,PLW,70.57172139833332,95.73605092333334,96.16238149,98.020008852,79.543251035,23.6695,23.1955,18.041,26.931,20.209333333333333,77.424499515,74.980667115,88.72453562333334,98.4189682,86.42111969,76.21119118,76.86746788,89.05534723789474,90.25000254333334,94.68536158714286,85.48776027,90.46963501,91.78226776,90.934730532,91.305876162
Panama,PAN,75.85559336666667,94.00076294,95.987075805,97.702449038,79.79031254435897,16.381,16.683,18.735,19.298,17.564,92.76300049,86.46233368,87.01386261,94.77577209,86.33644867000001,95.41181183,95.73607635,90.88508083526315,91.84166929444444,93.35851342071427,84.91001347,89.15166855000001,92.58881836,92.039230348,92.392900088
Papua New Guinea,PNG,81.139465335,94.6416015625,95.81177012,97.384889224,80.03737405371794,16.837,16.746333333333332,21.048666666666666,20.430333333333333,27.69,91.66117350333332,87.99691518333333,84.99991989,97.26826732666667,86.25177765000001,94.71630478,94.47480392,92.71481443263158,93.43333604555556,92.03166525428573,84.33226667,87.83370209,93.39536896,93.143730164,93.479924014
Paraguay,PRY,86.42333730333333,95.282440185,95.636464435,97.06732941,80.28443556307693,17.293,16.80966666666667,23.36233333333333,21.562666666666665,25.2345,90.55934651666666,89.53149668666667,82.98597717,99.76076256333332,86.16710663,94.02079773,93.21353149,94.54454803,95.02500279666668,90.70481708785714,83.75451987,86.51573563,94.20191956,94.24822998,94.56694794
Peru,PER,91.70720927166668,95.9232788075,95.46115875,97.96527863,80.5314970724359,17.749,16.873,25.676,22.695,22.779,89.45751953,91.06607819,90.549488065,102.2532578,102.5783691,94.40827179,94.745849605,94.49793243,96.61666954777778,89.37796892142858,83.17677307,85.19776917,86.55557251,81.91580963,80.10112762
Philippines,PHL,96.99108124,96.56411743,96.74260965666666,98.938499455,80.77855858179487,19.89,18.763,21.054,17.467,12.756,110.8820038,101.0240021,98.11299896,91.10199738,87.98300171,91.759186745,96.27816772,98.47457123,98.2083362988889,88.051120755,87.2972908,89.09296036,89.99143219000001,79.76492690875,77.967450615
Poland,POL,99.54192352,95.984254835,98.02406056333334,99.91172028,81.02562009115384,9.974,9.573,10.136,12.445,10.5,94.18228149,94.6803894,100.32471083,97.56000899,97.19225311,89.1101017,96.5246570253846,98.39370727727272,99.80000305,86.72427258857142,91.41780853,92.98815155,93.42729187,77.6140441875,75.83377361
Portugal,PRT,99.06150818,95.40439224,99.30551147,98.18438975333332,81.27268160051281,8.373,8.02,9.143,7.74,7.832,99.7984314,101.2999878,102.5364227,104.0180206,98.11350249428573,86.46101665500001,96.77114633076924,98.31284332454544,96.77999878,85.39742442214285,95.92218018,96.51197052,96.63517761,75.46316146625,73.700096605
Puerto Rico,PRI,93.19432831,94.824529645,92.06225967,96.45705922666666,81.5197431098718,10.421,10.232333333333331,11.013333333333334,11.165,11.060666666666666,85.77120209,100.9036751,102.83530045,98.98941038,99.03475187857144,83.81193161,97.01763563615384,98.23197937181816,92.40000153,84.07057625571429,95.54538981333332,90.82852936,95.63137563,73.312278745,71.5664196
Qatar,QAT,87.32714844,94.24466705,84.81900787,94.7297287,81.76680461923077,12.469,12.444666666666668,12.883666666666668,14.59,14.289333333333332,99.82433319,100.5073624,103.1341782,93.96080016,99.95600126285714,81.162846565,97.26412494153846,98.1511154190909,95.779716495,82.74372808928571,95.16859944666666,85.1450882,94.62757365,71.16139602375,69.43274259500001
Romania,ROU,94.38813019,95.12516022,95.77631378,95.33465271,82.01386612858974,14.517,14.657,14.754,18.015,17.518,87.99362183,87.34140778,86.38111115,88.93218994,100.87725064714286,78.51376152,97.51061424692308,98.07025146636364,99.15943146,81.41687992285713,94.79180908,93.67218018,93.62377167,69.0105133025,67.29906559
Russian Federation,RUS,99.09838104,92.94285583666668,95.8762168875,95.93957672,82.26092763794871,20.4105,21.6035,20.4465,23.529,10.076,100.8689194,101.663208,91.53340656666668,88.37883377,101.79850003142856,75.86467647500001,97.75710355230768,97.98938751363636,99.92777252,80.09003175642857,92.44580841,95.1196556125,95.07984543,66.85963058125,65.165388585
Rwanda,RWA,66.61717224,90.76055145333332,95.976119995,96.54450073,82.50798914730768,26.304,28.55,26.139,29.043,28.584,81.47086334,92.42076874,96.68570198333332,87.8254776,102.71974941571428,73.21559143,98.00359285769233,97.90852356090907,99.513885495,78.76318359,94.73379262333331,96.567131045,96.53591919,64.70874786,63.03171158
Samoa,WSM,93.33982849,88.57824707,96.0760231025,97.14942474,82.75505065666667,24.75,25.3125,24.685,26.58725,30.09,102.8619995,104.0800018,101.8379974,100.4530029,103.6409988,75.89662085555555,98.25008216307693,97.82765960818182,99.09999847,89.33897017999999,97.02177683666667,98.0146064775,97.99199295,82.05724716,64.59590673625
San Marino,SMR,98.18727112,97.91732788,96.17592621,97.75434875,83.00211216602564,23.196,22.075,23.231,24.1315,26.183,87.8628006,102.8901672,90.24389648,99.14286041,105.8252411,78.57765028111112,98.49657146846154,97.74679565545452,98.91843986125,99.91475677,99.30976105,99.46208191,99.44806671,99.40574646,66.1601018925
Sao Tome and Principe,STP,90.28940201,88.41152191,84.61305364,85.45822270333333,83.24917367538461,21.642,18.8375,21.777,21.67575,22.276,94.8657112,100.69932936,93.22627258,97.803245545,112.97218705,81.25867970666667,98.74306077384615,97.66593170272726,98.7368812525,93.75,98.68296242,98.7887020125,98.86285485,98.89345169,67.72429704875
Saudi Arabia,SAU,82.3915329,78.90571594,73.05018107,73.16209665666666,83.49623518474358,20.088,15.6,20.323,19.22,18.369,101.8686218,98.50849152,96.20864868,96.46363068,120.119133,83.93970913222222,98.98955007923075,97.58506775,98.55532264375,75.70999908499999,98.05616379,98.115322115,98.27764299,98.38115692,69.288492205
Senegal,SEN,90.56478119,69.39990997,61.4873085,60.86597061,83.74329669410255,18.534,33.898,18.25,17.967,33.034,100.06742476,61.59621048,61.46038055,63.55509186,57.22800064,86.62073855777778,99.23603938461538,97.12337748333331,98.373764035,57.66999817,97.42936516,97.4419422175,97.69243113,97.86886215,70.85268736125
Serbia,SRB,98.73802948,97.53424072,98.32185364,99.39446259,83.99035820346154,16.98,15.663,16.177,16.714,13.231,98.26622772,98.36312866,98.68878174,98.65824127,88.56411743,89.30176798333333,99.48252869,96.66168721666666,98.19220542625,54.659998576666666,96.80256653,96.76856232,97.10721927,97.35656738,72.4168825175
Seychelles,SYC,95.98358917,95.51426697,95.02448273,95.61907196,84.23741971282051,25.073500000000003,21.822,26.009,13.656999999999998,11.028333333333332,102.5570068,96.48438263,97.94264221,93.18734741,101.0478134,91.9827974088889,98.81488037333332,96.19999695,98.0106468175,51.64999898333333,96.246145632,96.18385773,96.52200741,87.29246521,73.98107767375001
Sierra Leone,SLE,97.735153195,39.90512085,97.376205445,96.5465240475,84.48448122217948,33.167,12.976,15.2345,10.599999999999998,8.825666666666667,80.01641846,81.66159058,85.28259277,95.43763733,99.58978461,94.66382683444444,98.14723205666668,96.665924075,97.82908820875,48.63999939,95.689724734,95.59915314,95.93679555,77.22836304,75.54527283
Singapore,SGP,99.48671722,99.59400177,99.72792816,97.473976135,84.73154273153845,4.3,4.13,4.46,7.543,6.623,99.92182922,98.07794952,101.4013977,100.5579834,98.13175582,97.34485626,97.47958374,97.1318512,97.6475296,47.37083308,95.133303836,95.01444855,95.35158369,79.97811236,78.58050973285714
Sint Maarten (Dutch part),SXM,98.952571865,99.393821715,99.648864745,98.4014282225,84.97860424089743,7.352499999999999,7.304499999999999,7.603999999999999,9.309,8.309,96.023815155,94.798625945,99.11022949,96.35300064,96.67372703,88.37027086285714,97.07014846833331,97.31467724125,96.37316767166666,46.10166677,94.576882938,94.42974396,94.76637183,82.72786168,81.61574663571429
Slovak Republic,SVK,98.41842651,99.19364166,99.56980133,99.32888031,85.22566575025641,10.405,10.479,10.748,11.075,9.995,92.12580109,91.51930237,96.81906128,92.14801788,95.21569824,79.39568546571428,96.66071319666666,97.4975032825,95.09880574333332,44.83250046,94.02046204,93.84503937,94.18115997,85.477611,84.65098353857142
Slovenia,SVN,99.72619629,99.56310272,99.36643219,99.73948669,85.47272725961538,6.619,7.029,7.683,6.597,8.234,97.79572296,97.25195313,96.795578,97.17984772,97.25076294,70.42110006857143,96.251277925,97.68032932375,93.824443815,43.56333415,91.6729126,92.95205688,92.13980103,88.22736032,87.68622044142857
Solomon Islands,SLB,74.81636047,98.23309071666668,98.06762695333332,99.74586369076924,85.71978876897435,14.933666666666666,25.3815,15.921666666666669,15.378,17.218666666666667,84.86029816,84.01403046,96.35727182666668,97.12448120333332,97.9966888475,61.446514671428574,95.84184265333332,97.863155365,92.55008188666667,42.29416784,92.79945882333334,93.90615081333334,93.43429057,90.97710964,90.72145734428572
Somalia,SOM,85.70668411,96.90307871333334,96.76882171666666,99.75224069153846,85.96685027833333,23.24833333333333,43.734,24.16033333333333,24.159,26.203333333333333,90.62673569,90.325080875,95.91896565333332,97.06911468666668,98.742614755,52.47192927428571,95.43240738166666,98.04598140625,91.27571995833334,41.02500153,93.92600504666666,94.86024474666668,94.72878011,93.72685896,93.75669424714286
South Africa,ZAF,96.59700775,95.57306671,95.47001648,99.7586176923077,86.2139117876923,31.563,32.46,32.399,32.94,35.188,96.39317322,96.63613129,95.48065948,97.01374817,99.4885406625,43.49734387714286,95.02297211,98.2288074475,90.00135803,53.89185333499999,95.05255127,95.81433868,96.02326965,96.47660828,96.79193115
South Sudan,SSD,98.215114595,97.676445005,97.67726898,99.76499469307691,86.46097329705128,21.702,22.022,23.0405,22.212,22.12,96.032787325,96.63661957,95.74300003,98.0893898,100.23446657,34.52275848,94.09963481,98.41163348875,90.81058247666668,66.75870513999999,94.976730345,95.25832748,95.295475005,88.64876938249999,96.84640433363636
Spain,ESP,99.83322144,99.7798233,99.88452148,99.77137169384616,86.70803480641025,11.841,11.584,13.682,11.484,9.052,95.67240143,96.63710785,96.00534058,99.16503143,100.9803924775,98.43650055,93.17629751,98.59445953,91.61980692333334,79.625556945,94.90090942,94.70231628,94.56768036,80.82093048499999,96.90087751727272
Sri Lanka,LKA,98.83013916,98.71217346,95.63491929857145,99.77774869461538,86.95509631576923,24.184,21.213,21.512,19.378,18.051,94.28358459666666,95.86199951,96.58100128,98.55699921,101.726318385,91.70982361,92.25296021,92.38230133,92.42903137,92.49240875,74.65514374,94.78983592625,94.66816616125,72.9930915875,96.9553507009091
St. Kitts and Nevis,KNA,95.404914855,96.20649719,91.38531711714286,99.78412569538462,87.2021578251282,28.399,25.7575,32.563,30.107,22.7175,92.89476776333332,94.358104705,93.17063141,130.5810394,102.4722442925,85.507295228,90.41611154214286,90.65289365307692,92.85752614166668,91.54037128545454,84.24830245999999,94.8773555725,94.7686519625,65.16525269,97.00982388454544
St. Lucia,LCA,91.97969055,93.70082092,87.13571493571429,99.79050269615384,87.44921933448717,32.614,30.302,43.614,40.836,27.384,91.50595093,92.8542099,89.76026154,83.57800293,103.2181702,79.304766846,88.57926287428572,88.92348597615386,93.28602091333332,90.58833382090909,93.84146118,94.96487521875,94.86913776375,67.05227966733334,97.06429706818182
St. Martin (French part),MAF,91.3924427025,92.19178581,82.88611275428572,99.79687969692309,87.69628084384615,27.326,25.347,36.1946,33.6834,33.76566666666667,104.923419965,103.07660675,104.42013167,99.648502365,102.55260165,73.10223846400001,86.74241420642856,87.19407829923077,93.714515685,89.63629635636363,94.036619566,95.052394865,94.969623565,68.93930664466667,97.11877025181818
St. Vincent and the Grenadines,VCT,90.805194855,90.6827507,78.63651057285715,99.8032566976923,87.94334235320513,22.038,20.392,28.7752,26.5308,40.147333333333336,118.340889,113.2990036,119.0800018,115.7190018,101.8870331,66.899710082,84.90556553857142,85.4646706223077,94.14301045666669,88.68425889181817,94.231777952,95.13991451125,95.07010936625,70.826333622,97.17324343545454
Sudan,SDN,90.2179470075,89.17371559,74.38690839142858,99.80963369846154,88.1904038625641,16.75,15.437,21.3558,19.3782,46.529,66.56889343,97.029376985,102.33349608,96.29226686,101.22146455,60.6971817,83.06871687071428,83.73526294538462,94.57150522833334,87.73222142727272,94.426936338,95.2274341575,95.1705951675,72.71336059933333,97.2277166190909
Suriname,SUR,89.63069916,87.66468048,70.13730621,99.81601069923076,88.43746537192308,11.462,10.482,13.936400000000004,12.2256,25.7435,79.52462769,80.75975037,85.58699036,76.86553192,100.555896,65.42155020428572,81.23186820285714,82.00585526846154,95.0,86.78018396272728,94.622094724,95.31495380375,95.27108096875,74.60038757666666,97.28218980272727
Sweden,SWE,99.67810059,99.70292664,99.81317139,99.8223877,88.68452688128204,6.174,5.527,6.517,5.073,4.958,99.87551117,98.95915985,99.67352295,99.8192215,99.89032745,70.14591870857143,79.39501953499999,80.27644759153846,94.80638122666667,85.82814649818182,94.81725311,95.40247345,95.37156677,76.487414554,97.33666298636363
Switzerland,CHE,99.48461914,99.6212616,99.44254303,99.59851837,88.93158839064102,7.925,7.707,8.621,9.578,9.314,94.42372131,93.59322357,94.27581787,95.4812088,95.06360626,74.87028721285715,77.55817086714285,78.54703991461538,94.61276245333332,84.87610903363637,94.00344917727271,95.00209392272728,94.98466830555556,78.37444153133333,97.39113617
Syrian Arab Republic,SYR,94.63397725333334,92.60372670666666,68.38844299,87.38059998,89.1786499,9.63925,9.50025,10.531666666666666,10.87125,10.32225,85.15780385000001,83.59265518000001,55.6847496,55.752491,58.26871872,79.59465571714286,75.72132219928571,76.81763223769231,94.41914368,83.92407156909091,93.18964524454545,94.60171439545456,94.59776984111112,80.26146850866667,97.44560935363636
Tajikistan,TJK,89.78333536666666,85.58619181333333,66.628700254,82.945622256,89.1786499,11.3535,11.2935,12.442333333333334,12.1645,11.3305,75.89188639,73.59208679,61.393388745,64.159246445,72.734357835,84.31902422142858,73.88447353142857,75.08822456076923,94.31276194333334,82.97203410454546,92.37584131181818,94.20133486818182,94.21087137666667,82.148495486,97.50008253727272
Tanzania,TZA,84.93269348,78.56865692,64.868957518,78.510644532,89.1786499,13.06775,13.08675,14.353,13.45775,12.33875,66.62596893,63.5915184,67.10202789,72.56600189,87.19999695,89.04339272571428,72.04762486357143,73.35881688384615,94.20638020666668,82.01999664,91.56203737909092,93.80095534090908,93.82397291222225,84.03552246333334,97.5545557209091
Thailand,THA,87.35695648000001,81.7428760525,63.109214782,74.075666808,89.1786499,14.782,14.88,15.135,14.751,13.347,98.3613205,99.3010025,99.44000244,99.99299622,97.39299774,93.76776123,70.21077619571429,71.62940920692307,94.09999847,81.88999661272727,90.74823344636364,93.40057581363637,93.43707444777776,85.92254944066667,97.60902890454544
Timor-Leste,TLS,89.78121948,84.917095185,61.349472046,69.640689084,89.1786499,19.162,12.639,15.6155,31.171,29.122,100.5970001,102.625,100.8909988,94.45259476,93.266895295,92.043734741,68.37392752785713,69.90000153,95.86666615666668,81.75999658545454,89.93442951363636,93.00019628636365,93.05017598333332,87.80957641799999,97.6635020881818
Togo,TGO,91.795849608,88.09131431750001,59.58972931,65.20571136,89.1786499,23.542,10.398,16.096,24.924,13.251,90.13722229,86.70201111,87.49404907,88.9121933,89.14079285,90.319708252,66.53707886,71.2807243385,97.63333384333332,81.62999655818182,89.12062558090909,92.59981675909091,92.66327751888888,89.69660339533333,97.71797527181818
Tonga,TON,93.810479736,91.26553345,72.16033681333333,72.11206359399999,89.1786499,27.922,12.5015,16.5765,18.677,15.0665,90.3619384775,89.1830062875,112.6009979,111.8769989,104.1760025,88.595681763,71.20724487333332,72.66144714699999,99.40000153,81.49999653090909,88.30682164818182,92.19943723181818,92.27637905444443,91.58363037266666,97.77244845545454
Trinidad and Tobago,TTO,95.825109864,94.12873332,84.73094431666667,79.018415828,89.1786499,26.749666666666663,14.605,17.057,15.465,16.882,90.586654665,91.664001465,105.164279925,104.52568054,105.122306825,86.871655274,75.87741088666667,74.0421699555,99.47500133875,81.36999650363636,87.49301771545456,91.79905770454543,91.88948059,93.47065735,97.8269216390909
Tunisia,TUN,97.839739992,96.99193319,97.30155182,85.924768062,89.1786499,25.577333333333332,26.788,22.6885,20.1225,23.769,90.8113708525,94.1449966425,97.72756195,97.17436218,106.06861115,85.147628785,80.5475769,75.422892764,99.5500011475,81.23999647636364,86.67921378272727,91.39867817727271,79.710933685,95.11625163,97.88139482272727
Turkiye,TUR,99.85437012,99.85513306,99.82546234,92.831120296,89.1786499,24.405,26.02,28.32,24.78,24.119,91.03608704,96.62599182,100.5773315,103.4356232,107.014915475,83.423602296,96.74221039,76.8036155725,99.62500095625,81.10999644909091,85.86540985,90.99829865,67.53238678,96.76184591,97.93586800636363
Turkmenistan,TKM,99.620448306,94.15692139,99.28627014,99.73747253,89.1786499,22.68042857142857,22.186,26.07528571428572,22.036250000000003,27.529,121.92137147,94.33980814666668,100.8313166,110.1450577,107.9612198,81.699575807,96.91559346666666,78.184338381,99.700000765,80.97999642181819,83.513801575,91.498739628,97.49046326,98.40744019,97.99034119
Turks and Caicos Islands,TCA,99.386526492,88.45870972,99.2438182825,85.714111325,89.1786499,20.955857142857145,18.352,23.830571428571428,19.2925,30.939,152.8066559,92.05362447333331,101.0853017,112.5954208,110.7355881,79.975549318,97.08897654333332,79.5650611895,99.77500057375,80.84999639454546,81.1621933,91.999180606,96.9493370075,94.618734744,97.99034119
Tuvalu,TUV,99.152604678,82.76049805,99.201366425,71.69075012,89.1786499,19.231285714285715,14.518,21.585857142857144,16.54875,34.349,94.2307663,89.7674408,101.3392868,98.69564819,96.98275757,78.251522829,97.26235962,80.945783998,99.8500003825,80.71999636727273,85.23785146333333,92.499621584,96.408210755,90.830029298,97.99034119
Uganda,UGA,98.918682864,90.581878665,99.1589145675,73.95141601333334,89.1786499,17.50671428571429,10.684,19.341142857142856,13.805,26.227666666666664,89.069812775,89.410419465,95.54854202,93.99276352,97.1558361075,76.52749634,97.43574269666668,82.32650680649999,99.92500019125,80.58999634,89.31350962666667,93.000062562,95.8670845025,87.041323852,97.99034119
Ukraine,UKR,98.68476105,98.40325928,99.11646271,76.21208190666667,89.1786499,15.782142857142858,11.234666666666666,17.09642857142857,12.261,18.10633333333333,83.90885925,89.05339813,89.75779724,89.28987885,97.328914645,80.962768556,97.60912577333332,83.70722961499999,100.0,89.43770218,93.38916779,93.50050354,95.32595825,83.252618406,97.99034119
United Arab Emirates,ARE,99.248531345,99.11444092,99.210460665,78.47274780000001,89.1786499,14.057571428571428,11.785333333333334,14.851714285714287,10.717,9.985,90.546028135,118.8720093,105.3207169,94.1139679,97.5019931825,85.398040772,97.78250885,85.0879524235,98.12635803,98.28540802,95.537124635,73.76706696,73.88050842,79.46391296,97.99034119
United Kingdom,GBR,99.81230164,99.82562256,99.30445862,80.73341369333333,89.1786499,12.333,12.336,12.607,11.41,11.809,97.18319702,98.81459045,97.69728851,98.93805695,97.67507172,89.833312988,98.11178843333332,86.468675232,98.5942478175,98.7140502925,97.68508148,97.8219986,97.7324295,84.9515508,97.99034119
United States,USA,99.31158447666668,90.55490875,87.10350037,82.99407958666667,89.1786499,10.922,10.409,13.892,12.205,11.244,100.0926971,100.4890518,100.9236679,101.0912781,95.74352264,94.268585204,98.44106801666666,87.84939804049999,99.062137605,99.142692565,90.62403107,90.42475891,90.00189972,90.43918864,97.99034119
Uruguay,URY,98.81086731333332,98.93932343,98.74642944,85.25474548,89.1786499,17.954,17.685,25.10533333333333,14.94,14.273,101.5738831,100.9095268,100.9275436,100.50354,96.73476028,98.70385742,98.7703476,89.230120849,99.5300273925,99.5713348375,96.34745789,96.34745789,96.18579865,95.92682648,97.99034119
Uzbekistan,UZB,98.31015015,99.70925903,98.08872986,87.51541137333334,89.1786499,15.98825,26.0925,36.318666666666665,14.9385,13.4555,100.4690018,101.3300018,101.9140015,99.86799622,97.72599792,99.9928894,99.99994659,90.6108436575,99.99791718,99.99997711,100.0,98.016033175,97.79727936,97.55223083,97.99034119
Vanuatu,VUT,97.824839786,84.76444244,77.11128998,89.77607726666668,89.1786499,14.0225,34.5,47.532,14.937,12.638,103.5030009,95.08799744,96.65299988,95.28600311,106.038002,99.438034054,98.58458709333333,91.991566466,89.09999847,98.79998779,100.0,99.68460846,99.40876007,97.592596432,97.99034119
"Venezuela, RB",VEN,97.339529422,88.32509612749999,82.5014133475,92.03674316,89.1786499,12.05675,23.8685,37.13,14.9355,11.8205,106.537,95.07276726,97.2586326625,95.19540405,110.94599915,98.883178708,97.16922759666669,93.3722892745,88.650549314,97.59999847,100.0,99.68460846,99.40876007,97.632962034,97.99034119
Viet Nam,VNM,96.854219058,91.885749815,87.891536715,94.29740905333334,89.1786499,10.091,13.237,14.184,14.934,11.003,109.5709991,95.05753708,97.864265445,95.10480499,115.8539963,98.328323362,95.7538681,94.753012083,88.201100158,96.13326263,100.0,99.68460846,99.40876007,97.673327636,97.99034119
Virgin Islands (U.S.),VIR,96.368908694,95.4464035025,93.2816600825,96.55807494666666,89.1786499,21.638,22.941000000000003,23.917,23.056,19.5895,102.684753395,95.0423069,98.4698982275,95.01420593,104.975639355,97.773468016,96.566062925,96.1337348915,87.751651002,96.98855209,100.0,99.68460846,99.40876007,97.713693238,97.99034119
West Bank and Gaza,PSE,95.88359833,99.00705719,98.67178345,98.81874084,89.1786499,33.185,32.645,33.65,31.178,28.176,95.79850769,95.02707672,99.07553101,94.92360687,94.09728241,97.21861267,97.37825775,97.5144577,87.302201846,97.84384155,100.0,99.68460846,99.40876007,97.75405884,97.99034119
World,WLD,81.35482025,83.62139893,83.8547287,84.41600037,89.1786499,33.067,32.61633333333334,32.785,31.244666666666667,28.57333333333333,87.74307251,87.48777771,87.60629272,88.38974762,91.13854218,86.33905029,86.48960114,86.7115097,86.85275269,87.01174927,100.0,99.68460846,99.40876007,97.75405884,97.99034119
"Yemen, Rep.",YEM,82.68213399,84.93765004666666,83.8547287,84.41600037,89.1786499,32.949000000000005,32.587666666666664,31.92,31.311333333333334,28.970666666666663,88.73746490333333,88.40257263333334,89.02649942666666,87.62649790333333,89.46469371,86.33905029,86.48960114,87.10575485,86.85275269,87.95783233666667,100.0,99.68460846,99.40876007,97.75405884,97.99034119
Zambia,ZMB,84.00944773,86.25390116333334,83.8547287,84.41600037,89.1786499,32.831,32.559,31.055,31.378,29.368,89.73185729666667,89.31736755666667,90.44670613333334,86.86324818666667,87.79084524,86.33905029,86.48960114,87.5,86.85275269,88.90391540333333,100.0,99.68460846,99.40876007,97.75405884,97.99034119
Zimbabwe,ZWE,85.33676147,87.57015228,83.8547287,84.41600037,89.1786499,32.831,29.368,31.055,30.431,32.236,90.72624969,90.23216248,91.86691284,86.09999847,86.11699677,86.33905029,86.48960114,87.5,86.85275269,89.84999847,100.0,99.68460846,99.40876007,97.75405884,97.99034119
