Country Name,Country Code,"Immunization, DPT (% of children ages 12-23 months)_2018","Immunization, DPT (% of children ages 12-23 months)_2019","Immunization, DPT (% of children ages 12-23 months)_2020","Immunization, DPT (% of children ages 12-23 months)_2021","Immunization, DPT (% of children ages 12-23 months)_2022",Current health expenditure (% of GDP)_2018,Current health expenditure (% of GDP)_2019,Current health expenditure (% of GDP)_2020,Current health expenditure (% of GDP)_2021,Current health expenditure (% of GDP)_2022,Out-of-pocket expenditure (% of current health expenditure)_2018,Out-of-pocket expenditure (% of current health expenditure)_2019,Out-of-pocket expenditure (% of current health expenditure)_2020,Out-of-pocket expenditure (% of current health expenditure)_2021,Out-of-pocket expenditure (% of current health expenditure)_2022,"Immunization, measles (% of children ages 12-23 months)_2018","Immunization, measles (% of children ages 12-23 months)_2019","Immunization, measles (% of children ages 12-23 months)_2020","Immunization, measles (% of children ages 12-23 months)_2021","Immunization, measles (% of children ages 12-23 months)_2022","Life expectancy at birth, total (years)_2018","Life expectancy at birth, total (years)_2019","Life expectancy at birth, total (years)_2020","Life expectancy at birth, total (years)_2021","Life expectancy at birth, total (years)_2022","Survival to age 65, male (% of cohort)_2018","Survival to age 65, male (% of cohort)_2019","Survival to age 65, male (% of cohort)_2020","Survival to age 65, male (% of cohort)_2021","Survival to age 65, male (% of cohort)_2022","Survival to age 65, female (% of cohort)_2018","Survival to age 65, female (% of cohort)_2019","Survival to age 65, female (% of cohort)_2020","Survival to age 65, female (% of cohort)_2021","Survival to age 65, female (% of cohort)_2022"
Afghanistan,AFG,72.0,72.0,70.0,66.0,69.0,14.20841885,14.83131981,15.53361416,21.82794952,,76.22302246,76.818367,74.81396484,77.21405029,,71.0,64.0,66.0,63.0,68.0,63.081,63.565,62.575,61.982,62.879,54.647829,55.972735,53.562234,51.520426,52.99077,68.448803,68.843426,65.799993,65.217377,66.852465
Albania,ALB,99.0,99.0,98.0,98.0,97.0,6.66844559,6.86214113,7.51920271,7.26731825,,56.41465378,56.41222382,59.39613342,59.70423508,,94.0,95.0,91.0,87.0,86.0,79.184,79.282,76.989,76.463,76.833,85.765544,86.047386,81.703058,80.5539,81.240663,91.939293,91.975256,90.241719,89.363323,89.707203
Algeria,DZA,91.0,88.0,84.0,81.0,77.0,6.38729763,5.86751413,6.14268684,5.5283432,,31.57363319,35.46131516,37.33710861,38.53033829,,80.0,80.0,80.0,79.0,79.0,76.066,76.474,74.453,76.377,77.129,82.77979,83.123122,79.880051,82.687117,84.018003,86.97482,87.58892,85.163215,87.70347,88.46934
American Samoa,ASM,95.0,93.5,91.5,90.0,87.5,6.88135743,6.5953800650000005,7.464713095,6.93141842,,21.95597076,24.10178185,24.244093895,25.13421202,,89.5,89.5,89.0,89.0,88.5,71.42533333333333,71.79866666666666,70.38900000000001,71.46566666666666,72.06233333333334,72.356987,71.791526,72.321836,70.447406,72.375006,82.951049,82.835237,82.900723,85.086998,83.484592
Andorra,AND,99.0,99.0,99.0,99.0,98.0,7.37541723,7.323246,8.78673935,8.33449364,,12.33830833,12.74224854,11.15107918,11.73808575,,99.0,99.0,98.0,99.0,98.0,66.78466666666667,67.12333333333333,66.325,66.55433333333333,66.99566666666666,90.793387,90.825976,81.951861,84.126321,91.456135,94.634604,94.634604,91.74041,92.802338,94.899708
Angola,AGO,63.0,57.0,51.0,45.0,42.0,2.58879566,2.47517991,3.22070646,2.96010613,,36.2641983,33.0570755,27.72385979,23.413311,,50.0,51.0,44.0,36.0,37.0,62.144,62.448,62.261,61.643,61.929,53.916247,54.494128,53.166326,51.280449,52.233344,65.186505,65.323119,65.265071,63.523185,64.128014
Antigua and Barbuda,ATG,95.0,95.0,96.0,92.0,99.0,4.84869289,4.37567186,5.92146206,5.85133028,,23.66021156,24.26510048,21.96622849,19.15764618,,96.0,93.0,89.0,85.0,99.0,78.511,78.691,78.841,78.497,79.236,81.258541,81.73869,82.169251,82.547256,82.335097,88.9027,89.224613,89.525039,89.700867,89.522211
Argentina,ARG,86.0,83.0,74.0,81.0,81.0,10.29146862,10.04194355,10.34701538,9.70880699,,25.13258934,23.94149971,21.75679016,22.36627579,,94.0,86.0,77.0,86.0,83.0,76.999,77.284,75.892,75.39,76.064,77.969309,78.412194,76.217396,76.225132,77.204765,87.744382,88.20058,85.499563,85.105289,86.051875
Armenia,ARM,92.0,92.0,91.0,93.0,93.0,10.01,11.38,12.24,12.34,,84.28,84.79,77.85,78.66,,95.0,95.0,94.0,94.0,95.0,75.064,75.439,72.173,72.043,73.372,71.286835,72.177495,61.907449,60.444586,64.400285,88.967844,89.283305,84.736793,85.137742,86.906347
Aruba,ABW,93.5,93.5,93.0,94.0,93.5,10.034859545,10.799829905,11.4618684,11.44181959,,50.262136115,49.76198389,46.381321715,46.242486075,,94.5,94.5,93.5,93.5,95.5,76.072,76.248,75.723,74.626,74.992,79.37593,79.775203,79.239306,77.12472,77.732104,88.851646,89.079338,88.536413,86.845804,87.367715
Australia,AUS,95.0,95.0,95.0,95.0,94.0,10.05971909,10.21965981,10.6837368,10.54363918,,16.24427223,14.73396778,14.91264343,13.82497215,,94.0,94.0,93.0,93.0,96.0,82.74878049,82.9,83.2,83.3,83.2,88.827328,88.147374,92.231287,92.926574,89.287141,93.234961,92.968392,94.398383,94.804253,93.468752
Austria,AUT,85.0,85.0,85.0,86.0,84.0,10.35,10.49,11.39,12.1,,18.43,17.92,16.65,15.78,,94.0,95.0,95.0,99.0,95.0,81.69268293,81.89512195,81.19268293,81.1902439,81.09268293,87.028248,87.575718,87.392972,86.806294,88.047364,92.823711,93.073777,93.234139,93.190064,93.368196
Azerbaijan,AZE,95.0,94.0,79.0,89.0,83.0,3.84,4.18,5.85,4.7,,73.39,71.34,57.83,66.03,,96.0,98.0,82.0,93.0,93.0,72.76,73.102,66.868,69.366,73.488,72.377426,73.381106,54.801393,59.929412,73.805811,84.487136,84.629933,75.30816,79.148777,85.227334
"Bahamas, The",BHS,90.0,89.0,83.0,86.0,87.0,5.98263836,5.82275152,7.64700842,7.13872051,,27.65998459,26.66314316,21.76495934,24.45867538,,89.0,83.0,87.0,82.0,80.0,73.806,71.205,72.677,71.598,74.358,68.749512,66.493093,66.921059,65.068436,69.699465,81.654911,76.124187,80.47779,78.767513,82.361763
Bahrain,BHR,99.0,99.0,98.0,98.0,97.0,4.12745667,3.95980334,4.71684837,4.26834059,,30.00357628,29.97935486,26.246315,23.04768944,,99.0,99.0,99.0,99.0,99.0,79.857,80.019,79.174,78.76,79.246,89.03996,89.279293,88.873736,88.530469,88.975244,91.216093,91.342486,90.909328,90.602161,90.986158
Bangladesh,BGD,98.0,98.0,98.0,98.0,98.0,2.31622243,2.25762248,2.27063942,2.36492991,,70.67902374,72.05020905,74.00198364,72.9874649,,97.0,97.0,97.0,97.0,97.0,72.567,72.806,71.968,72.381,73.698,74.908517,74.527276,74.108198,72.618675,75.779057,82.063404,83.063248,79.535628,79.283337,84.183563
Barbados,BRB,95.0,90.0,85.0,82.0,86.0,6.45336485,6.20015001,7.37276554,8.09043312,,45.89333344,46.69363785,42.92656708,38.91783905,,85.0,92.0,89.0,77.0,85.0,77.067,77.257,77.393,77.571,77.706,81.149229,81.41558,81.647407,81.948644,82.145374,87.422863,87.597616,87.729218,87.913897,88.191229
Belarus,BLR,97.0,98.0,97.0,98.0,98.0,5.53,5.86,6.41,6.57,,25.45,25.69,24.77,21.93,,98.0,98.0,97.0,98.0,98.0,74.17560976,74.22682927,72.45721951,72.37068293,73.11146341,67.273839,65.941151,62.119369,62.091409,64.022337,88.17545,88.411635,87.053777,86.649695,87.443828
Belgium,BEL,98.0,97.0,97.0,98.0,98.0,10.86148262,10.79477787,11.19751263,11.04290771,,18.50161743,19.81006432,17.39719009,17.86028862,,96.0,96.0,96.0,96.0,96.0,81.59512195,81.99512195,80.69512195,81.7902439,81.69756098,86.81902,87.30219,86.595984,87.271875,87.758835,91.672636,92.063054,91.961813,92.423721,92.297342
Belize,BLZ,96.0,98.0,79.0,83.0,84.0,4.74657917,4.81374073,5.30974436,4.98043823,,23.39842224,23.06760979,21.30035591,22.75517654,,97.0,96.0,82.0,79.0,81.0,73.703,73.931,72.854,70.47,70.962,70.370146,70.837826,66.856005,62.177868,63.56649,83.313043,83.648442,80.282876,76.963548,78.216826
Benin,BEN,76.0,76.0,72.0,76.0,76.0,2.88632059,2.50914454,2.46970391,2.58129549,,45.57242584,50.89290237,51.408535,48.63362122,,68.0,68.0,65.0,68.0,68.0,60.14,60.454,60.088,59.821,59.954,55.830973,55.934755,54.645469,53.346483,53.415754,60.534504,61.360071,60.365681,60.019316,60.391285
Bermuda,BMU,86.5,86.5,83.5,87.0,87.0,3.064546345,3.056377645,3.416226265,3.21339786,,29.368115425,34.34166622,33.41659689,33.715867045,,82.5,82.5,79.0,82.5,82.5,80.825,81.033,81.136,79.28,81.571,84.436174,84.826671,84.991378,80.585566,85.613712,92.664782,92.986129,93.131362,90.589703,92.356583
Bhutan,BTN,97.0,97.0,95.0,98.0,98.0,3.2427721,3.60361075,4.36274862,3.84550023,,13.16380501,17.79043007,15.42465878,18.79811287,,97.0,97.0,93.0,97.0,97.0,71.129,71.391,71.609,71.815,72.229,72.890809,73.288371,73.596743,73.968716,74.600827,79.667994,80.210823,80.713338,81.115272,81.627458
Bolivia,BOL,83.0,75.0,68.0,70.0,69.0,6.60399437,6.88792992,8.0225811,8.15972805,,22.10827065,23.99159813,20.89839554,22.73787689,,89.0,79.0,74.0,75.0,69.0,67.748,67.841,64.467,63.63,64.928,63.624849,63.746767,51.991386,49.638002,53.673379,75.3157,75.399509,68.860077,66.245486,69.067848
Bosnia and Herzegovina,BIH,73.0,73.0,72.0,76.0,75.0,8.76,8.93,9.7,9.56,,29.31,29.35,28.86,30.71,,68.0,65.0,61.0,61.0,58.0,77.093,77.241,76.225,75.3,75.293,82.391557,82.988013,81.113012,79.435279,79.470825,90.221683,90.473467,89.535103,88.356949,88.316855
Botswana,BWA,95.0,95.0,95.0,95.0,86.0,6.04010344,6.12193203,6.1213398,6.30929565,,5.10579157,4.49591017,4.9515481,4.30253553,,97.0,97.0,87.0,97.0,90.0,65.422,65.464,65.647,61.141,65.913,57.896638,56.585592,56.744331,45.054326,57.261511,66.825838,67.976038,68.300882,58.194801,68.821925
Brazil,BRA,87.0,70.0,77.0,68.0,77.0,9.46475029,9.61449146,10.18235016,9.89072323,,24.82529449,24.87984657,22.77106476,22.65208626,,92.0,91.0,79.0,73.0,81.0,75.109,75.338,74.009,72.75,73.425,75.231526,75.710605,72.521676,69.33594,71.100394,87.025483,87.320993,84.615778,81.414878,82.974848
British Virgin Islands,VGB,93.0,84.5,88.0,83.5,88.0,5.93882203,5.90430045,6.2878474,6.04779494,,14.8418231,15.23623204,14.362434625,14.69953704,,95.5,94.0,89.0,86.0,89.0,75.831,75.863,75.849,74.494,76.373,79.862864,79.856637,79.848065,77.273904,80.653162,89.041172,89.037362,88.962384,87.057838,89.562356
Brunei Darussalam,BRN,99.0,99.0,99.0,99.0,99.0,2.41289377,2.19410944,2.39334464,2.20486665,,4.85835171,5.59261751,5.95380449,6.74698782,,99.0,97.0,99.0,99.0,97.0,74.712,74.748,74.795,74.642,74.551,77.034449,77.165098,77.295191,77.456628,77.29723,84.255029,84.3614,84.489158,84.598772,84.481022
Bulgaria,BGR,92.0,93.0,91.0,89.0,91.0,7.33,7.09,8.48,8.56,,40.52,38.97,36.58,35.07,,93.0,95.0,88.0,89.0,91.0,74.96341463,75.11219512,73.65853659,71.46341463,74.36097561,71.68673,71.804344,68.773719,65.379498,65.003225,86.190437,86.769813,85.353759,82.310032,81.667078
Burkina Faso,BFA,91.0,91.0,91.0,91.0,91.0,5.0057807,5.31868935,6.50193262,6.37691164,,35.83074951,34.69356155,34.64083481,34.64732361,,88.0,88.0,88.0,88.0,88.0,60.047,60.039,59.731,59.27,59.766,54.246291,53.816967,51.916905,50.69926,51.50119,62.626894,62.682457,61.683791,59.906184,60.761825
Burundi,BDI,90.0,93.0,93.0,94.0,91.0,7.29396152,9.05010796,10.71837234,9.10190964,,27.11566162,22.21640587,20.45733452,25.36169243,,88.0,92.0,90.0,90.0,89.0,61.688,62.351,61.566,61.663,61.977,55.409225,56.284806,53.673836,53.964584,54.57275,62.860168,64.306989,62.55873,62.255377,62.685038
Cabo Verde,CPV,98.0,96.0,93.0,93.0,93.0,4.73804712,4.56319857,6.12421703,6.90378904,,26.11138153,27.09781456,20.83621979,18.51521492,,99.0,98.0,95.0,95.0,95.0,75.733,76.004,74.808,74.052,74.722,73.607101,73.901907,71.319418,69.713767,71.336331,88.598303,88.970228,87.959723,87.154545,87.803803
Cambodia,KHM,89.0,88.0,87.0,87.0,85.0,6.06630135,6.84972715,7.11156559,7.53223085,,60.96880341,64.39125061,62.05238342,54.93772888,,87.0,87.0,83.0,83.0,83.0,70.561,70.692,70.416,69.584,69.896,69.974848,70.239152,69.407485,66.926736,67.58666,78.619083,78.740464,78.47076,77.663923,78.241013
Cameroon,CMR,67.0,67.0,69.0,69.0,68.0,3.61970162,3.65157914,3.77177453,3.82407379,,72.26169586,72.18878174,68.30715179,66.91696167,,59.0,60.0,62.0,62.0,65.0,61.18,61.584,60.833,60.333,60.958,53.445797,54.517663,51.445729,50.293579,51.512169,60.245438,60.423145,59.436921,57.69876,58.645492
Canada,CAN,91.0,91.0,92.0,92.0,92.0,10.90542507,11.00887775,13.0351181,12.3341074,11.15471363,15.59457874,15.45603371,13.77592468,14.02343464,14.88593388,90.0,90.0,90.0,90.0,92.0,81.84390244,82.22390244,81.6604878,81.58707317,81.29560976,87.020919,87.415997,87.50366,88.46397,88.183391,91.83623,92.046647,91.972007,92.558089,92.395711
Cayman Islands,CYM,66.5,66.5,67.0,67.0,67.0,10.951001645,9.38506269,11.010249135,10.70132017,10.72409687,28.633654115,38.007130625,31.725715635,31.49551058,17.866525654,65.5,65.5,65.5,65.5,66.5,68.10645122,68.62445122,68.13224389999999,82.0097561,67.88630488,77.007908,77.088516,77.102355,77.041676,77.917766,84.383531,84.528306,84.683319,84.795344,85.245768
Central African Republic,CAF,42.0,42.0,42.0,42.0,42.0,10.99657822,7.76124763,8.98538017,9.06853294,10.29348011,41.67272949,60.55822754,49.67550659,48.96758652,20.847117428,41.0,41.0,41.0,41.0,41.0,54.369,55.025,54.604,53.895,54.477,39.761484,40.832801,38.40694,36.412734,37.306559,48.130734,48.783622,47.407528,46.205341,46.99572
Chad,TCD,46.0,50.0,52.0,58.0,60.0,4.56768799,4.59277868,5.53655243,5.19022274,9.86286335,64.376091,63.66061783,60.54256439,58.78679276,23.827709202,42.0,41.0,47.0,55.0,56.0,52.825,53.259,52.777,52.525,52.997,42.689986,43.010705,41.026449,39.793507,40.462422,48.765319,49.657066,47.982932,47.194982,47.92527
Channel Islands,CHI,70.5,73.0,72.5,76.5,78.0,6.896719935,6.977699995,7.631910325,7.26675129,9.43224659,48.811408995,48.23032379,44.931651115,44.526515965,26.808300976,67.5,68.0,69.0,73.5,75.0,81.375,81.39,81.264,81.232,81.583,88.956692,89.0256,88.883435,88.850192,89.307696,93.140951,93.120811,93.028675,93.001784,93.228469
Chile,CHL,95.0,96.0,93.0,95.0,96.0,9.22575188,9.36262131,9.72726822,9.34327984,9.00162983,33.24672699,32.80002975,29.32073784,30.26623917,29.78889275,93.0,95.0,91.0,92.0,94.0,80.133,80.326,79.377,78.944,79.519,83.636773,83.895709,82.691932,81.17719,82.483579,90.275067,90.448502,89.808639,88.957827,89.50858
China,CHN,99.0,99.0,99.0,99.0,99.0,5.16790485,5.3502779,5.59359741,5.38360548,9.039965996923078,35.75065613,35.23002243,34.791008,34.39476395,28.492054846153845,99.0,99.0,99.0,99.0,99.0,77.744,77.968,78.077,78.211,78.587,81.393775,81.781895,81.903129,82.272771,82.805894,90.058264,90.228562,90.481335,90.671103,90.781947
Colombia,COL,92.0,94.0,88.0,86.0,87.0,7.62541437,7.77954912,8.71432114,9.01772404,9.078302163846155,15.1307478,14.73766041,14.50628376,13.66964531,27.19521694230769,95.0,95.0,90.0,86.0,88.0,76.748,76.752,74.769,72.83,73.659,79.186051,79.119719,75.072249,69.560862,71.919309,87.895772,87.916228,85.747833,82.22291,83.716544
Comoros,COM,91.0,91.0,91.0,91.0,88.0,4.90318584,5.18044472,5.86521959,6.33513117,9.11663833076923,67.24486542,61.82796478,61.66526031,55.56960678,25.89837903846153,90.0,90.0,90.0,90.0,86.0,63.912,64.068,64.166,63.417,63.68,58.279458,58.498814,57.95185,55.922568,56.690941,68.187757,68.234938,68.70467,66.811497,67.365143
"Congo, Dem. Rep.",COD,71.0,73.0,70.0,65.0,65.0,3.24127173,3.508039,4.05092573,3.7859261,9.154974497692308,41.61063766,38.49700546,39.71793747,39.12869644,24.601541134615385,64.0,65.0,62.0,55.0,56.0,59.942,60.276,59.739,59.193,59.743,53.996539,54.238348,52.348119,50.051559,50.966608,61.04112,61.831292,60.385997,59.519162,60.390727
"Congo, Rep.",COG,75.0,79.0,73.0,77.0,78.0,1.8976357,2.54176092,4.39382887,3.87537813,9.193310664615383,50.25749588,42.17203903,25.19023323,24.07517624,23.30470323076923,75.0,73.0,68.0,68.0,65.0,64.053,62.747,63.785,63.519,63.053,57.699195,54.719955,55.719548,55.46341,55.03218,62.9762,61.484853,63.235629,61.996892,61.761608
Costa Rica,CRI,94.0,95.0,97.0,93.0,95.0,7.28587723,7.22124958,7.8254571,7.56881428,9.231646831538464,22.4164257,22.32456398,20.28676224,20.74214363,22.00786532692308,94.0,95.0,95.0,89.0,90.0,79.484,79.427,79.277,77.023,77.32,83.278961,83.407979,83.51001,80.131838,80.485755,90.956925,90.916154,91.045333,88.823757,89.041916
Cote d'Ivoire,CIV,84.0,81.0,75.0,76.0,76.0,3.0916779,3.21496511,3.62587261,3.13269377,9.269982998461538,39.2853241,37.26046371,31.99206734,32.34332657,20.71102742307692,75.0,73.0,66.0,68.0,65.0,58.849,59.319,59.032,58.598,58.916,49.666698,50.033805,48.813243,47.493504,48.288605,51.690427,52.972018,52.187348,51.003362,51.815062
Croatia,HRV,93.0,94.0,94.0,92.0,92.0,6.75,6.8,7.72,8.1,9.308319165384615,11.39,11.46,10.45,9.4,19.414189519230767,93.0,93.0,91.0,89.0,90.0,78.07073171,78.42439024,77.72439024,76.42439024,77.57560976,81.307984,82.388662,81.413419,80.307193,82.869401,91.803679,92.090442,91.611174,91.856808,92.411465
Cuba,CUB,99.0,99.0,99.0,99.0,99.0,11.0184288,11.08496857,12.48639679,13.78727818,9.346655332307693,11.17386532,10.85016251,8.92000961,8.39371872,18.117351615384614,99.0,99.0,98.0,99.0,99.0,77.496,77.611,77.567,73.683,78.155,79.149882,79.108991,79.063669,72.85917,80.287386,87.330708,87.107112,87.522157,82.441064,87.964759
Curacao,CUW,99.0,97.5,97.5,97.5,97.5,8.9242144,9.077484285,10.448198395,11.60863909,9.38499149923077,27.76693266,22.290081255,13.345004805,9.15685936,16.82051371153846,94.5,92.5,92.0,92.5,92.5,79.439,79.504,79.479,77.44300000000001,80.02199999999999,76.962292,76.947254,76.863034,75.692612,77.902969,89.568568,89.61348,89.604593,88.700428,90.054893
Cyprus,CYP,99.0,96.0,96.0,96.0,96.0,6.83,7.07,8.41,9.43,9.423327666153844,44.36,33.73,17.77,9.92,15.523675807692308,90.0,86.0,86.0,86.0,86.0,81.382,81.397,81.391,81.203,81.889,88.397357,88.291142,87.892866,88.341626,88.822667,92.646764,92.870202,92.971184,92.733778,93.097807
Czechia,CZE,97.0,97.0,97.0,94.0,94.0,7.47048092,7.60336018,9.2136879,9.4887867,9.461663833076924,14.18668938,14.09247589,11.52823639,12.72645092,14.226837903846151,96.0,92.0,94.0,97.0,97.0,79.02926829,79.22926829,78.17560976,77.22195122,79.02926829,82.234992,82.648053,82.615453,80.634618,81.211553,91.254472,91.295525,91.47037,90.52963,90.832654
Denmark,DNK,97.0,97.0,97.0,97.0,97.0,10.1,10.15,10.56,10.82,9.5,13.82,13.79,12.93,12.6,12.93,95.0,96.0,94.0,95.0,95.0,80.95365854,81.45121951,81.60243902,81.40487805,81.30487805,86.959757,87.386307,87.993144,88.287068,87.92563,91.737718,92.189131,92.233915,92.433691,92.39657
Djibouti,DJI,84.0,85.0,70.0,59.0,59.0,2.33968735,2.16640544,2.15048313,2.87667227,9.215895864444445,29.10495186,31.23415756,26.61188316,20.3030262,14.37842105263158,86.0,83.0,62.0,50.0,50.0,63.038,63.085,62.694,62.305,62.859,57.028996,57.106683,55.165761,54.268641,55.250868,66.816596,66.695105,66.280366,65.199651,65.98782
Dominica,DMA,94.0,99.0,96.0,92.0,92.0,6.18495989,5.16903925,5.99901152,6.50494003,8.93179172888889,30.91319275,33.85964203,28.22134972,23.7681694,15.826842105263156,84.0,92.0,92.0,88.0,83.0,73.59,73.559,73.649,72.814,72.981,73.007765,72.869384,73.011573,72.149896,72.311209,84.304673,84.183462,84.237165,83.395018,83.507191
Dominican Republic,DOM,87.0,89.0,82.0,84.0,88.0,4.12601566,4.23948717,4.93998051,4.91815567,8.647687593333334,28.92064285,27.94108391,24.64875984,23.59280205,17.275263157894738,91.0,96.0,82.0,88.0,91.0,73.232,73.577,72.889,72.615,74.17,71.583689,71.756008,69.712952,69.27367,72.722113,82.083882,82.496021,82.64296,81.761093,83.406019
Ecuador,ECU,85.0,85.0,70.0,72.0,70.0,7.82609653,7.77070522,8.35889626,8.28661728,8.363583457777779,30.31152916,30.93616295,31.72368431,30.61556816,18.723684210526315,83.0,83.0,81.0,65.0,74.0,77.094,77.297,72.153,73.67,77.894,79.550784,79.42787,67.812682,70.716905,80.59668,86.678783,86.856651,81.291034,82.990239,87.779285
"Egypt, Arab Rep.",EGY,95.0,95.0,94.0,96.0,97.0,4.74892998,4.5994668,4.15384626,4.60955143,8.079479322222221,62.61043167,62.50646591,59.31352997,54.90198135,20.172105263157896,94.0,95.0,94.0,96.0,96.0,71.367,71.358,70.99,70.221,70.159,68.850144,69.386024,68.235892,66.438008,66.278947,81.020637,80.851233,80.185639,78.707268,78.617342
El Salvador,SLV,89.0,90.0,76.0,78.0,75.0,8.322752,8.80846119,9.08151054,9.71643353,7.795375186666666,37.60876465,37.6710701,27.421278,26.73874474,21.62052631578948,87.0,85.0,74.0,85.0,65.0,72.555,72.559,71.061,70.748,71.475,62.09374,64.811925,61.611433,60.956122,62.400688,82.029662,82.595745,80.496534,80.030848,80.9259
Equatorial Guinea,GNQ,53.0,53.0,53.0,53.0,53.0,2.85223937,3.16833544,3.89984655,3.40450907,7.511271051111111,72.94804382,76.3782196,74.99308777,77.47199249,23.068947368421053,53.0,53.0,53.0,53.0,53.0,61.191,61.644,60.708,60.594,61.19,54.58206,55.294392,51.827458,51.500356,52.624037,62.088376,62.932104,61.234629,60.41341,61.340501
Eritrea,ERI,95.0,95.0,95.0,95.0,95.0,4.12701797,4.58734369,4.15886974,4.15077114,7.227166915555555,48.88093185,44.77917099,46.85018539,49.50627518,24.51736842105263,93.0,93.0,93.0,93.0,93.0,67.067,67.3,67.133,66.536,66.604,64.558425,64.999723,64.109886,62.679972,62.862083,72.454017,72.739505,72.734873,71.238941,71.278972
Estonia,EST,92.0,91.0,91.0,90.0,85.0,6.6912818,6.81699181,7.57906532,7.49057293,6.94306278,24.66475487,24.06137466,21.5740242,22.25318909,25.96578947368421,87.0,88.0,91.0,89.0,82.0,78.24390244,78.64634146,78.59512195,76.94390244,77.94390244,75.780109,76.97069,76.453576,75.720874,77.702688,90.569628,91.078648,90.368139,90.453032,91.345086
Eswatini,SWZ,90.0,90.0,83.0,77.0,97.0,6.62469387,7.15369368,6.59767151,7.03582335,6.985756502,11.07200813,9.97639179,11.11209965,10.42652035,27.41421052631579,85.0,81.0,76.0,80.0,83.0,59.411,60.549,59.692,57.066,56.36,38.982732,41.130476,38.227813,31.9633,30.419901,56.557519,59.004232,57.596565,52.538865,51.209477
Ethiopia,ETH,67.0,68.0,71.0,65.0,65.0,3.30371761,3.23382378,3.48096275,3.20824432,7.028450224,35.49158096,37.9252243,33.07913589,36.99786377,28.86263157894737,55.0,58.0,60.0,54.0,56.0,65.412,65.838,65.371,64.975,65.645,60.685178,61.400947,60.022031,58.55365,59.716194,71.708771,72.321667,71.568594,71.199375,72.219637
Faroe Islands,FRO,80.5,82.5,85.0,82.0,82.0,3.704721925,3.742592575,4.125072715,4.294548985,7.071143946,26.748984335,28.540834425,25.933627125,27.424261095,30.31105263157895,75.0,77.0,78.0,76.5,77.5,82.49512195,82.64634146,82.89756098,83.09756098,83.3,87.745071,87.001501,87.692382,87.310238,86.94478,89.731334,90.558918,90.884587,90.751778,91.203638
Fiji,FJI,94.0,97.0,99.0,99.0,99.0,4.10572624,4.25136137,4.76918268,5.38085365,7.113837668,18.00638771,19.15644455,18.78811836,17.85065842,31.759473684210526,95.0,96.0,96.0,99.0,99.0,67.81,67.893,67.924,67.114,68.312,61.654739,62.005472,62.269542,60.711497,62.153149,70.3026,70.45563,70.519275,68.884564,71.251837
Finland,FIN,91.0,91.0,90.0,89.0,91.0,9.05,9.17,9.63,10.25,7.15653139,18.43,17.42,16.47,16.1,33.20789473684211,96.0,96.0,95.0,93.0,94.0,81.73414634,81.98292683,81.93170732,81.88536585,81.18780488,85.926805,86.639122,85.942293,87.304392,87.129487,92.832487,93.15095,93.35934,93.656656,93.502765
France,FRA,96.0,96.0,96.0,96.0,96.0,11.20798969,11.0888586,12.13096142,12.30787277,7.199225112,9.49986362,9.45291996,8.83838749,8.92467976,34.65631578947368,90.0,92.0,94.0,94.0,94.0,82.67560976,82.82682927,82.17560976,82.32439024,82.22926829,85.13904,85.336139,85.594679,85.836457,85.982675,92.339717,92.444753,92.513503,92.702538,92.776756
French Polynesia,PYF,83.0,83.0,79.5,85.5,78.0,6.976496935,6.92861092,7.771982550000001,7.50710213,7.241918834,16.307008265,16.270471094999998,14.38342428,15.348946095,36.10473684210527,74.5,77.0,73.5,79.0,73.0,82.783,82.996,82.217,79.486,83.55,90.496589,90.746462,89.770377,85.700111,91.355456,94.629555,94.757336,94.913108,91.181997,94.995331
Gabon,GAB,70.0,70.0,63.0,75.0,60.0,2.74500418,2.76836324,3.41300368,2.70633149,7.284612556,23.11415291,23.08802223,19.92846107,21.77321243,37.55315789473684,59.0,62.0,53.0,64.0,52.0,66.306,66.603,66.531,65.821,65.694,59.181013,60.304179,59.67742,57.767397,57.506446,70.203856,70.237079,70.985533,69.587905,69.346487
"Gambia, The",GMB,93.0,88.0,85.0,82.0,79.0,3.34384227,3.158566,3.72824287,3.18962693,7.327306278,22.43855858,20.21388626,17.38969421,20.39666367,39.00157894736842,91.0,85.0,82.0,79.0,74.0,63.04,63.755,62.612,62.083,62.906,59.022761,59.89967,56.510508,55.422113,56.844206,63.883745,65.560836,63.410689,61.681529,63.08421
Georgia,GEO,93.0,94.0,88.0,85.0,85.0,7.11,6.66,8.43,8.42,7.37,47.67,46.77,36.06,31.2,40.45,98.0,99.0,91.0,90.0,90.0,73.341,73.47,72.765,71.694,71.587,66.51782,66.556247,64.955126,62.200108,62.090077,87.345227,87.693157,87.405878,85.6403,85.344329
Germany,DEU,91.0,91.0,91.0,91.0,91.0,11.48051548,11.71550655,12.69255257,12.93412971,12.65471077,13.16894913,13.4410553,12.40803623,12.16129494,40.062436378125,97.0,97.0,97.0,97.0,97.0,80.89268293,81.29268293,81.04146341,80.7902439,80.70560976,85.513436,86.017743,85.668162,84.731917,85.352269,91.796394,92.077723,92.042493,91.611887,91.877336
Ghana,GHA,97.0,97.0,94.0,98.0,99.0,3.80673027,4.29847813,4.01752424,4.15176868,12.382396718666666,33.40122223,28.23320961,28.18001938,27.24682426,39.67487275625,92.0,92.0,88.0,94.0,95.0,64.122,64.74,64.114,63.795,63.945,59.479453,60.294977,58.380826,57.603618,57.89441,67.052012,68.421618,67.473813,66.586328,66.77967
Gibraltar,GIB,98.0,98.0,96.5,98.5,99.0,5.96348667,6.24829531,6.760581255,6.66237831,12.110082667333334,34.740642550000004,30.937968255,30.809207915,30.288231845,39.287309134375,94.5,94.5,92.5,95.5,96.0,82.154,82.363,82.198,79.329,82.83,88.055178,88.456529,88.44956,84.953169,89.057915,92.435923,92.488807,92.453315,90.671423,92.81939
Greece,GRC,99.0,99.0,99.0,99.0,99.0,8.12024307,8.19811249,9.50363827,9.17298794,11.837768616,36.08006287,33.6427269,33.43839645,33.32963943,38.8997455125,97.0,97.0,97.0,97.0,97.0,81.78780488,81.63902439,81.28780488,80.08292683,80.63658537,85.683886,85.745314,84.970477,83.301394,84.229861,93.676001,93.555973,92.875074,92.100353,92.648841
Greenland,GRL,97.0,96.5,85.5,88.0,88.0,6.35199022,6.56500435,7.531319379999999,7.43572092,11.565454564666666,45.495306015,44.03184128,43.749471665,43.502426145,38.512181890625,90.5,95.5,90.0,83.5,86.5,71.96756098,71.94439024,71.85073171,71.81390244,71.5404878,70.307868,70.229446,70.349429,70.410676,70.861128,80.831409,81.020217,81.093235,81.224448,81.644132
Grenada,GRD,95.0,94.0,72.0,77.0,77.0,4.58373737,4.93189621,5.55900049,5.6984539,11.293140513333332,54.91054916,54.42095566,54.06054688,53.67521286,38.124618268750005,84.0,94.0,83.0,70.0,76.0,74.808,74.863,74.924,74.936,75.335,73.113165,73.423652,73.809065,74.282637,73.974195,83.656197,83.906462,84.166544,84.500863,84.208634
Guam,GUM,90.0,89.5,77.5,78.0,78.0,5.34518218,5.5532372,6.01296687,6.2996397,11.020826462,56.20545387,55.20506668,55.176067355,57.327518465,37.737054646875,86.5,92.0,85.5,75.5,79.5,77.439,77.717,76.612,76.656,78.33,73.852861,74.42207,73.262287,73.524062,75.261552,85.719321,85.991489,86.285186,85.000045,86.554936
Guatemala,GTM,85.0,85.0,83.0,79.0,79.0,6.10662699,6.17457819,6.46693325,6.9008255,10.748512410666669,57.50035858,55.9891777,56.29158783,60.97982407,37.349491025000006,89.0,90.0,88.0,81.0,83.0,72.726,73.129,71.797,69.237,68.674,69.463103,70.157375,64.99394,60.863834,60.230191,79.446645,79.646451,78.029041,74.079034,72.591535
Guinea,GIN,47.0,47.0,47.0,47.0,47.0,3.73843002,4.08876228,3.876436,3.75556707,10.476198359333331,67.11582947,59.2154274,57.17256165,53.46712875,36.961927403125,47.0,47.0,47.0,47.0,47.0,59.349,59.72,59.327,58.892,58.985,55.309617,55.582646,54.057416,52.633923,52.708505,59.109418,59.967632,58.844528,57.681176,57.901046
Guinea-Bissau,GNB,82.0,78.0,74.0,67.0,74.0,7.28130722,7.16052532,9.02139282,8.2233429,10.203884308,66.98838806,69.48217773,56.43703079,59.9703598,36.57436378125,79.0,79.0,72.0,63.0,75.0,60.502,60.882,59.999,59.652,59.861,51.395201,52.229574,48.436285,47.580897,48.057062,60.957674,61.235659,59.436584,57.929886,58.163591
Guyana,GUY,95.0,99.0,99.0,98.0,98.0,4.90492535,4.90331507,5.50584173,4.94385052,9.931570256666667,33.73039627,35.02374649,24.18617821,28.72393608,36.18680015937501,98.0,98.0,98.0,95.0,95.0,68.896,69.124,68.486,65.673,65.989,59.454576,60.100236,58.517126,51.971027,52.913606,73.757262,74.163823,73.402354,67.92499,68.594589
Haiti,HTI,64.0,51.0,51.0,51.0,51.0,4.31650305,3.91107917,3.22171092,3.47919273,9.659256205333334,38.85435486,39.03829193,46.90286636,43.53165817,35.7992365375,69.0,65.0,65.0,65.0,65.0,64.019,64.255,64.052,63.192,63.728,57.143478,57.201933,56.433368,54.725603,55.531689,69.537988,70.303878,69.727036,67.481784,68.423494
Honduras,HND,91.0,88.0,80.0,77.0,78.0,7.22820663,7.30497599,9.03509808,9.16101742,9.386942154,52.14417267,52.46878433,50.04225922,51.70560074,35.411672915625005,91.0,89.0,82.0,81.0,77.0,72.814,72.881,71.462,70.123,70.728,73.165996,73.232388,70.126491,67.257172,68.595053,82.285189,82.285387,79.862732,76.968586,78.305907
"Hong Kong SAR, China",HKG,95.0,93.5,89.5,88.0,88.5,6.904103315,6.792487995,8.16254904,8.27050871,9.114628102666668,39.467086335000005,40.129392165,38.09612961,38.17280037,35.02410929375,95.0,94.0,90.5,90.0,88.0,84.8697561,85.15585366,85.49634146,85.53268293,83.66097561,90.367157,90.611421,90.870594,91.143606,90.222998,95.526926,95.490679,95.651716,95.797661,94.994296
Hungary,HUN,99.0,99.0,99.0,99.0,99.0,6.58,6.28,7.29,7.38,8.842314051333334,26.79,27.79,26.15,24.64,34.636545671875,99.0,99.0,99.0,99.0,99.0,76.06585366,76.3195122,75.56829268,74.16341463,76.01707317,73.030319,73.976514,72.929707,70.909985,71.607961,86.976075,87.281903,86.706774,84.872704,85.416909
Iceland,ISL,91.0,92.0,93.0,92.0,92.0,8.38,8.58,9.61,9.73,8.57,15.94,15.55,14.98,14.65,34.24898205,93.0,93.0,93.0,92.0,91.0,82.86097561,83.16341463,83.06341463,83.16585366,82.17073171,90.14311,89.70245,90.285959,90.577255,90.473112,93.737977,93.502686,93.758919,93.889931,93.877464
India,IND,90.0,91.0,85.0,85.0,93.0,2.86,2.95,3.34,3.28,8.070121914,53.23,52.0,49.45,49.82,33.861418428125006,93.0,95.0,89.0,89.0,95.0,70.71,70.91,70.15,67.24,67.744,69.6327,69.849344,68.195827,61.849965,63.168279,76.006774,76.478514,75.572251,69.983461,71.128889
Indonesia,IDN,85.0,85.0,77.0,67.0,85.0,2.86757827,2.87862897,3.42067289,3.70636249,7.570243828000001,35.64099503,35.07468796,31.6984539,27.48734474,33.47385480625,89.0,88.0,76.0,72.0,84.0,70.338,70.518,68.808,67.57,68.25,69.135874,69.372573,65.124344,62.017391,63.65722,77.323016,77.587465,74.639544,72.05884,73.500657
"Iran, Islamic Rep.",IRN,99.0,99.0,99.0,98.0,99.0,7.73915195,6.27398872,5.40149546,5.77013779,7.070365742,35.95846176,38.88759613,37.30069733,34.51460648,33.086291184375,99.0,99.0,99.0,99.0,99.0,76.195,76.103,74.832,73.875,74.556,81.063226,80.304891,76.221449,76.438069,77.835633,88.849825,88.517992,85.10215,86.039875,86.939367
Iraq,IRQ,86.0,84.0,74.0,78.0,93.0,4.12989378,4.25509405,6.17485046,5.24727583,6.570487656,50.39333344,50.09696198,54.66120911,49.908741,32.698727562500004,85.0,82.0,76.0,75.0,88.0,71.514,71.576,69.123,70.378,71.336,72.624719,72.60455,66.397606,69.446181,71.380195,80.268948,80.477687,76.174809,78.544087,80.163813
Ireland,IRL,94.0,94.0,94.0,94.0,93.0,6.49550152,6.7090106,7.1091466,6.71662664,6.07060957,12.58393192,12.13262558,10.93066502,10.68828297,32.311163940625,92.0,91.0,92.0,90.0,90.0,82.20487805,82.70243902,82.55609756,82.35365854,83.05609756,89.125243,89.325989,90.195701,89.68202,90.067979,93.01171,93.149527,93.704018,93.230413,93.546907
Isle of Man,IMN,96.0,96.0,96.0,96.0,95.5,6.862750760000001,6.9395053,7.4095733,7.30831332,7.047073046666667,17.21196596,16.746312789999998,15.52533251,15.244141485,31.92360031875,95.0,95.0,95.5,94.5,94.5,80.596,80.737,80.588,80.525,80.762,86.555019,86.730924,86.509378,86.169822,86.542452,90.866564,91.000402,90.968673,90.856575,91.055925
Israel,ISR,98.0,98.0,98.0,98.0,98.0,7.23,7.17,7.71,7.9,8.023536523333334,21.84,21.36,20.12,19.8,31.536036696875,98.0,99.0,99.0,99.0,99.0,82.80243902,82.80487805,82.64878049,82.5,82.7,88.565132,88.560611,88.262651,88.042752,88.535714,93.779117,93.777372,93.750247,93.697415,93.803963
Italy,ITA,95.0,96.0,94.0,94.0,95.0,8.68,8.66,9.63,9.38,9.0,23.55,23.46,21.46,21.89,31.148473075,93.0,94.0,92.0,94.0,94.0,83.34634146,83.49756098,82.19512195,82.64634146,82.9,89.615946,89.950748,89.020832,89.071502,90.780529,93.915228,94.075893,93.846237,93.823084,94.559543
Jamaica,JAM,97.0,96.0,96.0,90.0,98.0,5.96798849,6.09761,6.62580395,7.18521214,9.09005999625,16.77745247,16.43945885,14.74550629,13.07991982,30.760909453125,89.0,94.0,93.0,88.0,91.0,71.793,71.767,71.869,70.5,70.629,70.215691,70.101547,70.365338,67.874674,67.953693,79.648067,79.578964,79.625591,77.216714,77.600209
Japan,JPN,98.0,98.0,96.0,99.0,99.0,10.74,10.97,11.0,10.82,9.1801199925,12.99,12.9,11.94,12.03,30.373345831250003,97.0,96.0,98.0,95.0,98.0,84.21097561,84.35634146,84.56,84.44560976,83.99634146,89.481442,89.609494,89.722458,90.654491,89.99677,94.461402,94.509585,94.567248,94.973999,94.832667
Jordan,JOR,96.0,89.0,77.0,77.0,77.0,6.98295021,6.99518251,7.03820276,7.28875065,9.27017998875,35.31651306,36.00538254,37.53126144,37.45389557,29.985782209375003,92.0,87.0,76.0,76.0,76.0,75.774,76.044,75.184,74.256,74.215,80.551531,80.940117,79.485314,77.987393,77.973239,87.598409,88.012181,87.223253,86.027929,85.906457
Kazakhstan,KAZ,98.0,97.0,88.0,95.0,99.0,2.82,2.79,3.75,3.92,9.360239985,33.47,33.86,27.74,25.03,29.5982185875,99.0,99.0,93.0,97.0,99.0,73.15,73.18,71.37,70.23,74.44,64.162721,64.10782,59.54838,59.405472,60.094099,82.399135,82.859827,80.36432,78.941192,78.791196
Kenya,KEN,92.0,91.0,89.0,91.0,90.0,4.09903383,4.36874676,4.47622252,4.54763126,9.45029998125,23.36505699,24.29976273,23.16709137,22.76805115,29.210654965625004,89.0,89.0,88.0,89.0,90.0,62.676,62.943,62.675,61.427,62.055,48.201523,49.040545,48.243702,44.765365,45.994789,59.527872,59.627453,59.014373,57.175653,58.286694
Kiribati,KIR,95.0,97.0,92.0,90.0,91.0,12.97,12.59,16.99,14.81,9.5403599775,0.59,0.63,0.69,0.67,28.82309134375,84.0,94.0,82.0,80.0,85.0,66.855,67.15,67.266,67.417,67.661,64.5124,65.077249,65.04991,65.395002,65.748179,72.079298,72.52102,72.80772,72.938889,73.439019
"Korea, Dem. People's Rep.",PRK,97.0,97.0,97.0,41.0,0.0,10.23059903,10.382397575,12.66988575,12.070727615,9.63041997375,16.822183534999997,16.120615425,14.838709564999998,14.884411774999998,28.435527721875,98.0,98.0,99.0,42.0,0.0,73.031,73.198,73.274,73.284,73.578,72.880655,73.250809,73.367067,73.263939,74.122219,82.859313,82.919136,82.921321,82.913996,83.597054
"Korea, Rep.",KOR,98.0,98.0,98.0,98.0,98.0,7.49119806,8.17479515,8.3497715,9.33145523,9.72047997,33.05436707,31.61123085,28.98741913,29.09882355,28.0479641,98.0,98.0,98.0,98.0,97.0,82.62682927,83.22682927,83.42682927,83.52682927,82.6804878,89.349427,89.951707,88.866221,89.327938,89.913902,95.800608,96.011854,95.210133,95.427823,96.040992
Kosovo,XKX,94.5,95.0,95.5,96.0,97.0,6.339912175,6.76719117,7.348691465,7.556331395,9.51498179090909,21.850701335,21.165898325,19.318501475,19.20313454,26.447300425,98.0,97.5,96.5,96.0,98.0,78.696,79.022,76.567,76.806,79.524,83.510127,84.071935,80.962646,80.442749,84.555182,90.424864,90.775774,89.73974,89.302521,91.038439
Kuwait,KWT,91.0,92.0,93.0,94.0,96.0,5.18862629,5.35958719,6.34761143,5.78120756,9.309483611818182,10.6470356,10.7205658,9.64958382,9.30744553,24.84663675,98.0,97.0,95.0,94.0,99.0,79.722,79.685,76.92,78.673,80.264,88.627248,88.684894,84.37948,87.466759,89.433041,93.54713,93.558408,91.473712,92.841173,93.969016
Kyrgyz Republic,KGZ,94.0,95.0,87.0,89.0,90.0,5.01,4.49,5.26,5.44,9.103985432727272,46.62,46.18,45.91,40.66,23.245973075,96.0,96.0,92.0,93.0,94.0,71.4,71.6,71.8,71.9,72.04878049,63.368748,64.056602,60.263851,60.539918,61.427134,82.477384,83.515928,81.045367,81.848439,82.792184
Lao PDR,LAO,85.0,80.0,79.0,75.0,80.0,2.24630332,2.60312223,2.05965185,2.74392009,8.898487253636363,48.54592896,41.83228683,41.05822372,30.94367599,21.6453094,86.0,83.0,79.0,73.0,76.0,67.634,68.138,68.497,68.061,68.999,65.987403,66.612194,67.151944,66.277733,67.723665,74.018481,75.24254,75.797517,74.674924,76.490355
Latvia,LVA,96.0,99.0,99.0,94.0,95.0,6.19,6.61,7.25,9.04,8.692989074545455,39.34,35.23,32.09,26.99,20.044645725,98.0,99.0,99.0,97.0,96.0,74.78292683,75.38780488,75.18536585,72.9804878,74.5804878,68.450393,69.975224,70.574001,66.911154,70.696271,86.955877,87.396052,87.446812,85.461941,87.74441
Lebanon,LBN,83.0,83.0,71.0,67.0,67.0,8.07092381,8.6936779,7.57650805,10.06154442,8.487490895454545,35.30064774,30.71131897,30.31226349,34.71579361,18.44398205,82.0,82.0,74.0,67.0,67.0,79.729,79.236,77.804,75.047,74.416,87.121362,86.321664,83.85315,78.751893,77.598732,91.303351,90.889407,89.642735,86.089341,85.227192
Lesotho,LSO,87.0,87.0,87.0,87.0,87.0,11.114995,11.94662285,10.27927017,10.21370411,8.281992716363636,14.44407558,12.87801647,16.14388847,14.05314064,16.843318375000003,90.0,90.0,90.0,90.0,81.0,53.733,54.173,54.693,53.062,53.036,32.915626,33.975441,34.271025,29.953589,30.385943,43.979116,45.118613,45.723761,41.875328,42.174781
Liberia,LBR,80.0,70.0,65.0,66.0,78.0,10.35222721,8.42100334,16.96832657,16.6163311,8.076494537272726,45.58655167,54.42869186,26.26482391,24.67733574,15.2426547,74.0,68.0,61.0,58.0,79.0,60.853,61.104,60.948,60.747,61.1,54.078645,54.74247,53.39471,52.890384,53.817804,59.642318,59.692436,59.523842,58.421283,59.206489
Libya,LBY,73.0,73.0,73.0,73.0,73.0,9.078151473333332,7.944002226666667,13.805551046666666,13.684220733333332,7.870996358181818,40.89770111333333,47.04246124,27.06321594,26.50489049333333,13.641991025,73.0,73.0,73.0,73.0,73.0,72.794,72.463,72.472,71.911,72.151,71.122089,70.050697,70.980525,70.506989,70.691095,82.257135,81.985754,81.389087,79.810403,80.465739
Liechtenstein,LIE,82.5,82.5,82.0,81.5,81.5,7.804075736666666,7.467001113333334,10.642775523333334,10.752110366666669,7.665498179090909,36.20885055666667,39.65623062,27.86160797,28.332445246666666,12.04132735,82.5,83.0,81.5,80.5,80.0,83.04146341,84.16097561,81.65853659,84.40243902,84.3195122,90.760687,92.634605,91.570785,91.353015,93.001528,94.692695,94.905131,95.027743,94.749867,95.098314
Lithuania,LTU,92.0,92.0,91.0,90.0,90.0,6.53,6.99,7.48,7.82,7.46,31.52,32.27,28.66,30.16,10.440663675,92.0,93.0,90.0,88.0,87.0,75.6804878,76.28292683,74.97804878,74.03658537,75.79268293,69.367732,70.667598,67.891255,65.538032,66.8386,87.634943,88.332767,87.483636,86.297283,86.698307
Luxembourg,LUX,99.0,99.0,99.0,99.0,99.0,5.28,5.47,5.74,5.67,5.46,10.47,9.62,8.42,8.93,8.84,99.0,99.0,99.0,99.0,99.0,82.29512195,82.63902439,82.14390244,82.59756098,83.04634146,87.206486,87.502592,87.23671,89.04249,88.127378,92.818635,93.255556,92.949408,93.910827,93.449707
"Macao SAR, China",MAC,86.5,84.5,83.5,78.0,78.0,4.754234685,4.285646545,4.73158061,4.5872614,5.546451612903226,19.875042305,21.922340925,19.679207765,20.820789185,9.009032258064517,83.5,79.5,77.0,71.5,71.5,84.928,84.978,85.184,85.399,85.377,91.140804,91.149557,91.371859,91.622031,91.586824,95.736179,95.804602,95.905907,96.000462,96.064085
Madagascar,MDG,74.0,70.0,68.0,57.0,57.0,4.22846937,3.10129309,3.72316122,3.5045228,5.632903225806452,29.28008461,34.22468185,30.93841553,32.71157837,9.178064516129032,68.0,60.0,55.0,44.0,44.0,65.27,65.882,65.182,64.485,65.23,61.831959,62.625048,60.708496,59.070234,60.287815,69.999671,71.357414,70.030613,68.371788,69.604369
Malawi,MWI,92.0,95.0,94.0,93.0,86.0,6.87366676,7.15010023,7.0088768,7.41194487,5.719354838709678,12.8176527,12.19738483,15.79892921,14.1083765,9.347096774193547,87.0,92.0,90.0,90.0,82.0,63.276,64.119,63.717,62.904,62.898,47.953676,49.500583,48.408063,46.861151,47.02527,63.609755,65.720274,65.04574,62.926422,62.664211
Malaysia,MYS,99.0,98.0,98.0,95.0,97.0,3.75944281,3.83991051,4.08395433,4.38380671,5.805806451612903,36.64058304,36.0626564,34.24639893,32.08134842,9.516129032258064,98.0,97.0,95.0,96.0,96.0,75.644,75.76,75.938,74.884,76.26,76.333556,76.674146,77.039977,75.946103,77.499413,86.839952,86.923665,87.160413,86.159602,87.521042
Maldives,MDV,99.0,98.0,99.0,96.0,99.0,7.44,7.66,11.35,10.03,5.892258064516129,19.78,17.46,16.91,14.33,9.68516129032258,99.0,99.0,98.0,97.0,98.0,80.013,80.116,79.875,79.918,80.839,89.863281,90.016373,89.749723,90.35113,90.714592,92.275597,92.402573,92.624918,92.621436,92.880136
Mali,MLI,77.0,77.0,70.0,77.0,77.0,3.73249912,3.82943797,3.47597885,4.47341442,5.978709677419355,32.55354309,31.07923317,44.73706055,34.0938797,9.854193548387096,70.0,70.0,62.0,70.0,70.0,59.393,59.664,58.633,58.941,59.417,54.508719,55.066832,51.502597,51.747337,52.493854,60.993201,61.086274,58.314318,58.728888,59.556514
Malta,MLT,97.0,98.0,98.0,99.0,98.0,8.55,9.15,10.74,10.58,6.065161290322581,34.3,34.13,30.31,17.58957553,10.023225806451611,96.0,96.0,95.0,90.0,96.0,82.44878049,82.85853659,82.34878049,82.50731707,82.7,90.099803,90.624986,90.694331,91.825601,90.828976,94.396613,94.049269,94.977722,95.068522,94.029361
Marshall Islands,MHL,81.0,79.0,82.0,86.0,86.0,15.26284122,14.82552052,12.58777618,12.54863834,6.151612903225806,1.09066844,1.10943425,1.15782261,1.08527136,10.192258064516128,83.0,85.0,89.0,85.0,81.0,64.5,64.746,64.977,65.269,65.146,56.581035,57.045633,57.407953,57.937269,57.624001,64.923013,65.359114,65.841983,66.410234,66.220835
Mauritania,MRT,77.0,80.0,72.0,68.0,76.0,3.17838526,3.30148649,3.38773394,4.12218571,6.2380645161290325,48.84284592,44.83401108,43.45584488,33.09843445,10.361290322580643,78.0,75.0,70.0,63.0,72.0,65.31,65.687,64.532,64.364,64.691,63.320031,63.515295,60.823101,60.379627,60.878616,70.615465,71.719537,68.743822,67.931682,68.509011
Mauritius,MUS,97.0,96.0,93.0,92.0,95.0,5.63982916,6.02485895,6.48210192,6.39258909,6.324516129032258,48.1762085,45.6656723,42.04446793,42.90309906,10.530322580645162,99.0,99.0,89.0,87.0,98.0,74.41634146,74.23585366,74.17707317,73.6802439,73.51463415,72.606375,73.057055,71.192279,70.918184,71.550843,85.743785,86.01961,84.222373,83.519352,84.108343
Mexico,MEX,88.0,82.0,72.0,78.0,83.0,5.38345814,5.44796371,6.22204065,6.07868719,6.410967741935484,42.30939865,42.28219223,38.76134109,41.37071991,10.699354838709676,97.0,73.0,92.0,99.0,86.0,74.015,74.202,70.133,70.213,74.832,71.303555,71.382328,60.483609,59.745846,72.53396,83.475692,83.856661,77.587742,78.872782,84.656881
"Micronesia, Fed. Sts.",FSM,75.0,78.0,83.0,72.0,69.0,11.65710258,11.2604599,10.84531593,10.96059132,6.49741935483871,2.40970683,2.61459732,2.66157913,2.65168548,10.868387096774192,73.0,78.0,79.0,64.0,69.0,71.318,71.077,70.674,70.71,70.925,68.458499,67.444124,66.073868,66.135902,66.500507,83.050324,82.680314,81.893959,81.898898,82.223286
Moldova,MDA,93.0,91.0,86.0,87.0,88.0,6.71,6.5,7.0,7.75,6.583870967741936,40.09,35.69,30.93,29.42,11.03741935483871,93.0,97.0,84.0,83.0,84.0,70.492,70.935,70.166,68.846,68.621,59.47958,60.760954,58.69763,55.080469,54.4461,82.268004,83.00056,81.991034,79.864435,79.479099
Monaco,MCO,99.0,99.0,99.0,99.0,99.0,4.03953457,3.87725186,4.27983093,3.68486166,6.670322580645162,6.41733551,6.65210962,5.99248505,6.87627172,11.206451612903226,88.0,88.0,88.0,88.0,88.0,70.8455,71.3785,71.15350000000001,69.9105,70.644,94.174745,94.399089,94.688532,94.653047,94.630736,96.619294,96.517355,96.561285,96.243471,96.676574
Mongolia,MNG,99.0,98.0,96.0,95.0,95.0,4.53449297,4.49497843,4.6662488,6.911304,6.756774193548387,44.00128555,43.1747551,43.4403038,33.53443527,11.37548387096774,99.0,98.0,97.0,95.0,94.0,71.199,71.822,72.141,70.975,72.667,60.612683,61.65052,62.244523,60.409294,63.13582,82.453425,83.579089,84.1048,82.577649,84.655255
Montenegro,MNE,86.0,85.0,84.0,83.0,80.0,8.34,8.33,11.42,10.55,6.843225806451613,39.61,38.56,36.55,38.08,11.544516129032258,42.0,33.0,24.0,18.0,33.0,76.84146341,76.68292683,75.93170732,73.82439024,76.18780488,78.970029,78.324834,76.961813,76.740548,77.665758,88.717789,89.042931,88.273418,88.728308,89.220937
Morocco,MAR,99.0,99.0,99.0,99.0,99.0,4.94516659,4.99129868,5.83834505,5.73834944,6.929677419354839,46.98527527,46.1103363,43.6934967,44.75625992,11.713548387096774,99.0,99.0,99.0,99.0,99.0,73.986,74.27,73.92,74.042,74.973,77.493431,77.907039,76.947605,77.28536,78.980988,84.744479,85.271585,85.027408,85.084479,86.228285
Mozambique,MOZ,88.0,88.0,79.0,61.0,61.0,8.0889616,7.95272589,7.56957626,9.05218315,7.016129032258065,9.49615574,9.52183342,10.08967018,8.87722778,11.88258064516129,87.0,87.0,81.0,84.0,84.0,60.526,61.166,61.172,59.325,59.625,48.932735,50.224484,48.720691,43.266913,44.559126,62.462144,63.977475,64.113533,59.642884,60.527989
Myanmar,MMR,91.0,90.0,84.0,37.0,71.0,4.9,4.71,4.62,5.63,7.102580645161291,76.45,79.52,79.18,70.25,12.051612903225806,93.0,84.0,91.0,44.0,75.0,66.465,66.61,66.797,65.672,67.256,60.456527,60.710682,60.876105,57.931353,61.74155,74.180631,74.328195,74.50012,72.57704,75.406303
Namibia,NAM,89.0,87.0,93.0,94.0,84.0,8.31648731,8.43033981,8.90162563,9.38092136,7.1890322580645165,8.06900978,7.90873432,7.36702299,7.71578646,12.220645161290324,82.0,80.0,90.0,91.0,91.0,62.586,63.075,62.829,59.269,58.059,45.462356,46.569864,45.280607,36.741778,34.105225,61.006265,61.830251,62.071638,55.067153,52.423459
Nauru,NRU,90.0,96.0,95.0,98.0,98.0,11.10239792,11.55542469,12.68183994,13.06414223,7.275483870967742,0.74564779,0.80313951,0.70856237,0.67908335,12.38967741935484,99.0,95.0,98.0,98.0,98.0,63.234,63.484,63.437,63.617,64.014,46.676465,46.95829,46.558505,47.37689,47.860091,65.173259,65.762821,65.693632,65.618396,66.718407
Nepal,NPL,91.0,93.0,84.0,91.0,90.0,4.53,4.45,5.21,5.42,7.361935483870968,57.73,57.91,54.17,51.26,12.558709677419357,91.0,92.0,87.0,90.0,90.0,68.979,69.558,69.246,68.45,70.484,67.537128,68.620688,67.522902,65.698866,70.069591,75.331544,76.558992,76.153157,74.472202,78.179179
Netherlands,NLD,93.0,94.0,94.0,95.0,93.0,10.02,10.14,11.21,11.29,7.448387096774194,10.79,10.42,9.29,9.38,12.72774193548387,93.0,94.0,94.0,93.0,89.0,81.81219512,82.11219512,81.35853659,81.3097561,81.71463415,89.196789,89.6036,89.796875,89.763312,90.091467,91.981118,92.255696,92.764473,92.50671,92.463589
New Caledonia,NCL,93.0,93.0,93.0,92.5,91.0,9.5275581,9.816551035,10.641026955,10.66929199,7.53483870967742,11.851391335,11.3050222,10.35123398,10.5233292,12.896774193548389,92.5,93.0,92.5,92.0,89.5,80.00309756,80.41970732,80.83495122,79.12734146,80.98207317,81.194009,81.828068,82.456367,80.307508,82.765343,90.408652,90.817213,91.209737,89.643593,91.10532
New Zealand,NZL,93.0,92.0,92.0,90.0,89.0,9.0351162,9.49310207,10.07205391,10.04858398,7.621290322580645,12.91278267,12.1900444,11.41246796,11.6666584,13.065806451612904,92.0,92.0,91.0,91.0,90.0,81.70731707,82.05609756,82.25609756,82.20731707,82.76097561,87.771663,87.830913,88.067662,87.015552,88.651867,91.778501,91.838501,92.026803,91.611085,92.345759
Nicaragua,NIC,98.0,98.0,92.0,87.0,92.0,8.4993515,8.56945896,8.65219975,9.68343163,7.707741935483871,33.15946198,33.21761322,32.27201843,30.81681633,13.23483870967742,99.0,99.0,97.0,83.0,93.0,73.85,74.054,71.795,73.837,74.615,73.133532,73.210976,68.502255,72.701144,74.237346,83.912572,84.281974,81.440428,83.814803,85.129081
Niger,NER,79.0,81.0,81.0,82.0,84.0,5.30310822,5.66642094,6.17012262,5.81452751,7.794193548387097,48.96118927,46.09529114,43.54859924,42.52769852,13.403870967741936,77.0,79.0,79.0,80.0,65.0,62.454,62.897,61.451,61.576,62.08,60.612578,60.923646,56.68926,56.379936,57.060483,65.37633,66.459091,62.702188,63.096146,64.085658
Nigeria,NGA,61.0,66.0,62.0,62.0,62.0,3.09069347,2.98547053,3.38063431,4.07625723,7.880645161290323,75.94579315,71.49702454,74.67578125,76.24337006,13.572903225806453,56.0,58.0,60.0,60.0,60.0,52.554,52.91,52.887,52.676,53.633,44.700988,45.121036,44.052693,43.309647,46.041738,46.019223,46.597907,46.463394,45.564292,47.754808
North Macedonia,MKD,92.0,92.0,84.0,81.0,84.0,6.46,7.07,7.73,8.52,7.967096774193549,41.23,39.09,38.87,41.74,13.741935483870968,75.0,75.0,63.0,70.0,71.0,76.64878049,76.60243902,74.39512195,73.24634146,74.42487805,82.981678,83.339785,79.668451,76.717225,76.873377,90.500001,90.490635,88.658028,86.529696,86.536871
Northern Mariana Islands,MNP,94.0,94.5,90.5,89.0,90.5,8.21,8.754999999999999,9.575,9.3,8.053548387096775,27.6,26.505000000000003,26.33,27.795,13.910967741935483,85.5,86.0,80.0,83.5,83.5,79.70365853999999,79.780487805,78.80243902500001,78.204878045,78.49292683,82.546846,82.749126,82.784827,82.643554,83.372776,87.494978,87.788823,87.857475,87.725398,88.336566
Norway,NOR,96.0,97.0,97.0,97.0,97.0,9.96,10.44,11.42,10.08,8.14,13.97,13.92,13.79,13.85,14.08,96.0,97.0,97.0,97.0,96.0,82.75853659,82.95853659,83.2097561,83.16341463,82.56097561,90.021364,90.132612,90.598849,91.091217,90.834416,93.469671,93.718548,93.846527,94.24074,93.993172
Oman,OMN,99.0,99.0,99.0,99.0,99.0,3.21469474,3.80648994,5.25332022,4.37028217,7.760000000000001,6.4967432,5.9613471,5.20750284,6.13263321,18.06375,99.0,99.0,99.0,99.0,97.0,77.966,78.002,74.757,72.541,73.935,85.879744,85.886413,81.215534,76.511666,79.286243,90.161213,90.236988,86.545539,83.146838,85.36559
Pakistan,PAK,80.0,84.0,80.0,83.0,85.0,2.82844949,2.84736943,2.95273018,2.91131568,7.380000000000001,56.43142319,56.28123093,55.44096375,57.49644852,22.0475,79.0,81.0,83.0,81.0,82.0,66.482,66.756,66.269,66.098,66.431,64.285371,64.940736,63.054715,62.574189,63.396418,74.319961,74.450533,73.764099,73.14093,73.755113
Palau,PLW,95.0,97.0,96.0,95.0,94.0,12.85856915,13.40278435,14.34041405,16.38419533,7.0,14.40215683,13.51921749,14.99951267,14.98088646,26.03125,90.0,97.0,93.0,93.0,96.0,72.1725,72.283,71.463,71.1605,71.6285,50.250197,50.688717,51.367308,52.362783,51.699674,66.667456,68.047646,69.77721,71.77862,69.113918
Panama,PAN,88.0,88.0,74.0,87.0,87.0,7.87820292,8.46795654,10.8049345,9.68179989,6.62,35.70438766,37.61917496,39.5986557,37.33168793,30.015,98.0,97.0,80.0,92.0,92.0,77.863,77.81,76.657,76.223,76.826,78.445239,77.675039,76.593285,76.058511,77.087017,87.451501,86.981138,86.273978,85.866801,86.460689
Papua New Guinea,PNG,35.0,35.0,39.0,31.0,36.0,2.30051899,2.3253386,2.30193973,2.32032132,6.24,9.59954548,9.52710056,10.4240942,10.35447788,33.99875,37.0,37.0,47.0,38.0,44.0,65.182,65.474,65.787,65.351,65.958,58.32391,58.357812,59.275298,57.706962,59.08303,70.698306,71.74763,71.891707,70.820144,72.584369
Paraguay,PRY,88.0,86.0,79.0,70.0,69.0,6.74497652,7.16081905,7.67533064,8.03277016,5.859999999999999,43.87631607,41.96775436,37.87582779,35.93767929,37.9825,93.0,87.0,80.0,68.0,54.0,73.568,73.621,73.182,70.262,70.475,71.897105,71.899306,70.007685,64.864713,65.4633,81.929564,82.131791,80.868378,77.567,77.960041
Peru,PER,88.0,88.0,72.0,82.0,82.0,5.15967131,5.17916393,6.28521156,6.15173197,5.48,29.40898895,28.13241577,22.76672554,27.21529961,41.96625,86.0,85.0,77.0,78.0,74.0,76.009,76.156,73.665,72.377,73.385,79.093208,79.538742,71.673491,69.475496,72.66549,86.340776,86.389888,83.084015,78.503885,80.468493
Philippines,PHL,75.0,71.0,71.0,57.0,72.0,3.95,4.17,5.16,5.87,5.1,50.44,48.79,44.56,44.61,45.95,77.0,75.0,72.0,57.0,69.0,71.689,71.865,72.119,69.266,72.187,73.279214,73.606736,74.097411,67.509029,74.008519,80.741955,81.052182,81.47604,77.230674,81.715031
Poland,POL,95.0,95.0,90.0,90.0,90.0,6.31,6.46,6.5,6.44,6.68,20.79,20.44,20.03,20.31,45.95,93.0,93.0,80.0,71.0,71.0,77.60243902,77.90487805,76.5,75.50243902,77.30487805,75.751027,76.207624,75.895016,76.127479,76.620058,89.537207,89.785609,89.940198,89.671039,89.781126
Portugal,PRT,99.0,99.0,99.0,99.0,99.0,9.41,9.51,10.55,11.14,10.62,29.92,30.61,28.02,28.99,45.95,99.0,99.0,99.0,98.0,98.0,81.32439024,81.67560976,80.97560976,81.37804878,81.5804878,84.260552,84.751417,83.850969,84.078117,85.625247,93.133447,93.141751,93.097006,92.877598,93.643273
Puerto Rico,PRI,98.5,98.5,94.0,98.5,98.5,6.185881095,6.356392984999999,7.184361005,7.016834205,10.515882352941176,18.32903143,18.61494034,16.959297905,17.77380001,45.95,99.0,99.0,94.5,98.5,98.5,79.77,79.063,78.041,80.162,79.72,78.088918,77.394538,75.615779,78.207448,77.63825,91.170157,90.650181,88.953491,89.894212,90.748919
Qatar,QAT,98.0,98.0,89.0,98.0,98.0,2.96176219,3.20278597,3.81872201,2.89366841,10.411764705882351,6.73806286,6.61988068,5.89859581,6.55760002,45.95,99.0,99.0,90.0,99.0,99.0,80.898,80.99,79.099,79.272,81.559,91.134369,91.103228,89.431759,89.400508,91.71742,93.010695,93.083403,91.554088,91.376747,93.56146
Romania,ROU,86.0,88.0,87.0,86.0,85.0,5.52,5.71,6.23,6.48,10.307647058823528,19.46,18.88,19.03,20.94,45.95,90.0,90.0,87.0,86.0,83.0,75.35853659,75.60731707,74.25365854,72.8097561,75.30487805,73.457459,74.448066,72.848744,71.621599,71.814563,89.116916,89.507445,89.047054,87.195469,86.859445
Russian Federation,RUS,97.0,97.0,97.0,97.0,97.0,5.36,5.65,7.57,7.39,10.203529411764706,38.31,36.57,26.43,27.22,45.95,98.0,98.0,97.0,97.0,97.0,72.66219512,73.08390244,71.33878049,69.9002439,72.54560976,63.566095,64.816353,59.477717,53.849123,55.001426,86.560559,87.156315,81.733826,79.942128,81.858171
Rwanda,RWA,97.0,98.0,91.0,88.0,98.0,6.69894743,6.34386826,7.47530079,7.32305002,10.09941176470588,11.8659668,12.1073637,10.27080822,10.13342953,45.95,99.0,96.0,94.0,87.0,96.0,66.251,66.437,66.774,66.072,67.129,59.838837,60.080768,60.363683,58.966639,61.199241,69.722837,70.042034,71.09718,69.210168,71.350829
Samoa,WSM,44.0,68.0,89.0,85.0,76.0,4.77439356,5.63886738,6.18895578,6.80313492,9.995294117647058,12.98148251,11.17468166,10.83402157,11.1886692,45.95,40.0,96.0,66.0,62.0,82.0,72.636,72.157,72.768,72.767,72.598,72.600499,71.691269,72.748103,72.769987,72.480056,82.421448,81.495747,82.552332,82.615929,82.44981
San Marino,SMR,90.0,88.0,89.0,90.0,92.0,8.2778492,8.14801598,8.48147392,7.97527838,9.891176470588237,11.11235237,11.22083473,10.25551033,11.85579014,45.95,89.0,86.0,90.0,89.0,91.0,70.49549999999999,70.34,70.2765,70.179,70.696,92.053963,92.047891,84.837314,86.691369,92.538836,94.393129,94.388979,91.656546,92.715488,94.659276
Sao Tome and Principe,STP,95.0,95.0,96.0,97.0,97.0,5.50957823,5.29584646,7.30042553,7.82528496,9.787058823529412,15.81694221,16.99124527,11.84764099,11.65572834,45.95,95.0,95.0,86.0,77.0,77.0,68.355,68.523,67.785,67.591,68.794,60.806094,61.048201,59.201799,59.316284,61.478366,73.91515,74.08204,72.667195,71.685682,74.624044
Saudi Arabia,SAU,96.0,96.0,95.0,97.0,98.0,5.34063101,5.46742678,6.64629889,5.96836901,9.682941176470589,15.89835358,11.40407372,10.08158016,10.15629482,45.95,98.0,95.0,96.0,98.0,98.0,77.212,77.304,76.239,76.936,77.905,83.257354,83.420512,81.63294,82.903805,84.329583,87.153359,86.973024,85.652908,86.638743,87.781626
Senegal,SEN,92.0,95.0,91.0,85.0,88.0,4.43182087,4.49531031,5.15119171,4.35098124,9.578823529411764,48.3353653,48.74660873,41.57304764,47.31245041,45.95,86.0,89.0,88.0,87.0,80.0,68.097,68.526,68.006,67.093,67.913,66.334871,66.531863,65.243694,63.108991,64.354516,76.491192,77.729079,76.227589,73.959123,75.450748
Serbia,SRB,96.0,97.0,92.0,91.0,92.0,8.53168106,8.66552734,8.70042133,10.0125246,9.47470588235294,38.31095886,37.05567169,36.04281998,35.76107025,45.95,92.0,87.0,78.0,75.0,81.0,75.8902439,75.93658537,74.47804878,72.7804878,75.48219512,78.186922,78.539713,76.1482,74.797238,74.919975,88.958236,89.436199,88.842235,87.581267,87.328962
Seychelles,SYC,99.0,99.0,97.0,94.0,97.0,4.94443846,4.77020788,6.54135609,5.25937986,9.370588235294118,24.62061691,24.68238068,20.23866653,21.97709084,45.95,96.0,99.0,97.0,94.0,98.0,72.84146341,74.04634146,77.23658537,73.39756098,73.84878049,70.968383,71.275387,71.164735,67.393285,67.967198,85.765199,86.130994,84.331056,81.972682,82.606697
Sierra Leone,SLE,93.0,95.0,91.0,92.0,91.0,8.28987598,9.12992668,9.32588673,8.55334282,9.266470588235292,60.98888779,52.88983917,52.34044266,51.40983582,45.95,87.0,93.0,87.0,87.0,90.0,59.796,60.255,59.763,60.062,60.411,55.619307,56.437353,54.325219,54.881329,55.454418,61.447935,61.940706,60.411018,60.542056,61.08649
Singapore,SGP,97.0,97.0,98.0,98.0,97.0,4.07545424,4.39938164,5.71281767,5.56525183,9.16235294117647,29.07070541,28.43709755,24.42372894,22.49976158,45.95,97.0,96.0,97.0,96.0,96.0,83.29756098,83.59512195,83.54390244,83.09268293,82.89512195,89.710777,90.054775,90.299722,90.71156,90.448711,94.170743,94.381415,94.318412,94.486041,94.598562
Sint Maarten (Dutch part),SXM,96.5,97.0,97.5,97.5,97.0,5.37272712,5.65969082,6.421408834999999,6.657625915000001,9.058235294117647,23.990352705,23.798548775,21.58686447,20.94988079,45.95,96.5,96.0,96.5,95.5,95.5,75.131,75.437,74.584,73.972,74.409,78.363935,78.465946,77.383759,76.587449,77.373108,87.547018,88.363148,87.300075,85.545662,86.239562
Slovak Republic,SVK,96.0,97.0,97.0,97.0,97.0,6.67,6.92,7.13,7.75,8.954117647058823,18.91,19.16,18.75,19.4,45.95,96.0,96.0,96.0,95.0,95.0,77.26585366,77.66585366,76.86585366,74.61463415,77.06585366,76.826998,77.519333,77.672763,73.399213,74.054385,89.411317,89.687556,89.679841,87.417731,87.802014
Slovenia,SVN,93.0,95.0,95.0,86.0,89.0,8.28,8.5,9.43,9.48,8.85,11.98,11.66,12.47,12.9,45.95,93.0,94.0,94.0,95.0,96.0,81.37804878,81.52926829,80.53170732,80.67560976,81.28292683,86.249455,86.948799,85.894358,85.572083,87.52857,93.674477,93.853374,93.354115,93.290713,94.081827
Solomon Islands,SLB,85.0,94.0,94.0,87.0,89.0,3.77378345,4.32405567,4.79699087,4.76345396,8.99,3.70020819,3.68255544,3.4970479,3.63947797,45.95,93.0,81.0,81.0,67.0,90.0,70.173,70.382,70.199,70.348,70.742,70.177558,70.666338,70.190194,70.529041,71.129648,76.757944,77.042495,76.907755,77.010612,77.809624
Somalia,SOM,42.0,42.0,42.0,42.0,42.0,5.93099344,6.284122465,6.68478942,6.51827264,9.13,4.76818228,4.7054168,4.442337035,4.573107125,45.95,46.0,46.0,46.0,46.0,46.0,56.375,57.078,55.967,55.28,56.107,48.67513,50.06342,45.982384,43.654134,44.86185,57.021465,57.857854,54.943012,52.900575,54.112813
South Africa,ZAF,82.0,85.0,84.0,86.0,85.0,8.08820343,8.24418926,8.57258797,8.27309132,9.27,5.83615637,5.72827816,5.38762617,5.50673628,45.95,81.0,83.0,84.0,87.0,86.0,65.674,66.175,65.252,62.341,61.48,51.826009,53.687107,51.766718,46.18486,44.233683,65.967121,66.977835,64.147429,58.858036,57.223982
South Sudan,SSD,59.0,61.0,67.0,69.0,73.0,10.05615997,9.03740788,9.44806385,5.86061621,9.41,25.75857735,42.32470322,39.66345978,27.40943527,45.95,61.0,65.0,69.0,74.0,72.0,55.95,55.912,55.48,54.975,55.567,47.406233,47.384276,45.890264,44.759654,45.64502,53.483942,53.388182,52.625195,51.477459,52.328355
Spain,ESP,96.0,95.0,94.0,92.0,93.0,8.99686718,9.1456852,10.74565983,10.74003887,9.55,22.24442673,21.83183861,19.72846413,20.99674988,45.95,98.0,98.0,96.0,95.0,96.0,83.43170732,83.83170732,82.33170732,83.22926829,83.08292683,87.996089,88.415084,87.547557,87.819924,88.88725,93.974388,94.085324,93.643215,93.794146,94.564687
Sri Lanka,LKA,99.0,99.0,96.0,96.0,98.0,3.64,3.9,4.02,4.07,9.69,46.82,45.51,43.76,43.64,45.95,99.0,99.0,96.0,97.0,99.0,75.748,76.008,76.393,76.399,76.61,75.58353,76.071946,76.788789,78.278397,77.108228,88.557164,88.830712,89.236205,88.918591,89.380769
St. Kitts and Nevis,KNA,98.0,97.0,99.0,96.0,96.0,4.89200258,5.18704271,5.65951824,6.1634655,9.83,49.38157272,46.36796951,42.20227051,38.84815598,45.95,96.0,97.0,95.0,96.0,95.0,71.467,71.572,71.627,71.682,72.027,65.97598,66.127238,66.156956,66.165127,66.911811,81.993543,82.115978,82.183409,82.262958,82.803131
St. Lucia,LCA,95.0,92.0,86.0,80.0,81.0,4.18686533,4.19073772,6.79121685,6.2111187,9.97,46.11191177,42.85055542,35.66007996,37.22053146,45.95,86.0,96.0,89.0,77.0,81.0,73.357,73.445,73.416,71.111,71.294,71.646837,71.730902,71.602811,67.13834,67.482904,85.450837,85.52541,85.515323,82.044698,82.396729
St. Martin (French part),MAF,96.0,94.5,91.5,86.0,86.5,4.22016382,4.223086115,5.815400125,5.7868199350000005,10.11,38.361224175,35.470228195,31.27989769,31.70691967,45.95,92.5,97.5,94.0,86.5,88.5,80.614,79.983,80.149,80.379,80.55,86.350766,85.858025,86.076724,86.420135,86.700414,93.772347,92.929821,93.068768,93.238753,93.264155
St. Vincent and the Grenadines,VCT,97.0,97.0,97.0,92.0,92.0,4.25346231,4.25543451,4.8395834,5.36252117,10.25,30.61053658,28.08990097,26.89971542,26.19330788,45.95,99.0,99.0,99.0,96.0,96.0,74.128,72.835,72.126,69.629,68.972,72.026317,69.605111,68.335985,63.170094,61.648655,81.647309,79.74846,78.864938,74.393414,73.154657
Sudan,SDN,93.0,93.0,90.0,84.0,84.0,4.46358299,4.57422638,3.01518917,2.83633852,10.39,66.95339966,67.37359619,52.96360779,56.85788345,45.95,88.0,90.0,86.0,81.0,81.0,65.681,65.876,65.614,65.267,65.578,62.310761,62.641483,61.760516,60.906593,61.400028,71.839712,72.035443,71.687868,70.949612,71.435972
Suriname,SUR,81.0,77.0,51.0,72.0,77.0,6.68795872,8.70230103,6.84054422,5.6838975,10.53,18.42653656,17.35204697,21.10627174,24.83084297,45.95,77.0,64.0,45.0,58.0,74.0,72.553,72.242,72.561,70.274,70.289,67.010529,66.266162,66.890552,63.27246,63.179043,79.221108,78.828563,79.240303,76.400107,76.314639
Sweden,SWE,97.0,98.0,97.0,98.0,94.0,10.94,10.83,11.33,11.25,10.67,13.96,13.71,12.83,13.08,45.95,97.0,97.0,97.0,97.0,92.0,82.55853659,83.1097561,82.35609756,83.05609756,83.1097561,89.9381,90.56354,90.047059,90.137552,91.077619,93.446706,93.636601,93.802506,93.958866,94.066636
Switzerland,CHE,96.0,96.0,96.0,96.0,96.0,10.77226162,11.06363678,11.73206806,11.80107975,10.707474954444445,23.74767685,23.77205276,22.89645958,22.70652771,45.95,95.0,95.0,97.0,95.0,96.0,83.75365854,83.90487805,83.0,83.75121951,83.45365854,90.383733,90.810427,90.379346,91.053141,91.311092,93.937881,94.329486,94.311598,94.705835,94.588086
Syrian Arab Republic,SYR,47.0,54.0,49.0,48.0,46.0,8.89113081,9.00681839,9.95603403,9.905539875,10.74494990888889,46.083838425,47.49602638,44.02822979,43.123263855000005,45.95,63.0,65.0,59.0,59.0,41.0,70.145,71.822,72.14,72.063,72.3,64.315206,69.617048,71.033024,71.417733,70.370389,83.091188,83.953894,83.808298,83.357266,84.601201
Tajikistan,TJK,96.0,97.0,97.0,97.0,97.0,7.01,6.95,8.18,8.01,10.782424863333333,68.42,71.22,65.16,63.54,45.95,98.0,98.0,98.0,97.0,98.0,70.353,70.867,67.994,71.594,71.288,69.646403,70.822878,64.529015,72.126691,71.003837,78.967045,79.631491,74.66578,80.6312,80.325862
Tanzania,TZA,89.0,89.0,86.0,81.0,88.0,4.16191673,3.88136053,2.93978429,3.36136484,10.819899817777776,20.83638191,21.91405106,29.17262459,25.56492043,45.95,88.0,88.0,84.0,77.0,86.0,66.535,66.989,66.408,66.201,66.782,62.122288,62.99026,61.462734,60.908971,61.858196,69.614883,70.552882,69.406937,68.842383,69.87761
Thailand,THA,97.0,97.0,97.0,97.0,97.0,3.87040329,3.78911877,4.35728741,5.16038752,10.857374772222222,10.11109638,8.66959763,10.54276752,9.04455376,45.95,96.0,96.0,96.0,96.0,96.0,78.662,78.975,79.274,78.715,79.68,74.41458,74.906925,75.418723,75.628596,76.239345,88.305081,88.58018,88.840513,88.802697,89.087685
Timor-Leste,TLS,83.0,90.0,86.0,86.0,86.0,6.36952639,6.02679253,9.96385956,11.43839264,10.894849726666669,10.1566391,10.48366928,6.68425894,5.89094496,45.95,77.0,85.0,79.0,79.0,79.0,68.017,68.268,68.475,67.737,69.056,67.14021,67.59123,67.673493,66.026554,68.725182,74.087229,74.513294,75.026269,73.591564,75.841025
Togo,TGO,81.0,84.0,82.0,83.0,82.0,6.08894634,5.726192,6.03786469,5.55532026,10.93232468111111,64.66403961,66.20977783,64.32513428,69.00460052,45.95,71.0,75.0,69.0,70.0,71.0,60.244,60.901,61.035,61.619,61.588,55.890671,56.811717,56.936143,57.622841,57.788374,59.08576,60.537427,60.671747,62.146631,61.814602
Tonga,TON,99.0,99.0,99.0,99.0,99.0,4.80628061,4.75078154,5.33435154,6.27256584,10.969799635555557,5.64390707,5.39891624,4.64230347,4.24110317,45.95,99.0,99.0,99.0,99.0,99.0,70.779,70.871,70.928,70.986,71.27,66.050633,66.275225,66.398672,66.632787,66.889735,77.287036,77.326593,77.321973,77.356139,78.091906
Trinidad and Tobago,TTO,99.0,93.0,96.0,94.0,93.0,6.5323596,6.83128405,7.53854179,7.0194726,11.00727459,44.8896904,46.91285706,47.08342743,45.96759033,45.95,90.0,99.0,91.0,93.0,92.0,73.802,74.228,74.406,72.971,74.708,69.689587,70.583245,71.086429,68.98339,71.631935,81.860478,82.243564,82.560554,80.825909,82.999272
Tunisia,TUN,97.0,98.0,97.0,97.0,97.0,5.9375186,6.02461243,7.05024958,6.97273922,11.044749544444445,41.91517639,35.57650757,33.4330864,33.74076843,45.95,96.0,98.0,98.0,95.0,95.0,75.95,75.993,75.292,73.772,74.263,78.735812,78.844821,77.469492,74.967361,76.150226,88.533276,88.607225,88.662234,86.027062,86.405285
Turkiye,TUR,98.0,99.0,98.0,95.0,99.0,4.12,4.37,4.62,4.57,11.08222449888889,17.49,17.05,16.43,16.27,45.95,96.0,97.0,95.0,96.0,95.0,77.563,77.832,75.85,76.032,78.475,80.214368,80.753156,77.341432,78.002091,81.759683,90.757944,91.051727,89.282232,89.281071,91.568411
Turkmenistan,TKM,99.0,99.0,98.0,97.0,98.0,5.69395018,5.68183947,5.68472815,5.56931353,11.119699453333332,76.8390274,77.00280762,76.96367645,78.55862427,45.95,99.0,99.0,98.0,97.0,98.0,68.796,69.002,68.687,69.264,69.41,63.244945,63.529577,63.064893,64.255147,64.07508,78.86035,79.297771,78.485033,79.501657,79.888444
Turks and Caicos Islands,TCA,94.0,95.5,96.5,95.5,94.5,12.167314295,14.047556165,12.27306724,12.767567875,11.157174407777775,38.598721905000005,38.65206966,38.67688465,39.456705525,45.95,93.5,97.5,95.5,95.0,94.0,76.443,75.326,75.001,74.587,74.925,79.648954,78.210672,77.58671,76.712264,77.37173,87.880248,87.3725,87.134827,86.444141,86.848852
Tuvalu,TUV,89.0,92.0,95.0,94.0,91.0,18.64067841,22.41327286,18.86140633,19.96582222,11.194649362222222,0.35841641,0.3013317,0.39009285,0.35478678,45.95,88.0,96.0,93.0,93.0,90.0,64.212,64.278,64.382,64.547,64.854,48.749148,48.671358,48.74086,48.989514,49.720445,68.985995,69.134155,69.293966,69.503469,70.116724
Uganda,UGA,93.0,93.0,89.0,91.0,89.0,4.02080536,3.79834843,4.30198574,4.67196703,11.232124316666669,35.62893295,38.26028442,34.00273132,31.25317955,45.95,86.0,87.0,89.0,90.0,90.0,62.714,62.991,62.851,62.705,63.638,52.951116,53.39508,52.683745,51.663767,54.463454,63.811933,64.337804,64.012673,63.99612,65.623891
Ukraine,UKR,69.0,80.0,81.0,78.0,73.0,7.52,7.09,7.56,8.01,11.26959927111111,50.66,51.12,47.86,46.33,45.95,91.0,93.0,85.0,88.0,74.0,71.58268293,71.82731707,71.18512195,69.64780488,68.58792683,65.98294,66.567799,62.966954,60.084483,52.302831,88.158823,88.478151,84.845894,83.76859,79.572532
United Arab Emirates,ARE,99.0,99.0,90.0,96.0,96.0,4.09854221,4.38618946,5.82477045,5.30695152,11.307074225555557,12.69611263,12.75102711,11.21054459,10.43673134,45.95,99.0,99.0,99.0,99.0,98.0,79.627,79.726,78.946,78.71,79.196,87.594783,87.806343,87.289418,87.185161,87.710539,91.929217,92.063898,91.452671,91.392679,91.819945
United Kingdom,GBR,94.0,93.0,93.0,93.0,92.0,9.73079777,9.95761967,12.15863419,12.36469936,11.34454918,16.46084976,16.61176109,13.5569973,13.51221371,45.95,92.0,91.0,91.0,91.0,90.0,81.25609756,81.40487805,80.35121951,80.7,82.05853659,86.639493,87.25462,85.250719,84.929711,88.073559,91.210897,91.49701,90.626618,90.387879,92.047562
United States,USA,94.0,94.0,93.0,94.0,94.0,16.62964439,16.66580582,18.75621986,17.3625679,16.57115173,11.32823181,11.30830574,9.93104649,10.70016861,45.95,92.0,90.0,91.0,92.0,92.0,78.63902439,78.78780488,76.9804878,76.32926829,77.43414634,79.931689,79.977234,77.113673,75.383496,77.585606,87.735705,87.799779,86.450152,85.23758,86.438982
Uruguay,URY,91.0,94.0,92.0,91.0,94.0,9.01452351,9.39027691,9.13688469,9.3592062,16.57115173,16.24662781,15.46145821,16.79532814,15.43746567,45.95,97.0,96.0,95.0,93.0,96.0,77.611,77.508,78.43,75.436,78.0,77.770208,77.616203,78.987008,73.970714,78.366944,87.483287,87.673209,87.957571,85.258751,87.887997
Uzbekistan,UZB,98.0,96.0,95.0,98.0,99.0,5.08,5.43,6.75,7.74,16.57115173,60.34,57.68,53.11,60.31,45.95,96.0,98.0,99.0,99.0,99.0,71.149,71.344,70.331,70.862,71.674,68.324846,68.953819,66.592328,67.656439,69.33196,80.553624,80.699872,78.797421,79.759392,81.287468
Vanuatu,VUT,85.0,90.0,78.0,62.0,68.0,3.31753612,3.31453276,3.99482441,4.3733778,16.57115173,8.56911182,8.07740307,8.6599102,7.33175659,45.95,75.0,80.0,78.0,50.0,70.0,69.795,69.877,70.299,70.449,70.492,67.823748,67.831073,69.802151,69.503614,68.738929,77.449258,77.575293,77.597803,78.582965,78.624828
"Venezuela, RB",VEN,60.0,64.0,54.0,56.0,56.0,2.41691327,2.18563724,4.08657551,4.03775549,16.57115173,36.90224457,34.12151718,28.95287514,28.05523682,45.95,74.0,93.0,76.0,68.0,68.0,71.979,72.161,71.095,70.554,71.105,66.538065,66.907071,66.765276,65.629434,66.170857,83.33379,83.607734,82.270457,81.318393,82.058206
Viet Nam,VNM,75.0,89.0,94.0,83.0,91.0,5.02678823,4.97407484,4.30061865,4.59346437,16.57115173,44.58100891,45.11730576,42.71472549,40.01131821,45.95,97.0,95.0,97.0,89.0,88.0,73.976,74.093,75.378,73.618,74.58,71.5794,71.804559,74.778522,71.887031,72.68571,87.009594,87.140526,88.300898,86.817325,87.611841
Virgin Islands (U.S.),VIR,87.0,94.0,96.0,89.0,94.5,6.5775459456666665,6.585870426333334,6.489729436666666,6.513524100000001,16.57115173,35.74683447333334,36.06438672,33.93545919,32.356762866666664,45.95,98.0,97.0,98.0,93.5,92.5,79.5195122,79.66829268,79.8195122,80.06829268,80.3195122,71.127658,71.089708,70.905954,70.454289,71.144528,90.97967,90.996669,90.8412,90.429015,90.687645
West Bank and Gaza,PSE,99.0,99.0,98.0,95.0,98.0,8.128303661333334,8.197666012666668,8.678840223333333,8.43358383,16.57115173,26.91266003666667,27.01146768,25.15619289,24.70220752333333,45.95,99.0,99.0,99.0,98.0,97.0,74.793,75.241,74.403,73.473,73.444,78.183348,79.527347,77.592418,75.478294,75.344967,86.211108,86.508101,85.626418,84.575726,84.589328
World,WLD,86.66517389,86.75216395,83.62434849,81.77987659,84.58050209,9.679061377,9.809461599,10.86795101,10.35364356,16.57115173,18.0784856,17.95854864,16.37692659,17.04765218,45.95,86.4700651,86.25732458,83.83568428,81.90748417,83.544241,72.78303635,72.97902042,72.2425046,71.32715674,71.99635238,73.065493,73.34222776,71.66666497,69.52945011,70.86263212,81.70539249,81.9386455,80.77040672,79.02892635,79.98121202
"Yemen, Rep.",YEM,65.0,73.0,72.0,72.0,74.0,7.2245142285,8.2813932945,8.592074440000001,8.48890407,16.57115173,14.177194175,12.6054657,12.24529513,12.06297323,45.95,64.0,67.0,68.0,71.0,73.0,64.575,65.092,64.65,63.753,63.72,56.958525,58.778173,57.704862,55.648933,55.381005,73.003868,73.070303,71.396379,69.979677,70.121725
Zambia,ZMB,90.0,88.0,84.0,91.0,82.0,4.76996708,6.75332499,6.31619787,6.62416458,16.57115173,10.27590275,7.25238276,8.11366367,7.07829428,45.95,94.0,93.0,96.0,90.0,90.0,62.342,62.793,62.38,61.223,61.803,52.972947,53.729942,51.7564,48.067413,49.134736,64.420318,65.551864,64.511353,61.534912,62.604672
Zimbabwe,ZWE,89.0,90.0,86.0,88.0,90.0,4.67039156,3.23280239,2.95440149,2.78975058,16.57115173,8.79635429,9.08337116,10.40830708,10.2550621,45.95,88.0,85.0,85.0,88.0,90.0,61.414,61.292,61.124,59.253,59.391,47.657356,46.791842,44.917408,40.235315,41.037746,57.579551,57.729252,58.110161,54.30757,54.538231
