Country Name,Country Code,Compensation of employees (current LCU)_2018,Compensation of employees (current LCU)_2019,Compensation of employees (current LCU)_2020,Compensation of employees (current LCU)_2021,Compensation of employees (current LCU)_2022,"Unemployment, total (% of total labor force) (national estimate)_2018","Unemployment, total (% of total labor force) (national estimate)_2019","Unemployment, total (% of total labor force) (national estimate)_2020","Unemployment, total (% of total labor force) (national estimate)_2021","Unemployment, total (% of total labor force) (national estimate)_2022",Regulatory Quality: Estimate_2018,Regulatory Quality: Estimate_2019,Regulatory Quality: Estimate_2020,Regulatory Quality: Estimate_2021,Regulatory Quality: Estimate_2022
Afghanistan,AFG,,,,,,,,11.71,5.679,,-1.138203621,-1.113777995,-1.389163017,-1.311682105,-1.27180624
Albania,ALB,87921000000.0,91891090000.0,93065720000.0,101773000000.0,,12.304,11.466,11.69,11.474,,0.256079823,0.272065461,0.221967235,0.175859392,0.159353822
Algeria,DZA,450615750000.0,568703317500.0,191394600000.0,262877500000.0,,11.790166666666668,12.72375,11.651833333333332,12.55525,,-1.346901417,-1.388313293,-1.355300307,-1.181962967,-1.063573241
American Samoa,ASM,813310500000.0,1045515545000.0,289723480000.0,423982000000.0,,11.276333333333334,13.9815,11.613666666666669,13.6365,,-0.306241989,-0.325278997,0.525310516,0.534613013,0.545899749
Andorra,AND,1176005250000.0,1522327772500.0,388052360000.0,585086500000.0,,10.7625,15.23925,11.5755,14.71775,,1.187329054,1.221926212,1.335421324,1.359349608,1.398334026
Angola,AGO,1538700000000.0,1999140000000.0,486381240000.0,746191000000.0,,10.248666666666669,16.497,11.537333333333333,15.799,,-0.800683141,-0.833844543,-0.856853485,-0.670014679,-0.606698573
Antigua and Barbuda,ATG,962875000000.0,1265217500000.0,584710120000.0,907295500000.0,,9.734833333333334,13.17,11.499166666666667,12.2675,,0.401309967,0.470356703,0.497693717,0.374506027,0.289086968
Argentina,ARG,387050000000.0,531295000000.0,683039000000.0,1068400000000.0,1979200000000.0,9.221,9.843,11.461,8.736,6.805,-0.195977628,-0.4530797,-0.498344272,-0.631172717,-0.697565734
Armenia,ARM,275492000000.0,301264000000.0,315585000000.0,321384000000.0,343065000000.0,10.589,9.794,18.175,8.418,5.779333333333334,0.350590289,0.242604271,0.238748029,0.131828442,-0.019078802
Aruba,ABW,162738000000.0,177461000000.0,187641500000.0,190735500000.0,202132000000.0,7.9445,7.4765,12.3155,6.767,4.753666666666667,0.846328259,0.846234202,0.914808512,0.939555347,0.967042565
Australia,AUS,49984000000.0,53658000000.0,59698000000.0,60087000000.0,61199000000.0,5.3,5.159,6.456,5.116,3.728,1.896577239,1.864646077,1.813946962,1.831182718,1.894893289
Austria,AUT,16230830000.0,16706070000.0,17093290000.0,17675270000.0,18233660000.0,4.933,4.56,5.201,6.459,4.992,1.524036407,1.446407318,1.395227313,1.340415716,1.283199787
Azerbaijan,AZE,2765600000.0,3095000000.0,3534600000.0,3586900000.0,9486012010.5,4.9,5.0,7.24,6.04,5.65,-0.314388335,-0.223895654,-0.336040139,-0.065053962,-0.103344202
"Bahamas, The",BHS,728646000.0,712242000.0,760847005.0,700830937.0,738364021.0,10.0,9.336,6.6018,5.612,5.297666666666667,0.167803615,-0.05739595,0.001366154,0.061612576,-0.146485969
Bahrain,BHR,1447154802.0,1398864073.0,1389808924.0,298846415468.5,2380183138.25,9.440666666666669,9.028333333333334,5.9636000000000005,5.184,4.945333333333333,0.405416608,0.471980393,0.614857495,0.836070001,0.970633507
Bangladesh,BGD,514023000000.0,561967000000.0,579600000000.0,596992000000.0,4022002255.5,8.881333333333332,8.720666666666666,5.3254,4.756,4.593,-0.849186778,-0.937222183,-0.906213522,-0.846353292,-0.927658916
Barbados,BRB,259501985189.0,283630891836.5,292757257307.0,301778114300.0,5663821372.75,8.322,8.413,4.687200000000001,4.327999999999999,4.0835,0.531776667,0.398749411,0.467795849,0.550468504,0.476500303
Belarus,BLR,4980970378.0,5294783673.0,5914514614.0,6564228600.0,7305640490.0,4.763,4.165,4.049,3.9,3.574,-0.815192759,-0.673096418,-0.799875796,-0.92898792,-1.33121407
Belgium,BEL,9726000000.0,9958600000.0,10044000000.0,10365700000.0,11338600000.0,5.941,5.364,5.545,6.248,5.57,1.259039402,1.276537299,1.343635798,1.331859708,1.252955198
Belize,BLZ,9902992612.25,10574626250.0,11959544276.25,9212511361.5,10091285900.0,5.29325,9.053,5.41625,5.8870000000000005,3.6275,-0.666695118,-0.559759736,-0.550579548,-0.424278557,-0.43876633
Benin,BEN,10079985224.5,11190652500.0,13875088552.5,8059322723.0,8843971800.0,4.6455,1.214,5.2875,5.526,1.685,-0.39342612,-0.446330428,-0.483431756,-0.44798848,-0.348364651
Bermuda,BMU,10256977836.75,11806678750.0,15790632828.75,6906134084.5,7596657700.0,3.99775,1.967,5.15875,5.165,3.816,0.813936293,0.83512485,0.93036598,0.946981251,0.972116888
Bhutan,BTN,10433970449.0,12422705000.0,17706177105.0,5752945446.0,6349343600.0,3.35,2.72,5.03,4.804,5.947,-0.376959831,-0.359623849,-0.330750853,-0.405656159,-0.381970435
Bolivia,BOL,6660397420.0,7800503002.5,10530638941.0,4599756807.5,5102029500.0,3.519,3.682,7.903,5.089,3.552,-1.007106662,-1.001956344,-1.035290122,-1.16856575,-1.210536242
Bosnia and Herzegovina,BIH,2886824391.0,3178301005.0,3355100777.0,3446568169.0,3854715400.0,18.4,15.692,15.868,14.897,12.657,-0.14139466,-0.128735393,-0.18239288,-0.19508715,-0.157615319
Botswana,BWA,22085070000.0,26251930000.0,28699840000.0,29614820000.0,31777090000.0,15.364999999999998,20.094,21.017,23.106,23.615,0.62392962,0.498032212,0.527586281,0.600826502,0.621043563
Brazil,BRA,290565000000.0,305357000000.0,301641000000.0,309990000000.0,320344000000.0,12.33,11.936,13.697,13.159,9.231,-0.293125451,-0.121404096,-0.111011527,-0.121613994,-0.220437631
British Virgin Islands,VGB,195887118000.0,206133245000.0,203873687000.0,209837417000.0,217031295000.0,10.515,9.268,10.553,9.032,7.211,0.191809982,0.2517696995,0.396944959,0.4327606184999999,0.4233028964999999
Brunei Darussalam,BRN,101209236000.0,106909490000.0,106106374000.0,109684834000.0,113718590000.0,8.7,6.6,7.409,4.905,5.191,0.676745415,0.624943495,0.904901445,0.987135231,1.067043424
Bulgaria,BGR,6531354000.0,7685735000.0,8339061000.0,9532251000.0,10405885000.0,5.211,4.23,5.125,5.267,4.268,0.605752707,0.530806184,0.460990727,0.433977693,0.320686907
Burkina Faso,BFA,704542000000.0,840077000000.0,891111000000.0,942622000000.0,936818000000.0,4.695,1.56,3.0775,4.049250000000001,1.927,-0.40524897,-0.422923088,-0.482700348,-0.48016727,-0.468305677
Burundi,BDI,361986501852.0,420829000000.0,454099000000.0,480991000000.0,760136800000.0,8.432500000000001,6.424999999999999,1.03,2.8315,2.5976,-1.009911776,-0.991803586,-1.06177187,-1.0019871,-0.947485685
Cabo Verde,CPV,19431003704.0,21032772269.0,21700578859.0,4098035500000.0,583455600000.0,12.17,11.29,0.601,1.61375,3.2682,-0.036307488,-0.024774076,0.160896987,0.268863976,0.263682216
Cambodia,KHM,6994460000000.0,7872260000000.0,8357190000000.0,7715080000000.0,406774400000.0,10.059,0.499,0.172,0.396,3.9388,-0.536904514,-0.609220564,-0.661108851,-0.686099589,-0.709801018
Cameroon,CMR,1008010000000.0,1013410000000.0,1051990000000.0,1075000000000.0,230093200000.0,7.947999999999999,3.0945000000000005,4.914499999999999,3.275,4.609400000000001,-0.812619865,-0.847178757,-0.830199361,-0.934422612,-0.898889482
Canada,CAN,42476000000.0,43860000000.0,44939000000.0,51668000000.0,53412000000.0,5.837,5.69,9.657,7.527,5.28,1.699419856,1.710002422,1.592589736,1.613764048,1.677092791
Cayman Islands,CYM,51906000000.0,54456000000.0,58661645565.5,66437569805.0,2507629600000.0,4.269666666666667,6.0506,9.9124,7.877800000000001,5.8738,0.966315627,0.970051646,1.045568824,1.052494287,1.085572481
Central African Republic,CAF,61336000000.0,65052000000.0,72384291131.0,81207139610.0,4961847200000.0,2.7023333333333333,6.4112,10.1678,8.2286,6.467600000000001,-1.394326091,-1.383874416,-1.502297163,-1.509714484,-1.474184155
Chad,TCD,3121417333333.333,3311028000000.0,3586856194087.333,3940638093073.3335,7416064800000.0,1.135,6.771800000000001,10.4232,8.5794,7.061400000000001,-1.124444842,-1.124400854,-1.125309587,-1.171825171,-1.14935708
Channel Islands,CHI,6181498666666.667,6557004000000.0,7101328097043.667,7800069046536.667,9870282400000.0,4.379,7.1324000000000005,10.6786,8.930200000000001,7.655200000000001,0.0880037549999999,0.0170461535000001,-0.0883309244999999,-0.1177924575,-0.0854729709999999
Chile,CHL,9241580000000.0,9802980000000.0,10615800000000.0,11659500000000.0,12324500000000.0,7.623,7.493,10.934,9.281,8.249,1.300452352,1.158493161,0.948647738,0.936240256,0.978411138
China,CHN,23421190000000.0,21319940000000.0,24063200000000.0,25145300000000.0,27454900000000.0,4.93,5.15,5.61,5.11,9.398,-0.228585526,-0.304319978,-0.20264338,-0.332243532,-0.418417633
Colombia,COL,37600800000000.0,32836900000000.0,37510600000000.0,38631100000000.0,42585300000000.0,9.36,10.28,15.983,13.898,10.547,0.224889174,0.317910939,0.225666419,0.202144697,0.140449166
Comoros,COM,20152525000000.0,18215715000000.0,21134730000000.0,22042570000000.0,24581630000000.0,9.2725,10.41175,8.724499999999999,4.394,10.7415,-1.18982172,-1.19900012,-1.258211136,-1.271066189,-1.200538039
"Congo, Dem. Rep.",COD,2704250000000.0,3594530000000.0,4758860000000.0,5454040000000.0,6577960000000.0,9.185,10.5435,1.466,7.975666666666667,10.936,-1.488919735,-1.522064447,-1.511245608,-1.440397143,-1.47606945
"Congo, Rep.",COG,347180000000.0,331105000000.0,335639000000.0,343514000000.0,4930345000000.0,9.0975,10.67525,8.949,11.557333333333332,11.1305,-1.412853241,-1.292212963,-1.452166677,-1.233001828,-1.261431336
Costa Rica,CRI,3102620000000.0,3199230000000.0,3212920000000.0,3234030000000.0,3282730000000.0,9.01,10.807,16.432,15.139,11.325,0.476172715,0.544661999,0.477579594,0.438738018,0.567061722
Cote d'Ivoire,CIV,1483780000000.0,1560900000000.0,1670550000000.0,1694300000000.0,1829210000000.0,8.721,2.401,11.9695,11.3735,2.306,-0.254712522,-0.300067455,-0.381347746,-0.268797159,-0.152012959
Croatia,HRV,3068416000.0,3254667000.0,3412583000.0,3566976000.0,3771746339.0,8.432,6.617,7.507,7.608,6.96,0.489818364,0.552517653,0.362314552,0.493546575,0.502549887
Cuba,CUB,2804488859.333333,3008190623.333333,3165822848.0,3298223154.333333,3493127720.0,1.7,6.796333333333333,13.2885,7.576333333333333,6.909,-1.479342222,-1.505015373,-1.530463457,-1.454427838,-1.381859422
Curacao,CUW,2540561718.6666665,2761714246.6666665,2919062696.0,3029470308.6666665,3214509101.0,13.43,6.975666666666667,19.07,7.544666666666666,6.8580000000000005,-0.3083834945000001,-0.2526452839999999,-0.2686079145,-0.3045176565,-0.3040528
Cyprus,CYP,2276634578.0,2515237870.0,2672302544.0,2760717463.0,2935890482.0,8.504,7.155,7.755,7.513,6.807,0.862575233,0.999724805,0.993247628,0.845392525,0.773753822
Czechia,CZE,234308000000.0,253670000000.0,272339000000.0,284209000000.0,288152000000.0,2.246,2.015,2.551,2.803,2.224,1.267307997,1.235328674,1.234668493,1.340872288,1.385898352
Denmark,DNK,91193000000.0,93828000000.0,94637000000.0,101119000000.0,103257000000.0,5.131,5.018,5.637,5.043,4.434,1.628394127,1.547632575,1.785724521,1.795592904,1.843127489
Djibouti,DJI,146660666666.66666,155837000000.0,165648666666.6667,181201333333.3333,196810333333.3333,5.374333333333333,5.464,5.8,5.929333333333333,4.790666666666667,-0.74160254,-0.821162224,-0.857029617,-0.885837376,-0.899799407
Dominica,DMA,202128333333.3333,217846000000.0,236660333333.3333,261283666666.66663,290363666666.6666,5.617666666666667,5.91,5.963,6.815666666666667,5.147333333333333,0.125301272,0.151736706,0.268519282,0.28997007,0.341509432
Dominican Republic,DOM,257596000000.0,279855000000.0,307672000000.0,341366000000.0,383917000000.0,5.861,6.356,6.126,7.702,5.504,-0.028536692,-0.018773297,0.023165073,0.077950858,0.069547787
Ecuador,ECU,9500127311.0,9413772555.0,9154001081.0,9085544852.0,9240418162.0,3.53,3.812,6.127,4.552,3.761,-0.886888802,-0.796693981,-0.871133387,-0.719614744,-0.459721535
"Egypt, Arab Rep.",EGY,5924363655.5,5920986277.5,5876050540.5,6027322426.0,74375945441.33334,9.855,7.851,7.974,7.441,7.344,-0.804274797,-0.758563221,-0.571031153,-0.519896507,-0.713920832
El Salvador,SLV,2348600000.0,2428200000.0,2598100000.0,2969100000.0,139511472720.6667,4.006,4.17,5.008,4.327,2.999,-0.016186897,-0.037950449,-0.08524321,-0.363843024,-0.46272406
Equatorial Guinea,GNQ,175572000000.0,189437000000.0,195137000000.0,194784000000.0,204647000000.0,4.474666666666667,4.284666666666666,5.657333333333334,4.944,3.856333333333333,-1.655249238,-1.69174087,-1.714255929,-1.732519746,-1.493266106
Eritrea,ERI,88523539864.0,95520772782.0,98420944647.5,98302998044.0,103318625565.0,4.943333333333333,4.399333333333334,6.306666666666667,5.561,4.713666666666667,-2.193431616,-2.192136765,-2.15805459,-2.279725552,-2.369392633
Estonia,EST,1475079728.0,1604545564.0,1704889295.0,1821996088.0,1990251130.0,5.412,4.514,6.956,6.178,5.571,1.544832945,1.580124617,1.529534817,1.547994375,1.558964491
Eswatini,SWZ,8429007240.0,7943023536.0,8229668725.0,8228638153.0,34194404764.5,5.8018,4.950200000000001,7.1166,34.153,5.8006,-0.506258011,-0.531037092,-0.492181957,-0.602753639,-0.718993604
Ethiopia,ETH,27999508473.0,31569178387.0,38809065224.0,47194751365.0,66398558399.0,6.1916,5.3864,7.277200000000001,3.935,6.0302,-0.984722435,-0.910632014,-0.975501299,-0.941965938,-0.948417425
Faroe Islands,FRO,14488265560.8,16275134009.15,19868202985.55,24045297718.8,46746932509.0,6.5814,5.8226,7.4378,5.162333333333334,6.2598,-0.4725888315,-0.4385881685,-0.5388261675,-0.4736301644999999,-0.5043173135000001
Fiji,FJI,977022648.6,981089631.3,927340747.1,895844072.6,27095306619.0,6.9712,6.258800000000001,7.598400000000001,6.389666666666667,6.4894,0.039544772,0.033455677,-0.102151036,-0.005294391,-0.060217202
Finland,FIN,6122737768.0,6466298723.0,6713414264.0,7100503838.0,7443680729.0,7.361,6.695,7.759,7.617,6.719,1.779110193,1.840472221,1.850898266,1.887125611,1.77915287
France,FRA,135182000000.0,136738000000.0,138538000000.0,140721000000.0,146235000000.0,9.018,8.415,8.01,7.874,7.308,1.147498608,1.431537747,1.189461946,1.230373263,1.188952327
French Polynesia,PYF,418112500000.0,412843500000.0,410869000000.0,411554000000.0,110248025000.0,7.387666666666667,9.2025,8.940999999999999,7.018,6.4704,0.1288148465,0.2365544735,0.1538281735,0.2046231329999999,0.2433475554999999
Gabon,GAB,701043000000.0,688949000000.0,683200000000.0,682387000000.0,74261050000.0,5.757333333333333,9.989999999999998,9.872,6.162,5.6328,-0.889868915,-0.9584288,-0.881805599,-0.821126997,-0.702257216
"Gambia, The",GMB,351410650000.0,345403000000.0,342573750000.0,342242650000.0,38274075000.0,4.127,10.7775,10.803,5.306,4.7952,-0.673881352,-0.717234313,-0.759016037,-0.88969934,-0.714570105
Georgia,GEO,1778300000.0,1857000000.0,1947500000.0,2098300000.0,2287100000.0,12.667,11.565,11.734,4.45,3.9576,1.031990647,1.026524186,1.001167655,1.05341959,1.032308698
Germany,DEU,31510771802.0,33552487220.0,35597057452.0,37295440247.0,39190577515.0,3.384,3.163,3.881,3.594,3.12,1.756326795,1.714938879,1.577934742,1.625161171,1.522294998
Ghana,GHA,19612040673.0,22219027550.0,28268934890.0,31663289350.0,39434129753.0,8.649,7.790333333333333,7.886999999999999,7.281666666666666,3.084,-0.141936392,-0.185462952,-0.13057971,-0.215175912,-0.178818703
Gibraltar,GIB,18914235976.0,20223143155.0,23378041060.0,25094002603.5,29099682840.0,13.914,12.417666666666667,11.893,10.969333333333331,7.755000000000001,0.1300757675,0.1659314334999999,0.2029589715,0.1058638915,0.14278014
Greece,GRC,18216431279.0,18227258760.0,18487147230.0,18524715857.0,18765235927.0,19.179,17.045,15.899,14.657,12.426,0.402087927,0.517325819,0.536497653,0.426903695,0.464378983
Greenland,GRL,20064189242.25,20773085441.25,21324283686.5,21612523750.25,22140707283.75,16.6225,13.603000000000002,14.6815,11.53625,10.08225,1.359109879,1.347490788,1.375887871,1.358858824,1.203171611
Grenada,GRD,21911947205.5,23318912122.5,24161420143.0,24700331643.5,25516178640.5,14.066,10.161,13.464,8.4155,7.7385,-0.275289863,-0.293633938,-0.122246236,0.307351559,0.393730491
Guam,GUM,23759705168.75,25864738803.75,26998556599.5,27788139536.75,28891649997.25,8.1745,6.177,13.10957142857143,5.2947500000000005,5.39475,0.067150779,0.061522298,0.525310516,0.534613013,0.545899749
Guatemala,GTM,25607463132.0,28410565485.0,29835693056.0,30875947430.0,32267121354.0,2.283,2.193,12.755142857142856,2.174,3.051,-0.291999519,-0.33517915,-0.270502895,-0.327891737,-0.291810006
Guinea,GIN,512163539827.4286,44228161742.5,617412022619.4286,675022240654.2858,787596104017.7142,2.705,5.018,12.400714285714288,3.4404000000000003,2.8585000000000003,-0.80640924,-0.812190235,-0.878001869,-0.980414152,-1.050104618
Guinea-Bissau,GNB,998719616522.8572,60045758000.0,1204988352182.8572,1319168533878.5715,1542925086681.4285,3.127,2.413,12.046285714285714,4.7068,2.666,-1.243483424,-1.271798849,-1.286226392,-1.275529623,-1.321488976
Guyana,GUY,1485275693218.2856,808864606400.0,1792564681746.2856,1963314827102.8572,2298254069345.1426,13.627,13.172,11.691857142857144,5.9732,4.702,-0.540220737,-0.611618996,-0.536126554,-0.522020161,-0.527693391
Haiti,HTI,1971831769913.7144,1557683454800.0,2380141011309.7144,2607461120327.143,3053583052008.857,9.6375,9.435,11.337428571428571,7.239600000000001,6.738,-1.302295089,-1.315816402,-1.256036758,-1.339318514,-1.314384341
Honduras,HND,2458387846609.143,2306502303200.0,2967717340873.143,3251607413551.4287,3808912034672.5713,5.648,5.698,10.983,8.506,8.774,-0.448792905,-0.495705456,-0.49494037,-0.534852624,-0.485292733
"Hong Kong SAR, China",HKG,2944943923304.572,3055321151600.0,3555293670436.572,3895753706775.715,4564241017336.285,2.805,2.917,5.808,5.174,4.318,2.221291542,1.975533724,1.784205079,1.568099856,1.589801431
Hungary,HUN,3431500000000.0,3804140000000.0,4142870000000.0,4539900000000.0,5319570000000.0,3.709,3.419,4.25,4.045,3.609,0.563642383,0.592322171,0.469366848,0.48528415,0.406537682
Iceland,ISL,201491000000.0,217396000000.0,229724000000.0,244809000000.0,279760000000.0,2.704,3.507,5.478,6.029,3.789,1.408245683,1.362990022,1.443012118,1.527742386,1.307296515
India,IND,2669180000000.0,186431198000000.0,188773862000000.0,192552404500000.0,200092380000000.0,7.652,6.51,7.859,6.38,4.822,-0.225996733,-0.150565445,-0.128488675,-0.090854593,-0.050446417
Indonesia,IDN,343280000000000.0,372645000000000.0,377318000000000.0,384860000000000.0,399905000000000.0,4.387,3.59,4.255,3.827,3.462,-0.021816468,0.02895139,0.216156706,0.287561029,0.205959961
"Iran, Islamic Rep.",IRN,189176100000000.0,206116200000000.0,251552930669000.0,256581472208000.0,266612172465666.7,12.195,10.74,9.687,9.282,9.085,-1.395849705,-1.442500114,-1.485808253,-1.633865952,-1.592711329
Iraq,IRQ,35072200000000.0,39587400000000.0,125787861338000.0,128302944416000.0,133319344931333.34,8.968,7.845000000000001,7.654999999999999,16.173,6.793000000000001,-1.063863158,-1.096590996,-1.33956039,-1.12823391,-1.180485129
Ireland,IRL,20388357000.0,21748970000.0,22792007000.0,24416624000.0,26517397000.0,5.741,4.95,5.623,6.364,4.501,1.619364977,1.59087956,1.467447162,1.552541137,1.639560819
Isle of Man,IMN,66615178500.0,69473485000.0,70463003500.0,73436812000.0,78601198500.0,4.829,4.3405000000000005,4.896,5.588,4.098,1.4286551475,1.4303950075,1.350934327,1.376854837,1.4229242205
Israel,ISR,112842000000.0,117198000000.0,118134000000.0,122457000000.0,130685000000.0,3.917,3.731,4.169,4.812,3.695,1.237945318,1.269910455,1.234421492,1.201168537,1.206287622
Italy,ITA,100603000000.0,100011000000.0,99917021156.0,102503000000.0,108229000000.0,10.61,9.952,9.164,9.497,8.069,0.71514827,0.942923725,0.487740815,0.526738524,0.510931492
Jamaica,JAM,200125000000.0,195935000000.0,222996000000.0,2946451500000.0,2929064500000.0,5.47,4.987,6.501,5.188,4.083,0.129099026,0.084404744,0.042481516,0.184438393,0.190213531
Japan,JPN,5707500000000.0,5727200000000.0,5661800000000.0,5790400000000.0,5749900000000.0,2.467,2.351,2.809,2.828,2.6,1.3342278,1.314648986,1.347087026,1.369840145,1.438772559
Jordan,JOR,3790800000.0,4017000000.0,4146200000.0,3313032500000.0,4512400000.0,18.257,16.801,19.213,19.837,18.2,0.030843168,0.029683931,0.252726197,0.134313285,0.156793341
Kazakhstan,KAZ,567123000000.0,652999000000.0,755538000000.0,835665000000.0,3043090250.9,4.85,4.8,4.89,12.765,4.86,0.094623871,0.107311986,0.106146552,0.077017717,-0.011234054
Kenya,KEN,625963000000.0,686845000000.0,681171000000.0,773899000000.0,1573780501.7999997,4.5935,5.014,7.9305,5.693,4.35925,-0.265344054,-0.338947535,-0.517190576,-0.460586369,-0.38082996
Kiribati,KIR,79418376.38,83325580.6,82231429.21,103206876.9,104470752.7,4.337,8.557,10.971,5.008333333333333,3.8585,-0.662966728,-0.456636727,-0.430563331,-0.384524792,-0.261825949
"Korea, Dem. People's Rep.",PRK,24175489709188.188,25459841662790.3,26883641115714.605,27967051603438.45,28822852235376.348,4.0805,6.1515,7.451,4.323666666666666,3.35775,-2.384815216,-2.418767452,-2.370465994,-2.342786789,-2.3930161
"Korea, Rep.",KOR,48350900000000.0,50919600000000.0,53767200000000.0,55934000000000.0,57645600000000.0,3.824,3.746,3.931,3.639,2.857,1.093749762,1.05925858,1.024950743,1.092285156,1.145222545
Kosovo,XKX,32248886966666.664,33963691260000.0,35865079866666.67,37310977185501.67,38462097543333.33,27.761,25.069,25.459,20.392,12.093,-0.343168259,-0.387807816,-0.320575327,-0.288337767,-0.389362216
Kuwait,KWT,16146873933333.332,17007782520000.0,17962959733333.336,18687954371003.336,19278595086666.664,15.7155,14.682,15.0445,12.244,8.465,0.011418183,0.050189439,0.273751527,0.160742253,0.210080639
Kyrgyz Republic,KGZ,44860900000.0,51873780000.0,60839600000.0,64931556505.0,95092630000.0,3.67,4.295,4.63,4.096,4.837,-0.397319168,-0.392827451,-0.450061172,-0.625227749,-0.632588208
Lao PDR,LAO,10653500000000.0,10902700000000.0,11129200000000.0,11453300000000.0,12142900000000.0,5.541,5.3035,6.364000000000001,5.8045,1.209,-0.824817896,-0.756039798,-0.840734363,-0.90892607,-0.987142563
Latvia,LVA,2280785254.0,2488119020.0,2595814765.0,2936046181.0,3138175082.0,7.412,6.312,8.098,7.513,6.815,1.134443521,1.182479143,1.180404305,1.216103435,1.170886755
Lebanon,LBN,5598100000000.0,5611920000000.0,5579110000000.0,5497860000000.0,5029674067.0,7.2011666666666665,11.301,8.162833333333333,7.446166666666667,6.671833333333334,-0.454621404,-0.532850027,-0.768814564,-0.905129552,-1.132511377
Lesotho,LSO,5994685706.0,5891547965.0,6029660000.0,6130187159.0,6921173052.0,6.990333333333333,16.876,8.227666666666668,7.379333333333333,6.528666666666667,-0.555366874,-0.607284188,-0.669014096,-0.757836819,-0.615311503
Liberia,LBR,5076714855.5,5066743359.25,5244094084.75,5342377052.0,6037017179.0,6.7795000000000005,14.22075,8.2925,7.3125,6.3855,-0.989606023,-1.008153439,-1.038943887,-0.963078558,-0.980886161
Libya,LBY,4158744005.0,4241938753.5,4458528169.5,4554566945.0,5152861306.0,6.568666666666667,11.5655,8.357333333333333,7.245666666666667,6.242333333333334,-2.215218067,-2.30232048,-2.221005201,-1.967465401,-2.089348078
Liechtenstein,LIE,3240773154.5,3417134147.75,3672962254.25,3766756838.0,4268705433.0,6.357833333333334,8.91025,8.422166666666667,7.178833333333333,6.099166666666667,1.522567987,1.529857516,1.620551705,1.528091311,1.629348516
Lithuania,LTU,2322802304.0,2592329542.0,2887396339.0,2978946731.0,3384549560.0,6.147,6.255,8.487,7.112,5.956,1.093714833,1.146624088,1.080174565,1.270186067,1.298881292
Luxembourg,LUX,4050224812.0,4352031416.0,4790758317.0,5048281386.0,5464178859.0,5.589,5.592,6.766,5.571,4.588,1.749134064,1.685110092,1.838177085,1.906693339,1.83396697
"Macao SAR, China",MAC,20529734717.0,21797461798.0,23073049014.0,23392997581.0,23532364793.0,1.834,1.749,2.566,5.33825,3.887,1.606424332,1.620742798,1.737213492,1.777810216,1.82458806
Madagascar,MDG,2368880000000.0,2494610000000.0,2810460000000.0,2891420000000.0,3389960000000.0,2.3226666666666667,2.252666666666667,1.7365,5.105499999999999,3.186,-0.785894692,-0.78888917,-0.811572015,-0.836634576,-0.815499842
Malawi,MWI,331358000000.0,398846000000.0,473624000000.0,552891000000.0,772407000000.0,2.811333333333333,2.756333333333333,0.907,4.87275,3.558,-0.723060787,-0.749148667,-0.785046399,-0.801559806,-0.739736259
Malaysia,MYS,79988967837.0,80534388107.0,82996331516.0,85854000000.0,87789000000.0,3.3,3.26,4.54,4.64,3.93,0.575907409,0.547572374,0.66661346,0.714465439,0.64400661
Maldives,MDV,8260698938.0,8898575130.0,8842745611.0,9300180824.0,59122549775.66667,2.46,4.562,4.034,4.224666666666667,3.1585,-0.531163573,-0.551773667,-0.588554084,-0.613875866,-0.657294631
Mali,MLI,485767000000.0,528835000000.0,631061000000.0,5516039134.5,30456099551.333336,1.62,3.29,3.528,3.8093333333333335,2.387,-0.600795805,-0.623046398,-0.673809767,-0.634793401,-0.634121776
Malta,MLT,1355353796.0,1465920819.0,1551175344.0,1731897445.0,1789649327.0,3.658,3.616,4.347,3.394,2.921,1.327443004,0.938031852,1.210128903,0.801096201,0.674093783
Marshall Islands,MHL,48173000.0,50831695.0,50760000.0,15293401630.0,17671522181.333336,4.581,6.342,5.773666666666667,9.823,4.054666666666667,-0.797005653,-0.726854742,-0.670987487,-0.648921907,-0.394462466
Mauritania,MRT,19456164075.5,20055765847.5,20714671000.0,28854905815.0,33553395035.666668,5.504,10.416,7.200333333333334,8.771,5.1883333333333335,-0.865196943,-0.82778126,-0.894477546,-1.077205062,-1.062217236
Mauritius,MUS,38864155151.0,40060700000.0,41378582000.0,42416410000.0,49435267890.0,6.427,6.331,8.627,7.719,6.322,1.043949246,1.01627028,1.181130648,1.159215689,1.166106105
Mexico,MEX,381708000000.0,367052000000.0,399508000000.0,414150000000.0,439083000000.0,3.275,3.477,4.441,4.019,3.256,0.084375463,0.012595196,-0.012910045,-0.251374453,-0.148309499
"Micronesia, Fed. Sts.",FSM,20810972.0,23516711.0,22870385.0,210976900000.0,224053150000.0,2.2355,2.4715,2.8135,2.402,2.0765,-0.923807919,-0.902161479,-0.891345799,-0.711252928,-0.561271906
Moldova,MDA,6607100000.0,6465300000.0,7040600000.0,7803800000.0,9023300000.0,1.196,1.466,1.186,0.785,0.897,-0.032315399,-0.047521766,-0.010916068,0.003381098,0.101790711
Monaco,MCO,617828550000.0,743212650000.0,866320300000.0,673186900000.0,43706225000.0,3.2865,5.3675,3.89,4.266,3.5540000000000003,1.187329054,1.221926212,1.335421324,1.359349608,1.398334026
Mongolia,MNG,1229050000000.0,1479960000000.0,1725600000000.0,1338570000000.0,78389150000.0,5.377,9.269,6.594,7.747,6.211,0.008206715,-0.002527024,-0.108932532,-0.253772855,-0.270890504
Montenegro,MNE,676788000000.0,805675500000.0,929564500000.0,739513000000.0,113072075000.0,15.19,15.128,17.878,16.543,14.852,0.391958714,0.394997239,0.42420873,0.420747459,0.543230414
Morocco,MAR,124526000000.0,131391000000.0,133529000000.0,140456000000.0,147755000000.0,10.382333333333332,10.221,12.410666666666668,12.28,11.79,-0.259155303,-0.154595122,-0.047914837,-0.133877844,-0.086889654
Mozambique,MOZ,96464750020.0,112837000000.0,124441000000.0,139193000000.0,194447000000.0,5.5746666666666655,5.314,6.943333333333333,10.474,10.412666666666668,-0.796630502,-0.780855536,-0.772882998,-0.796027064,-0.726218462
Myanmar,MMR,1680910000000.0,3409850000000.0,77016365000.0,84701500000.0,112959535000.0,0.767,0.407,1.476,8.668,9.035333333333332,-0.750430942,-0.753546059,-0.621483266,-1.118521333,-1.235084057
Namibia,NAM,29317394451.0,29584048377.0,29591730000.0,30210000000.0,31472070000.0,19.877,1.15,2.062,6.862,7.657999999999999,-0.000688285,-0.00030195,0.0099776,-0.021197058,-0.015001387
Nauru,NRU,56352661.71,65759159.25,65397808.65,74669000000.0,30271121601.666668,14.528666666666666,1.893,2.648,5.056,6.280666666666666,-0.135701671,-0.139852852,-0.083867647,-0.0707452,0.019245401
Nepal,NPL,111484000000.0,99935814000.0,117837000000.0,119128000000.0,29070173203.33333,9.180333333333332,2.636,3.234,4.6325,4.903333333333332,-0.775707901,-0.735730886,-0.735240161,-0.642471373,-0.650234938
Netherlands,NLD,21671507210.0,22943879987.0,24154127283.0,25128176417.0,27869224805.0,3.832,3.379,3.82,4.209,3.526,2.013643742,1.84916997,1.748252153,1.73918283,1.712272048
New Caledonia,NCL,23379704806.666668,24500419991.33333,25449951522.0,26549517611.33333,29054883203.33333,11.702,10.881,13.558,3.9925,10.71,2.0072517395,1.8600936535,1.8113500475,1.770912826,1.7887325285
New Zealand,NZL,25087902403.33333,26056959995.666668,26745775761.0,27970858805.666668,30240541601.666668,4.335,4.109,4.595,3.776,3.297,2.000859737,1.871017337,1.874447942,1.802642822,1.865193009
Nicaragua,NIC,26796100000.0,27613500000.0,28041600000.0,29392200000.0,31426200000.0,5.2,2.3205,7.59,6.78225,1.8575,-0.731356859,-0.714432657,-0.679826021,-0.852285445,-0.914733768
Niger,NER,26517506386.0,27541097067.0,28445743997.0,29801500000.0,75312760000.0,10.536,0.532,10.585,9.7885,0.418,-0.682929277,-0.724168777,-0.798238993,-0.760396123,-0.720803857
Nigeria,NGA,26238912772.0,27468694134.0,28849887994.0,30210800000.0,119199320000.0,15.872,10.695,13.579999999999998,12.79475,3.821,-0.878198743,-0.940476418,-1.024434328,-0.944378197,-1.155944705
North Macedonia,MKD,25960319158.0,27396291201.0,29254031991.0,30620100000.0,163085880000.0,21.208,17.414,16.575,15.801,14.477,0.515392661,0.441836089,0.435726047,0.405005574,0.452958882
Northern Mariana Islands,MNP,116380659579.0,121229145600.5,126169515995.5,133721050000.0,206972440000.0,12.5045,10.549,10.4995,10.08,8.854,1.1497904660000002,1.119865045,1.064997852,1.016806364,0.9845491945
Norway,NOR,206801000000.0,215062000000.0,223085000000.0,236822000000.0,250859000000.0,3.801,3.684,4.424,4.359,3.231,1.784188271,1.797894001,1.694269657,1.628607154,1.516139507
Oman,OMN,137882191576.6667,143389846987.6667,148739124000.0,178598494462.0,201313988604.8,1.8,4.257,2.94,1.9,3.3,0.160653666,0.275505722,0.444364667,0.315641969,0.432644993
Pakistan,PAK,68963383153.33334,71717693975.33334,74393248000.0,120374988924.0,151768977209.6,4.083,4.83,1.8525,6.338,4.960333333333334,-0.667998254,-0.687235057,-0.764765918,-0.761585534,-0.886412621
Palau,PLW,44574730.0,45540963.0,47372000.0,62151483386.0,102223965814.40002,4.698,5.6195,0.765,8.3155,6.620666666666667,0.106942423,0.465048999,0.547488928,0.531117499,0.442982525
Panama,PAN,3149970203.0,3363546756.0,3559259163.0,3927977848.0,52678954419.20001,5.313,6.409,18.548,10.293,8.281,0.385193199,0.380994022,0.322711378,0.177574456,0.127132148
Papua New Guinea,PNG,2676828459.0,2632839654.0,2671513823.0,2986991718.0,3133943024.0,5.765,6.502,13.047999999999998,8.802,2.689,-0.528640509,-0.543229759,-0.683947444,-0.829443157,-0.682209134
Paraguay,PRY,17214400000000.0,18507400000000.0,19667900000000.0,20042200000000.0,21227400000000.0,6.217,6.595,7.548,7.311,6.755,-0.089519158,-0.137215763,-0.139662296,-0.222117677,-0.169901669
Peru,PER,24356116032.0,25153714925.0,26445303876.0,26772383324.0,11304300000000.0,3.492,3.379,7.179,5.097,4.291,0.44338277,0.517202258,0.471264184,0.063778646,0.20857498
Philippines,PHL,987235000000.0,1115040000000.0,1178000000000.0,1288700000000.0,1381200000000.0,2.338,2.237,2.522,3.398,2.598,0.028766409,0.10019961,0.113156676,0.062373228,0.062785596
Poland,POL,95619000000.0,105615000000.0,113375000000.0,122104000000.0,135346000000.0,3.835,3.267,3.155,3.268,2.811,0.874214768,1.013511658,0.850681961,0.831825614,0.71730566
Portugal,PRT,17149371046.0,17935600388.0,18438887141.0,19264350537.0,19625297275.0,6.994,6.464,6.801,6.577,6.011,0.874975383,0.957910359,0.822069168,0.724131644,0.762673318
Puerto Rico,PRI,35543378162.66667,40378574881.0,42159007220.33333,43188134388.33333,45403627477.66667,9.2,8.3,3.4705,7.9,6.0,0.937738717,0.722416639,0.7840482,0.826616287,0.84851265
Qatar,QAT,53937385279.333336,62821549374.0,65879127299.66666,67111918239.66666,71181957680.33334,0.11,0.1,0.14,0.14,0.13,0.587529361,0.668833852,0.841679335,0.856976271,0.870516777
Romania,ROU,72331392396.0,85264523867.0,89599247379.0,91035702091.0,96960287883.0,4.187,3.912,5.035,5.59,5.614,0.406415403,0.443314433,0.346217543,0.292271405,0.364533067
Russian Federation,RUS,3844830000000.0,4147230000000.0,4411060000000.0,60800523015.96666,72748277069.425,4.871,4.513,5.62,4.749,3.867,-0.562712371,-0.47659722,-0.483847022,-0.542337775,-1.141972661
Rwanda,RWA,300209000000.0,299660000000.0,326917000000.0,30565343940.933327,48536266255.85,10.759,11.236,11.829,15.775,15.084,0.033973776,-0.01019153,-0.000359975,0.061051052,0.162929788
Samoa,WSM,272042743.1,290881912.2,315267300.5,330164865.9,24324255442.274998,9.2945,9.388,9.5295,11.0575,5.048,-0.141316265,-0.260609269,-0.208590478,-0.219749257,-0.272904605
San Marino,SMR,113943302.0,111317872.0,103024680.0,109167291.0,112244628.7,7.83,7.54,7.23,6.34,4.91,0.440543503,0.448323607,0.525310516,0.534613013,0.545899749
Sao Tome and Principe,STP,241827971651.0,252570658936.0,247404512340.0,247914583645.5,256668122314.35,6.9295,6.588,7.445,6.4805,5.2495,-0.909116745,-0.967672408,-0.974100471,-0.947238505,-0.890242934
Saudi Arabia,SAU,483542000000.0,505030000000.0,494706000000.0,495720000000.0,513224000000.0,6.029,5.636,7.66,6.621,5.589,-0.090882264,-0.088528037,0.24940148,0.323760301,0.418585479
Senegal,SEN,850441000000.0,863773000000.0,1019930000000.0,1099340000000.0,1379900000000.0,9.381,2.863,8.3355,8.232,2.837,-0.147642568,-0.175264254,-0.294217169,-0.322730869,-0.296521306
Serbia,SRB,174454000000.0,199380000000.0,215822000000.0,232941000000.0,250265000000.0,12.733,10.395,9.011,9.843,8.439,0.099695772,0.097264789,0.080396354,0.035520174,0.137092441
Seychelles,SYC,2596233900.0,2672021697.0,3039613100.0,161873177470.3333,173806752873.0,3.528,2.966,4.311,8.108666666666666,6.823,0.019313708,0.028845681,0.021038041,0.006211027,0.327582836
Sierra Leone,SLE,10571697544.5,10226032694.5,10378989282.5,90805354940.66666,97348505746.0,3.193,3.0330000000000004,4.2055,6.3743333333333325,5.207000000000001,-0.918371916,-0.916900396,-0.90462321,-0.98027122,-1.055577874
Singapore,SGP,18547161189.0,17780043692.0,17718365465.0,19737532411.0,20890258619.0,4.31,3.1,4.1,4.64,3.591,2.121737957,2.154437542,2.205299139,2.22689867,2.214378357
Sint Maarten (Dutch part),SXM,11725289638.0,11697819010.0,11941348842.0,13216212212.5,13830258477.0,5.427,4.4305,5.4095,5.767,4.867,1.4600251315,1.576009333,1.490016252,1.5469281075,1.5323156715
Slovak Republic,SVK,4903418087.0,5615594328.0,6164332219.0,6694892014.0,6770258335.0,6.544,5.761,6.719,6.894,6.143,0.798312306,0.997581124,0.774733365,0.866957545,0.850252986
Slovenia,SVN,3255196000.0,3518870000.0,3906108000.0,4180914000.0,4112617000.0,5.108,4.446,4.971,4.744,4.011,0.642297328,0.997022331,0.912210226,0.822128713,0.694944024
Solomon Islands,SLB,1322078494.0,1392747910.0,1467315350.0,1354523253.0,1635950527.0,12.374,11.637,13.053,14.498333333333331,13.763333333333335,-0.847762167,-0.835665345,-0.832646549,-0.847071648,-0.766386211
Somalia,SOM,143883276.4,162805895.9,223558736.1,145241761626.5,148298975263.5,19.64,18.828,21.135,24.252666666666663,23.515666666666668,-2.08894062,-2.148591757,-1.953612566,-1.836232662,-1.900155783
South Africa,ZAF,257407000000.0,272360000000.0,273747000000.0,289129000000.0,294962000000.0,26.906,28.468,29.217,34.007,33.268,-0.040778168,0.008505391,0.020494822,-0.090708636,-0.185125753
South Sudan,SSD,140167000000.0,148129500000.0,149131500000.0,157138500000.0,160553000000.0,21.0805,21.2865,22.3745,24.394,23.0925,-2.035826683,-1.984623671,-2.010436773,-2.004423141,-2.103992701
Spain,ESP,22927000000.0,23899000000.0,24516000000.0,25148000000.0,26144000000.0,15.255,14.105,15.532,14.781,12.917,0.938154161,1.037264585,0.755449116,0.797288954,0.797074437
Sri Lanka,LKA,626045000000.0,686452000000.0,794158000000.0,845680000000.0,956210000000.0,4.318,4.67,5.365,4.981,4.528,-0.217681855,-0.232445598,-0.225914791,-0.38943544,-0.653642833
St. Kitts and Nevis,KNA,556764428571.4286,609490571428.5714,227900000.0,748340428571.4286,844169285714.2858,11.8235,10.1415,15.295,12.7475,10.230999999999998,0.49864164,0.486974269,0.514629245,0.53940779,0.58444494
St. Lucia,LCA,487483857142.8572,532529142857.1428,26158083333.33333,651000857142.8572,732128571428.5714,19.329,15.613,25.225,20.514,15.934,0.337109506,0.300285727,0.372113407,0.383640796,0.439211994
St. Martin (French part),MAF,418203285714.2857,455567714285.7143,52088266666.66666,553661285714.2856,620087857142.8572,16.7362,13.857,21.8382,18.1556,13.132666666666664,0.320835173,0.2875219435,0.3587756905,0.3636132629999999,0.3940398095
St. Vincent and the Grenadines,VCT,348922714285.7143,378606285714.2857,78018450000.0,456321714285.7143,508047142857.1429,14.1434,12.101,18.4514,15.7972,10.331333333333331,0.30456084,0.27475816,0.345437974,0.34358573,0.348867625
Sudan,SDN,279642142857.1429,301644857142.8571,103948633333.33331,358982142857.1429,396006428571.4286,11.5506,10.345,15.064600000000002,13.4388,7.53,-1.644064665,-1.669680119,-1.570901155,-1.476986885,-1.581311107
Suriname,SUR,210361571428.5714,224683428571.4286,129878816666.66666,261642571428.5714,283965714285.7144,8.9578,8.589,11.6778,11.0804,7.461,-0.668974459,-0.701412082,-0.795015275,-0.721502066,-0.789872885
Sweden,SWE,141081000000.0,147722000000.0,155809000000.0,164303000000.0,171925000000.0,6.365,6.833,8.291,8.722,7.392,1.825504899,1.793261528,1.678616405,1.745321631,1.681576967
Switzerland,CHE,7891187808.0,8128426689.0,8387309005.0,8513034497.0,8626032327.0,4.713,4.394,4.817,5.013,4.122,1.791235805,1.65198791,1.584892631,1.723315477,1.620113015
Syrian Arab Republic,SYR,1318414125205.3333,209768820016.75,1583128206003.3333,5636632840.0,5885474710.0,3.72625,3.4745,4.138333333333334,4.0635,3.3265,-1.759668589,-1.77942121,-1.891613841,-1.646809816,-1.823899746
Tajikistan,TJK,2628937062602.6665,411409213344.5,3157869103001.6665,2760231183.0,3144917093.0,2.7395,2.555,3.459666666666667,3.114,2.531,-1.100579858,-1.061833382,-1.072057724,-1.154771566,-1.197977424
Tanzania,TZA,3939460000000.0,613049606672.25,4732610000000.0,5066100000000.0,4707140000000.0,1.7527499999999998,1.6355000000000004,2.781,2.1645,1.7355,-0.640993357,-0.668204069,-0.689335167,-0.640137732,-0.563533366
Thailand,THA,807131000000.0,814690000000.0,823539000000.0,815750000000.0,818231000000.0,0.766,0.716,1.099,1.215,0.94,-0.044096656,-0.021945093,0.063660756,0.083535075,0.165019408
Timor-Leste,TLS,187334276.9,212672593.8,220431990.2,255162177.2,247619009.6,1.26,1.376,1.87575,2.344,1.537,-0.792416215,-0.775254309,-0.763640761,-0.777108014,-0.472811252
Togo,TGO,200243000000.0,217782000000.0,237963000000.0,249071000000.0,252288000000.0,1.754,2.036,2.6525,2.2275,1.965,-0.70613569,-0.744945109,-0.664301932,-0.646790862,-0.562867999
Tonga,TON,127548253.1,134508663.1,148683445.5,307857500000.0,401263750000.0,2.248,2.7795,3.429250000000001,2.111,3.1740000000000004,-0.362755716,-0.319078892,-0.380405098,-0.315788686,-0.347820729
Trinidad and Tobago,TTO,91793698835.4,114218005775.4,133582788963.66669,366644000000.0,550239500000.0,8.8535,3.523,4.206,4.446,4.383,-0.131842151,-0.192311719,-0.177748173,-0.095458128,-0.074092187
Tunisia,TUN,183459849417.7,228301502887.7,267016894481.8333,425430500000.0,699215250000.0,15.459,17.153,8.677,8.2075,15.301,-0.494956315,-0.385123879,-0.303489238,-0.400296509,-0.414175898
Turkiye,TUR,275126000000.0,342385000000.0,400451000000.0,484217000000.0,848191000000.0,10.956,13.73,13.148,11.969,10.465,0.016247209,-0.02041775,-0.024792725,-0.10066618,-0.244638905
Turkmenistan,TKM,947522000000.0,1130256250000.0,1296513250000.0,1482542750000.0,1809943250000.0,10.5246,10.93825,12.4134,9.83225,9.416,-2.00086236,-2.029188871,-2.054598331,-2.030894041,-2.067060709
Turks and Caicos Islands,TCA,1619918000000.0,1918127500000.0,2192575500000.0,2480868500000.0,2771695500000.0,10.0932,8.1465,11.6788,7.6955,8.366999999999999,-1.235852033,-1.2162936775,-1.1859800665,-1.1617266835,-1.106012173
Tuvalu,TUV,2292314000000.0,2705998750000.0,3088637750000.0,3479194250000.0,3733447750000.0,9.6618,5.354750000000001,10.9442,5.55875,7.318,-0.470841706,-0.403398484,-0.317361802,-0.292559326,-0.144963637
Uganda,UGA,2964710000000.0,3493870000000.0,3984700000000.0,4477520000000.0,4695200000000.0,9.2304,2.563,10.2096,3.422,5.836333333333333,-0.286415815,-0.41451624,-0.482214451,-0.490780681,-0.490339339
Ukraine,UKR,171258000000.0,210073000000.0,240542000000.0,262777000000.0,994440000000.0,8.799,8.194,9.475,9.834,4.354666666666667,-0.256266981,-0.216642439,-0.266943336,-0.290212572,-0.331597328
United Arab Emirates,ARE,21780086024.0,22458812527.0,22909555017.0,21597080634.0,21510965894.0,2.236,2.331,4.294,3.105,2.873,0.91985476,0.96813792,1.074331045,1.006122708,1.034780741
United Kingdom,GBR,126952000000.0,133338000000.0,144837000000.0,151025000000.0,161685000000.0,4.12,3.613,4.472,4.826,3.73,1.769423246,1.612857223,1.474023938,1.452374935,1.566510081
United States,USA,346967000000.0,358612000000.0,375631000000.0,393627000000.0,407481000000.0,3.896,3.669,8.055,5.349,3.65,1.613139987,1.33457458,1.238437533,1.440957189,1.424439907
Uruguay,URY,155444000000.0,175244000000.0,188613000000.0,17175463500000.0,407481000000.0,8.336,8.836,10.413,9.328,7.877,0.623031616,0.613631606,0.687180042,0.719142973,0.713579416
Uzbekistan,UZB,6438780000000.0,6553770000000.0,26785400000000.0,33957300000000.0,407481000000.0,9.35,8.98,5.293,7.59225,6.2885,-1.138668895,-1.055322766,-0.999216437,-0.595436335,-0.55031544
Vanuatu,VUT,12586079798.0,14279852752.0,15471300000.0,17168646192.0,407481000000.0,6.620333333333333,5.445,4.046,5.8565,4.699999999999999,-0.434423208,-0.425862521,-0.379000276,-0.108174562,-0.090816133
"Venezuela, RB",VEN,9928546984.75,11235713285.5,12173612791.25,13533628803.25,407481000000.0,3.8906666666666654,3.563,7.53,4.120749999999999,3.1114999999999995,-2.386736393,-2.38258338,-2.267459154,-2.215185881,-2.045843363
Viet Nam,VNM,7271014171.5,8191573819.0,8875925582.5,9898611414.5,407481000000.0,1.161,1.681,2.103,2.385,1.523,-0.37249127,-0.3752608,-0.236916333,-0.404661357,-0.429956317
Virgin Islands (U.S.),VIR,4613481358.25,5147434352.5,5578238373.75,6263594025.75,407481000000.0,13.7085,13.5105,13.999,14.3875,12.9715,0.813936293,1.221926212,1.335421324,1.359349608,1.398334026
West Bank and Gaza,PSE,1955948545.0,2103294886.0,2280551165.0,2628576637.0,407481000000.0,26.256,25.34,25.895,26.39,24.42,0.000736609,0.001692488,0.054560505,-0.05932036,-0.036869179
World,WLD,8293689233.0,8846582119.333332,10631691608.0,12114334113.666666,407481000000.0,5.978885505,5.864179884,6.715824355,6.206631807,18.278333333333336,-0.81811928,-0.850487672,-0.901480574,-1.050001815,-0.977209454
"Yemen, Rep.",YEM,14631429921.0,15589869352.666666,18982832051.0,21600091590.33333,407481000000.0,5.5059427525,5.703089942,6.3744121775,5.7028159035,12.136666666666668,-1.636975169,-1.702667832,-1.857521653,-2.04068327,-1.917549729
Zambia,ZMB,20969170609.0,22333156586.0,27333972494.0,31085849067.0,407481000000.0,5.033,5.542,6.033,5.199,5.995,-0.52729851,-0.613412023,-0.687793911,-0.570348263,-0.52905792
Zimbabwe,ZWE,2796105915.0,22333156586.0,27333972494.0,31085849067.0,407481000000.0,5.033,7.373,6.033,9.54,10.087,-1.525652409,-1.486515284,-1.43441534,-1.386109114,-1.425967336
